-- --------------------------------------------------------
-- Host:                         C:\Users\alhayat\Music\certificate_manager\certificate_manager.db
-- Server version:               3.51.0
-- Server OS:                    
-- HeidiSQL Version:             12.17.0.7270
-- --------------------------------------------------------

/*!40101 SET @OLD_CHARACTER_SET_CLIENT=@@CHARACTER_SET_CLIENT */;
/*!40101 SET NAMES  */;
/*!40103 SET @OLD_TIME_ZONE=@@TIME_ZONE */;
/*!40103 SET TIME_ZONE='+00:00' */;
/*!40014 SET @OLD_FOREIGN_KEY_CHECKS=@@FOREIGN_KEY_CHECKS, FOREIGN_KEY_CHECKS=0 */;
/*!40101 SET @OLD_SQL_MODE=@@SQL_MODE, SQL_MODE='NO_AUTO_VALUE_ON_ZERO' */;
/*!40111 SET @OLD_SQL_NOTES=@@SQL_NOTES, SQL_NOTES=0 */;


-- Dumping database structure for certificate_manager
CREATE DATABASE IF NOT EXISTS "certificate_manager";
;

-- Dumping structure for table certificate_manager.academic_periods
CREATE TABLE IF NOT EXISTS academic_periods (
        id              INTEGER PRIMARY KEY AUTOINCREMENT,
        student_id      INTEGER NOT NULL REFERENCES students(id)
                                         ON UPDATE CASCADE ON DELETE CASCADE,
        academic_year   TEXT    NOT NULL CHECK(length(academic_year) = 9),
        study_system_id INTEGER NOT NULL REFERENCES study_systems(id)
                                         ON UPDATE CASCADE ON DELETE RESTRICT,
        stage_number    INTEGER NOT NULL,
        passed_round    TEXT    NOT NULL CHECK(passed_round IN ('first', 'second')),
        UNIQUE(student_id, stage_number, academic_year)
    );
;
CREATE INDEX idx_periods_student
        ON academic_periods(student_id);
CREATE INDEX idx_periods_student_stage
        ON academic_periods(student_id, stage_number);

-- Dumping data for table certificate_manager.academic_periods: 250 rows
DELETE FROM "academic_periods";
INSERT INTO "academic_periods" ("id", "student_id", "academic_year", "study_system_id", "stage_number", "passed_round") VALUES
	(1251, 10, '2014-2015', 2, 1, 'first'),
	(1252, 10, '2015-2016', 2, 1, 'first'),
	(1253, 10, '2016-2017', 2, 1, 'first'),
	(1254, 10, '2018-2019', 2, 1, 'first'),
	(1255, 10, '2017-2018', 2, 1, 'first'),
	(1256, 12, '2014-2015', 2, 1, 'first'),
	(1257, 12, '2015-2016', 2, 1, 'first'),
	(1258, 12, '2016-2017', 2, 1, 'first'),
	(1259, 12, '2017-2018', 2, 1, 'first'),
	(1260, 12, '2018-2019', 2, 1, 'first'),
	(1261, 14, '2015-2016', 2, 1, 'first'),
	(1262, 14, '2014-2015', 2, 1, 'first'),
	(1263, 14, '2016-2017', 2, 1, 'first'),
	(1264, 14, '2018-2019', 2, 1, 'first'),
	(1265, 14, '2017-2018', 2, 1, 'first'),
	(1266, 15, '2015-2016', 2, 1, 'first'),
	(1267, 15, '2014-2015', 2, 1, 'first'),
	(1268, 15, '2016-2017', 2, 1, 'first'),
	(1269, 15, '2017-2018', 2, 1, 'first'),
	(1270, 15, '2018-2019', 2, 1, 'first'),
	(1271, 16, '2014-2015', 2, 1, 'first'),
	(1272, 16, '2015-2016', 2, 1, 'first'),
	(1273, 16, '2016-2017', 2, 1, 'first'),
	(1274, 16, '2017-2018', 2, 1, 'first'),
	(1275, 16, '2018-2019', 2, 1, 'first'),
	(1276, 18, '2014-2015', 2, 1, 'first'),
	(1277, 18, '2015-2016', 2, 1, 'first'),
	(1278, 18, '2016-2017', 2, 1, 'first'),
	(1279, 18, '2018-2019', 2, 1, 'first'),
	(1280, 18, '2017-2018', 2, 1, 'first'),
	(1281, 6, '2014-2015', 2, 1, 'first'),
	(1282, 6, '2015-2016', 2, 1, 'first'),
	(1283, 6, '2016-2017', 2, 1, 'first'),
	(1284, 6, '2017-2018', 2, 1, 'first'),
	(1285, 6, '2018-2019', 2, 1, 'first'),
	(1286, 23, '2014-2015', 2, 1, 'first'),
	(1287, 23, '2015-2016', 2, 1, 'first'),
	(1288, 23, '2016-2017', 2, 1, 'first'),
	(1289, 23, '2017-2018', 2, 1, 'first'),
	(1290, 20, '2015-2016', 2, 1, 'first'),
	(1291, 20, '2014-2015', 2, 1, 'first'),
	(1292, 20, '2016-2017', 2, 1, 'first'),
	(1293, 20, '2017-2018', 2, 1, 'first'),
	(1294, 26, '2014-2015', 2, 1, 'first'),
	(1295, 26, '2015-2016', 2, 1, 'first'),
	(1296, 26, '2017-2018', 2, 1, 'first'),
	(1297, 26, '2016-2017', 2, 1, 'first'),
	(1298, 27, '2015-2016', 2, 1, 'first'),
	(1299, 27, '2014-2015', 2, 1, 'first'),
	(1300, 27, '2016-2017', 2, 1, 'first'),
	(1301, 27, '2017-2018', 2, 1, 'first'),
	(1302, 27, '2018-2019', 2, 1, 'first'),
	(1303, 35, '2014-2015', 2, 1, 'first'),
	(1304, 35, '2015-2016', 2, 1, 'first'),
	(1305, 35, '2016-2017', 2, 1, 'first'),
	(1306, 35, '2018-2019', 2, 1, 'first'),
	(1307, 35, '2017-2018', 2, 1, 'first'),
	(1308, 36, '2015-2016', 2, 1, 'first'),
	(1309, 36, '2014-2015', 2, 1, 'first'),
	(1310, 36, '2017-2018', 2, 1, 'first'),
	(1311, 36, '2016-2017', 2, 1, 'first'),
	(1312, 36, '2018-2019', 2, 1, 'first'),
	(1313, 37, '2014-2015', 2, 1, 'first'),
	(1314, 37, '2015-2016', 2, 1, 'first'),
	(1315, 37, '2016-2017', 2, 1, 'first'),
	(1316, 37, '2019-2020', 2, 1, 'first'),
	(1317, 37, '2018-2019', 2, 1, 'first'),
	(1318, 37, '2017-2018', 2, 1, 'first'),
	(1319, 39, '2014-2015', 2, 1, 'first'),
	(1320, 39, '2015-2016', 2, 1, 'first'),
	(1321, 39, '2016-2017', 2, 1, 'first'),
	(1322, 39, '2017-2018', 2, 1, 'first'),
	(1323, 43, '2014-2015', 2, 1, 'first'),
	(1324, 43, '2015-2016', 2, 1, 'first'),
	(1325, 43, '2016-2017', 2, 1, 'first'),
	(1326, 43, '2017-2018', 2, 1, 'first'),
	(1327, 43, '2018-2019', 2, 1, 'first'),
	(1328, 55, '2014-2015', 2, 1, 'first'),
	(1329, 55, '2015-2016', 2, 1, 'first'),
	(1330, 55, '2016-2017', 2, 1, 'first'),
	(1331, 55, '2017-2018', 2, 1, 'first'),
	(1332, 17, '2015-2016', 2, 1, 'first'),
	(1333, 17, '2014-2015', 2, 1, 'first'),
	(1334, 17, '2016-2017', 2, 1, 'first'),
	(1335, 17, '2017-2018', 2, 1, 'first'),
	(1336, 17, '2018-2019', 2, 1, 'first'),
	(1337, 91, '2014-2015', 2, 1, 'first'),
	(1338, 91, '2015-2016', 2, 1, 'first'),
	(1339, 91, '2016-2017', 2, 1, 'first'),
	(1340, 91, '2017-2018', 2, 1, 'first'),
	(1341, 91, '2018-2019', 2, 1, 'first'),
	(1342, 88, '2014-2015', 2, 1, 'first'),
	(1343, 88, '2015-2016', 2, 1, 'first'),
	(1344, 88, '2016-2017', 2, 1, 'first'),
	(1345, 88, '2017-2018', 2, 1, 'first'),
	(1346, 44, '2014-2015', 2, 1, 'first'),
	(1347, 44, '2015-2016', 2, 1, 'first'),
	(1348, 44, '2016-2017', 2, 1, 'first'),
	(1349, 44, '2017-2018', 2, 1, 'first'),
	(1350, 22, '2013-2014', 2, 1, 'first'),
	(1351, 22, '2015-2016', 2, 1, 'first'),
	(1352, 22, '2014-2015', 2, 1, 'first'),
	(1353, 22, '2017-2018', 2, 1, 'first'),
	(1354, 22, '2016-2017', 2, 1, 'first'),
	(1355, 56, '2014-2015', 2, 1, 'first'),
	(1356, 56, '2015-2016', 2, 1, 'first'),
	(1357, 56, '2016-2017', 2, 1, 'first'),
	(1358, 56, '2018-2019', 2, 1, 'first'),
	(1359, 56, '2017-2018', 2, 1, 'first'),
	(1360, 13, '2017-2018', 1, 1, 'first'),
	(1361, 13, '2015-2016', 1, 1, 'first'),
	(1362, 13, '2016-2017', 1, 1, 'first'),
	(1363, 13, '2018-2019', 1, 1, 'first'),
	(1364, 588, '2017-2018', 1, 1, 'first'),
	(1365, 58, '2018-2019', 1, 1, 'first'),
	(1366, 58, '2016-2017', 1, 1, 'first'),
	(1367, 58, '2019-2020', 1, 1, 'first'),
	(1368, 58, '2017-2018', 1, 1, 'first'),
	(1369, 192, '2016-2017', 1, 1, 'first'),
	(1370, 191, '2018-2019', 1, 1, 'first'),
	(1371, 191, '2016-2017', 1, 1, 'first'),
	(1372, 191, '2019-2020', 1, 1, 'first'),
	(1373, 191, '2017-2018', 1, 1, 'first'),
	(1374, 414, '2019-2020', 1, 1, 'first'),
	(1375, 414, '2017-2018', 1, 1, 'first'),
	(1376, 414, '2018-2019', 1, 1, 'first'),
	(1377, 414, '2020-2021', 1, 1, 'first'),
	(1378, 294, '2019-2020', 1, 1, 'first'),
	(1379, 294, '2017-2018', 1, 1, 'first'),
	(1380, 294, '2018-2019', 1, 1, 'first'),
	(1381, 294, '2020-2021', 1, 1, 'first'),
	(1382, 287, '2019-2020', 1, 1, 'first'),
	(1383, 287, '2017-2018', 1, 1, 'first'),
	(1384, 287, '2020-2021', 1, 1, 'first'),
	(1385, 287, '2018-2019', 1, 1, 'first'),
	(1386, 321, '2019-2020', 1, 1, 'first'),
	(1387, 321, '2017-2018', 1, 1, 'first'),
	(1388, 321, '2020-2021', 1, 1, 'first'),
	(1389, 321, '2018-2019', 1, 1, 'first'),
	(1390, 771, '2017-2018', 1, 1, 'first'),
	(1391, 781, '2020-2021', 1, 1, 'first'),
	(1392, 781, '2018-2019', 1, 1, 'first'),
	(1393, 781, '2019-2020', 1, 1, 'first'),
	(1394, 781, '2021-2022', 1, 1, 'first'),
	(1395, 812, '2012-2013', 1, 1, 'first'),
	(1396, 653, '2020-2021', 1, 1, 'first'),
	(1397, 653, '2018-2019', 1, 1, 'first'),
	(1398, 653, '2021-2022', 1, 1, 'first'),
	(1399, 653, '2019-2020', 1, 1, 'first'),
	(1400, 211, '2017-2018', 1, 1, 'first'),
	(1401, 211, '2018-2019', 1, 1, 'first'),
	(1402, 211, '2019-2020', 1, 1, 'first'),
	(1403, 211, '2016-2017', 1, 1, 'first'),
	(1404, 646, '2017-2018', 1, 1, 'first'),
	(1405, 646, '2019-2020', 1, 1, 'first'),
	(1406, 646, '2020-2021', 1, 1, 'first'),
	(1407, 646, '2018-2019', 1, 1, 'first'),
	(1408, 646, '2016-2017', 1, 1, 'first'),
	(1409, 339, '2019-2020', 1, 1, 'first'),
	(1410, 106, '2017-2018', 1, 1, 'first'),
	(1411, 106, '2018-2019', 1, 1, 'first'),
	(1412, 106, '2019-2020', 1, 1, 'first'),
	(1413, 106, '2016-2017', 1, 1, 'first'),
	(1414, 425, '2019-2020', 1, 1, 'first'),
	(1415, 425, '2018-2019', 1, 1, 'first'),
	(1416, 425, '2020-2021', 1, 1, 'first'),
	(1417, 425, '2017-2018', 1, 1, 'first'),
	(1418, 95, '2018-2019', 1, 1, 'first'),
	(1419, 95, '2017-2018', 1, 1, 'first'),
	(1420, 95, '2019-2020', 1, 1, 'first'),
	(1421, 95, '2016-2017', 1, 1, 'first'),
	(1422, 792, '2020-2021', 1, 1, 'first'),
	(1423, 792, '2018-2019', 1, 1, 'first'),
	(1424, 792, '2021-2022', 1, 1, 'first'),
	(1425, 792, '2019-2020', 1, 1, 'first'),
	(1426, 1022, '2019-2020', 1, 1, 'first'),
	(1427, 1022, '2018-2019', 1, 1, 'first'),
	(1428, 1022, '2020-2021', 1, 1, 'first'),
	(1429, 1022, '2017-2018', 1, 1, 'first'),
	(1430, 682, '2019-2020', 1, 1, 'first'),
	(1431, 682, '2020-2021', 1, 1, 'first'),
	(1432, 682, '2021-2022', 1, 1, 'first'),
	(1433, 682, '2018-2019', 1, 1, 'first'),
	(1434, 767, '2017-2018', 1, 1, 'first'),
	(1435, 767, '2019-2020', 1, 1, 'first'),
	(1436, 767, '2020-2021', 1, 1, 'first'),
	(1437, 767, '2016-2017', 1, 1, 'first'),
	(1438, 767, '2021-2022', 1, 1, 'first'),
	(1439, 767, '2018-2019', 1, 1, 'first'),
	(1440, 964, '2021-2022', 1, 1, 'first'),
	(1441, 964, '2020-2021', 1, 1, 'first'),
	(1442, 964, '2022-2023', 1, 1, 'first'),
	(1443, 964, '2019-2020', 1, 1, 'first'),
	(1444, 964, '2018-2019', 1, 1, 'first'),
	(1445, 964, '2017-2018', 1, 1, 'first'),
	(1446, 898, '2021-2022', 1, 1, 'first'),
	(1447, 898, '2020-2021', 1, 1, 'first'),
	(1448, 898, '2022-2023', 1, 1, 'first'),
	(1449, 898, '2019-2020', 1, 1, 'first'),
	(1450, 361, '2018-2019', 1, 1, 'first'),
	(1451, 361, '2019-2020', 1, 1, 'first'),
	(1452, 361, '2020-2021', 1, 1, 'first'),
	(1453, 361, '2017-2018', 1, 1, 'first'),
	(1454, 1032, '2020-2021', 1, 1, 'first'),
	(1455, 1032, '2018-2019', 1, 1, 'first'),
	(1456, 1032, '2021-2022', 1, 1, 'first'),
	(1457, 1032, '2019-2020', 1, 1, 'first'),
	(1458, 1032, '2022-2023', 1, 1, 'first'),
	(1459, 0, '2020-2021', 1, 1, 'first'),
	(1460, 181, '2018-2019', 1, 1, 'first'),
	(1461, 181, '2017-2018', 1, 1, 'first'),
	(1462, 181, '2019-2020', 1, 1, 'first'),
	(1463, 181, '2016-2017', 1, 1, 'first'),
	(1464, 509, '2019-2020', 1, 1, 'first'),
	(1465, 509, '2018-2019', 1, 1, 'first'),
	(1466, 509, '2020-2021', 1, 1, 'first'),
	(1467, 509, '2017-2018', 1, 1, 'first'),
	(1468, 604, '2018-2019', 1, 1, 'first'),
	(1469, 604, '2019-2020', 1, 1, 'first'),
	(1470, 604, '2020-2021', 1, 1, 'first'),
	(1471, 604, '2017-2018', 1, 1, 'first'),
	(1472, 1133, '2020-2021', 1, 1, 'first'),
	(1473, 1133, '2021-2022', 1, 1, 'first'),
	(1474, 1133, '2022-2023', 1, 1, 'first'),
	(1475, 1133, '2019-2020', 1, 1, 'first'),
	(1476, 814, '2020-2021', 1, 1, 'first'),
	(1477, 814, '2018-2019', 1, 1, 'first'),
	(1478, 814, '2021-2022', 1, 1, 'first'),
	(1479, 814, '2019-2020', 1, 1, 'first'),
	(1480, 505, '2017-2018', 1, 1, 'first'),
	(1481, 505, '2019-2020', 1, 1, 'first'),
	(1482, 505, '2020-2021', 1, 1, 'first'),
	(1483, 505, '2016-2017', 1, 1, 'first'),
	(1484, 505, '2018-2019', 1, 1, 'first'),
	(1485, 501, '2019-2020', 1, 1, 'first'),
	(1486, 501, '2018-2019', 1, 1, 'first'),
	(1487, 501, '2020-2021', 1, 1, 'first'),
	(1488, 501, '2017-2018', 1, 1, 'first'),
	(1489, 900, '2020-2021', 1, 1, 'first'),
	(1490, 900, '2021-2022', 1, 1, 'first'),
	(1491, 900, '2022-2023', 1, 1, 'first'),
	(1492, 900, '2019-2020', 1, 1, 'first'),
	(1493, 808, '2020-2021', 1, 1, 'first'),
	(1494, 808, '2018-2019', 1, 1, 'first'),
	(1495, 808, '2021-2022', 1, 1, 'first'),
	(1496, 808, '2019-2020', 1, 1, 'first'),
	(1497, 336, '2018-2019', 1, 1, 'first'),
	(1498, 336, '2019-2020', 1, 1, 'first'),
	(1499, 336, '2020-2021', 1, 1, 'first'),
	(1500, 336, '2017-2018', 1, 1, 'first');

-- Dumping structure for table certificate_manager.audit_log
CREATE TABLE IF NOT EXISTS audit_log (
        id          INTEGER PRIMARY KEY AUTOINCREMENT,
        table_name  TEXT    NOT NULL,
        record_id   INTEGER,
        action      TEXT    NOT NULL CHECK(action IN ('INSERT','UPDATE','DELETE','ERROR')),
        summary     TEXT,
        error_info  TEXT,
        created_at  TEXT    NOT NULL DEFAULT (datetime('now'))
    );
CREATE INDEX idx_audit_log_table_date
        ON audit_log(table_name, created_at DESC);

-- Dumping data for table certificate_manager.audit_log: 4 rows
DELETE FROM "audit_log";
INSERT INTO "audit_log" ("id", "table_name", "record_id", "action", "summary", "error_info", "created_at") VALUES
	(1, 'personal', 8, 'UPDATE', 'deactivate signatory id=8 (نغم باسل محمود)', NULL, '2026-04-30 19:02:52'),
	(2, 'personal', NULL, 'UPDATE', 'تم إلغاء تفعيل الكادر: نغم باسل محمود', NULL, '2026-04-30 19:02:52'),
	(3, 'personal', 8, 'UPDATE', 'activate signatory id=8 (نغم باسل محمود)', NULL, '2026-04-30 19:02:55'),
	(4, 'personal', NULL, 'UPDATE', 'تم إعادة تفعيل الكادر: نغم باسل محمود', NULL, '2026-04-30 19:02:55');

-- Dumping structure for table certificate_manager.countries
CREATE TABLE IF NOT EXISTS countries (
        id       INTEGER PRIMARY KEY AUTOINCREMENT,
        name_ar  TEXT    NOT NULL CHECK(length(name_ar)  <= 80),
        name_en  TEXT    NOT NULL CHECK(length(name_en)  <= 80),
        iso_code TEXT    NOT NULL UNIQUE CHECK(length(iso_code) <= 3)
    );
;

-- Dumping data for table certificate_manager.countries: 195 rows
DELETE FROM "countries";
INSERT INTO "countries" ("id", "name_ar", "name_en", "iso_code") VALUES
	(1, 'أفغانستان', 'Afghanistan', 'AF'),
	(2, 'ألبانيا', 'Albania', 'AL'),
	(3, 'الجزائر', 'Algeria', 'DZ'),
	(4, 'أندورا', 'Andorra', 'AD'),
	(5, 'أنغولا', 'Angola', 'AO'),
	(6, 'أنتيغوا وباربودا', 'Antigua and Barbuda', 'AG'),
	(7, 'الأرجنتين', 'Argentina', 'AR'),
	(8, 'أرمينيا', 'Armenia', 'AM'),
	(9, 'أستراليا', 'Australia', 'AU'),
	(10, 'النمسا', 'Austria', 'AT'),
	(11, 'أذربيجان', 'Azerbaijan', 'AZ'),
	(12, 'جزر البهاما', 'Bahamas', 'BS'),
	(13, 'البحرين', 'Bahrain', 'BH'),
	(14, 'بنغلاديش', 'Bangladesh', 'BD'),
	(15, 'بربادوس', 'Barbados', 'BB'),
	(16, 'بيلاروسيا', 'Belarus', 'BY'),
	(17, 'بلجيكا', 'Belgium', 'BE'),
	(18, 'بليز', 'Belize', 'BZ'),
	(19, 'بنين', 'Benin', 'BJ'),
	(20, 'بوتان', 'Bhutan', 'BT'),
	(21, 'بوليفيا', 'Bolivia', 'BO'),
	(22, 'البوسنة والهرسك', 'Bosnia and Herzegovina', 'BA'),
	(23, 'بوتسوانا', 'Botswana', 'BW'),
	(24, 'البرازيل', 'Brazil', 'BR'),
	(25, 'بروناي', 'Brunei', 'BN'),
	(26, 'بلغاريا', 'Bulgaria', 'BG'),
	(27, 'بوركينا فاسو', 'Burkina Faso', 'BF'),
	(28, 'بوروندي', 'Burundi', 'BI'),
	(29, 'الرأس الأخضر', 'Cape Verde', 'CV'),
	(30, 'كمبوديا', 'Cambodia', 'KH'),
	(31, 'الكاميرون', 'Cameroon', 'CM'),
	(32, 'كندا', 'Canada', 'CA'),
	(33, 'جمهورية أفريقيا الوسطى', 'Central African Republic', 'CF'),
	(34, 'تشاد', 'Chad', 'TD'),
	(35, 'تشيلي', 'Chile', 'CL'),
	(36, 'الصين', 'China', 'CN'),
	(37, 'كولومبيا', 'Colombia', 'CO'),
	(38, 'جزر القمر', 'Comoros', 'KM'),
	(39, 'جمهورية الكونغو', 'Republic of the Congo', 'CG'),
	(40, 'جمهورية الكونغو الديمقراطية', 'Democratic Republic of the Congo', 'CD'),
	(41, 'كوستاريكا', 'Costa Rica', 'CR'),
	(42, 'كرواتيا', 'Croatia', 'HR'),
	(43, 'كوبا', 'Cuba', 'CU'),
	(44, 'قبرص', 'Cyprus', 'CY'),
	(45, 'جمهورية التشيك', 'Czech Republic', 'CZ'),
	(46, 'الدنمارك', 'Denmark', 'DK'),
	(47, 'جيبوتي', 'Djibouti', 'DJ'),
	(48, 'دومينيكا', 'Dominica', 'DM'),
	(49, 'جمهورية الدومينيكان', 'Dominican Republic', 'DO'),
	(50, 'الإكوادور', 'Ecuador', 'EC'),
	(51, 'مصر', 'Egypt', 'EG'),
	(52, 'السلفادور', 'El Salvador', 'SV'),
	(53, 'غينيا الاستوائية', 'Equatorial Guinea', 'GQ'),
	(54, 'إريتريا', 'Eritrea', 'ER'),
	(55, 'إستونيا', 'Estonia', 'EE'),
	(56, 'إسواتيني', 'Eswatini', 'SZ'),
	(57, 'إثيوبيا', 'Ethiopia', 'ET'),
	(58, 'فيجي', 'Fiji', 'FJ'),
	(59, 'فنلندا', 'Finland', 'FI'),
	(60, 'فرنسا', 'France', 'FR'),
	(61, 'الغابون', 'Gabon', 'GA'),
	(62, 'غامبيا', 'Gambia', 'GM'),
	(63, 'جورجيا', 'Georgia', 'GE'),
	(64, 'ألمانيا', 'Germany', 'DE'),
	(65, 'غانا', 'Ghana', 'GH'),
	(66, 'اليونان', 'Greece', 'GR'),
	(67, 'غرينادا', 'Grenada', 'GD'),
	(68, 'غواتيمالا', 'Guatemala', 'GT'),
	(69, 'غينيا', 'Guinea', 'GN'),
	(70, 'غينيا بيساو', 'Guinea-Bissau', 'GW'),
	(71, 'غيانا', 'Guyana', 'GY'),
	(72, 'هايتي', 'Haiti', 'HT'),
	(73, 'هندوراس', 'Honduras', 'HN'),
	(74, 'هنغاريا', 'Hungary', 'HU'),
	(75, 'آيسلندا', 'Iceland', 'IS'),
	(76, 'الهند', 'India', 'IN'),
	(77, 'إندونيسيا', 'Indonesia', 'ID'),
	(78, 'إيران', 'Iran', 'IR'),
	(79, 'العراق', 'Iraq', 'IQ'),
	(80, 'أيرلندا', 'Ireland', 'IE'),
	(81, 'إسرائيل', 'Israel', 'IL'),
	(82, 'إيطاليا', 'Italy', 'IT'),
	(83, 'جامايكا', 'Jamaica', 'JM'),
	(84, 'اليابان', 'Japan', 'JP'),
	(85, 'الأردن', 'Jordan', 'JO'),
	(86, 'كازاخستان', 'Kazakhstan', 'KZ'),
	(87, 'كينيا', 'Kenya', 'KE'),
	(88, 'كيريباتي', 'Kiribati', 'KI'),
	(89, 'كوريا الشمالية', 'North Korea', 'KP'),
	(90, 'كوريا الجنوبية', 'South Korea', 'KR'),
	(91, 'الكويت', 'Kuwait', 'KW'),
	(92, 'قيرغيزستان', 'Kyrgyzstan', 'KG'),
	(93, 'لاوس', 'Laos', 'LA'),
	(94, 'لاتفيا', 'Latvia', 'LV'),
	(95, 'لبنان', 'Lebanon', 'LB'),
	(96, 'ليسوتو', 'Lesotho', 'LS'),
	(97, 'ليبيريا', 'Liberia', 'LR'),
	(98, 'ليبيا', 'Libya', 'LY'),
	(99, 'ليختنشتاين', 'Liechtenstein', 'LI'),
	(100, 'ليتوانيا', 'Lithuania', 'LT'),
	(101, 'لوكسمبورغ', 'Luxembourg', 'LU'),
	(102, 'مدغشقر', 'Madagascar', 'MG'),
	(103, 'مالاوي', 'Malawi', 'MW'),
	(104, 'ماليزيا', 'Malaysia', 'MY'),
	(105, 'جزر المالديف', 'Maldives', 'MV'),
	(106, 'مالي', 'Mali', 'ML'),
	(107, 'مالطا', 'Malta', 'MT'),
	(108, 'جزر مارشال', 'Marshall Islands', 'MH'),
	(109, 'موريتانيا', 'Mauritania', 'MR'),
	(110, 'موريشيوس', 'Mauritius', 'MU'),
	(111, 'المكسيك', 'Mexico', 'MX'),
	(112, 'ميكرونيزيا', 'Micronesia', 'FM'),
	(113, 'مولدوفا', 'Moldova', 'MD'),
	(114, 'موناكو', 'Monaco', 'MC'),
	(115, 'منغوليا', 'Mongolia', 'MN'),
	(116, 'الجبل الأسود', 'Montenegro', 'ME'),
	(117, 'المغرب', 'Morocco', 'MA'),
	(118, 'موزمبيق', 'Mozambique', 'MZ'),
	(119, 'ميانمار', 'Myanmar', 'MM'),
	(120, 'ناميبيا', 'Namibia', 'NA'),
	(121, 'ناورو', 'Nauru', 'NR'),
	(122, 'نيبال', 'Nepal', 'NP'),
	(123, 'هولندا', 'Netherlands', 'NL'),
	(124, 'نيوزيلندا', 'New Zealand', 'NZ'),
	(125, 'نيكاراغوا', 'Nicaragua', 'NI'),
	(126, 'النيجر', 'Niger', 'NE'),
	(127, 'نيجيريا', 'Nigeria', 'NG'),
	(128, 'مقدونيا الشمالية', 'North Macedonia', 'MK'),
	(129, 'النرويج', 'Norway', 'NO'),
	(130, 'عُمان', 'Oman', 'OM'),
	(131, 'باكستان', 'Pakistan', 'PK'),
	(132, 'بالاو', 'Palau', 'PW'),
	(133, 'فلسطين', 'Palestine', 'PS'),
	(134, 'بنما', 'Panama', 'PA'),
	(135, 'بابوا غينيا الجديدة', 'Papua New Guinea', 'PG'),
	(136, 'باراغواي', 'Paraguay', 'PY'),
	(137, 'بيرو', 'Peru', 'PE'),
	(138, 'الفلبين', 'Philippines', 'PH'),
	(139, 'بولندا', 'Poland', 'PL'),
	(140, 'البرتغال', 'Portugal', 'PT'),
	(141, 'قطر', 'Qatar', 'QA'),
	(142, 'رومانيا', 'Romania', 'RO'),
	(143, 'روسيا', 'Russia', 'RU'),
	(144, 'رواندا', 'Rwanda', 'RW'),
	(145, 'سانت كيتس ونيفيس', 'Saint Kitts and Nevis', 'KN'),
	(146, 'سانت لوسيا', 'Saint Lucia', 'LC'),
	(147, 'سانت فنسنت وجزر غرينادين', 'Saint Vincent and the Grenadines', 'VC'),
	(148, 'ساموا', 'Samoa', 'WS'),
	(149, 'سان مارينو', 'San Marino', 'SM'),
	(150, 'ساو تومي وبرينسيبي', 'Sao Tome and Principe', 'ST'),
	(151, 'المملكة العربية السعودية', 'Saudi Arabia', 'SA'),
	(152, 'السنغال', 'Senegal', 'SN'),
	(153, 'صربيا', 'Serbia', 'RS'),
	(154, 'سيشل', 'Seychelles', 'SC'),
	(155, 'سيراليون', 'Sierra Leone', 'SL'),
	(156, 'سنغافورة', 'Singapore', 'SG'),
	(157, 'سلوفاكيا', 'Slovakia', 'SK'),
	(158, 'سلوفينيا', 'Slovenia', 'SI'),
	(159, 'جزر سليمان', 'Solomon Islands', 'SB'),
	(160, 'الصومال', 'Somalia', 'SO'),
	(161, 'جنوب أفريقيا', 'South Africa', 'ZA'),
	(162, 'جنوب السودان', 'South Sudan', 'SS'),
	(163, 'إسبانيا', 'Spain', 'ES'),
	(164, 'سريلانكا', 'Sri Lanka', 'LK'),
	(165, 'السودان', 'Sudan', 'SD'),
	(166, 'سورينام', 'Suriname', 'SR'),
	(167, 'السويد', 'Sweden', 'SE'),
	(168, 'سويسرا', 'Switzerland', 'CH'),
	(169, 'سوريا', 'Syria', 'SY'),
	(170, 'طاجيكستان', 'Tajikistan', 'TJ'),
	(171, 'تنزانيا', 'Tanzania', 'TZ'),
	(172, 'تايلاند', 'Thailand', 'TH'),
	(173, 'تيمور الشرقية', 'Timor-Leste', 'TL'),
	(174, 'توغو', 'Togo', 'TG'),
	(175, 'تونغا', 'Tonga', 'TO'),
	(176, 'ترينيداد وتوباغو', 'Trinidad and Tobago', 'TT'),
	(177, 'تونس', 'Tunisia', 'TN'),
	(178, 'تركيا', 'Turkey', 'TR'),
	(179, 'تركمانستان', 'Turkmenistan', 'TM'),
	(180, 'توفالو', 'Tuvalu', 'TV'),
	(181, 'أوغندا', 'Uganda', 'UG'),
	(182, 'أوكرانيا', 'Ukraine', 'UA'),
	(183, 'الإمارات العربية المتحدة', 'United Arab Emirates', 'AE'),
	(184, 'المملكة المتحدة', 'United Kingdom', 'GB'),
	(185, 'الولايات المتحدة الأمريكية', 'United States', 'US'),
	(186, 'أوروغواي', 'Uruguay', 'UY'),
	(187, 'أوزبكستان', 'Uzbekistan', 'UZ'),
	(188, 'فانواتو', 'Vanuatu', 'VU'),
	(189, 'الفاتيكان', 'Vatican City', 'VA'),
	(190, 'فنزويلا', 'Venezuela', 'VE'),
	(191, 'فيتنام', 'Vietnam', 'VN'),
	(192, 'اليمن', 'Yemen', 'YE'),
	(193, 'زامبيا', 'Zambia', 'ZM'),
	(194, 'زيمبابوي', 'Zimbabwe', 'ZW'),
	(195, 'كوسوفو', 'Kosovo', 'XK');

-- Dumping structure for table certificate_manager.course_departments
CREATE TABLE IF NOT EXISTS course_departments (
        course_id     INTEGER NOT NULL REFERENCES courses(id)
                                       ON UPDATE CASCADE ON DELETE CASCADE,
        department_id INTEGER NOT NULL REFERENCES departments(id)
                                       ON UPDATE CASCADE ON DELETE CASCADE,
        PRIMARY KEY (course_id, department_id)
    );
;

-- Dumping data for table certificate_manager.course_departments: 0 rows
DELETE FROM "course_departments";

-- Dumping structure for table certificate_manager.courses
CREATE TABLE IF NOT EXISTS courses (
        id              INTEGER PRIMARY KEY AUTOINCREMENT,
        name_ar         TEXT    NOT NULL CHECK(length(name_ar)  <= 100),
        name_en         TEXT    NOT NULL CHECK(length(name_en)  <= 100),
        credit_hours    INTEGER NOT NULL CHECK(credit_hours BETWEEN 1 AND 6),
        department_id   INTEGER          REFERENCES departments(id)
                                         ON UPDATE CASCADE ON DELETE RESTRICT,
        stage_number    INTEGER NOT NULL,
        study_system_id INTEGER NOT NULL REFERENCES study_systems(id)
                                         ON UPDATE CASCADE ON DELETE RESTRICT,
        is_shared       INTEGER NOT NULL DEFAULT 0 CHECK(is_shared IN (0,1))
    );
CREATE INDEX idx_courses_dept_stage
        ON courses(department_id, stage_number);
CREATE INDEX idx_courses_system
        ON courses(study_system_id);

-- Dumping data for table certificate_manager.courses: 156 rows
DELETE FROM "courses";
INSERT INTO "courses" ("id", "name_ar", "name_en", "credit_hours", "department_id", "stage_number", "study_system_id", "is_shared") VALUES
	(781, 'البرمجة 1', 'Programming I', 4, 1, 1, 2, 0),
	(782, 'البرمجة 2', 'Programming II', 4, 1, 1, 2, 0),
	(783, 'التصميم المنطقي', 'Logic Design', 3, 1, 1, 2, 0),
	(784, 'مبادئ تكنولوجيا المعلومات', 'Principles of Information Technology', 3, 1, 1, 2, 0),
	(785, 'تطبيقات الحاسوب', 'Computer Applications', 2, 1, 1, 2, 0),
	(786, 'البرمجة كائنية التوجه', 'Object Oriented Programming', 3, 1, 1, 2, 0),
	(787, 'البرمجة المرئية', 'Visual Programming', 3, 1, 1, 2, 0),
	(788, 'هياكل البيانات 1', 'Data Structures I', 3, 1, 1, 2, 0),
	(789, 'معالجات مايكروية ولغة التجميع', 'Microprocessors and Assembly Language', 3, 1, 1, 2, 0),
	(790, 'النظرية الاحتسابية', 'Computation Theory', 3, 1, 1, 2, 0),
	(791, 'أساسيات قواعد البيانات', 'Fundamentals of Databases', 3, 1, 1, 2, 0),
	(792, 'الرسم بالحاسوب ثنائي الأبعاد', 'Computer Graphics 2D', 3, 1, 1, 2, 0),
	(793, 'نظرية المعلومات', 'Information Theory', 3, 1, 1, 2, 0),
	(794, 'المتحكم المنطقي المبرمج', 'Programming Logic Controller', 3, 1, 1, 2, 0),
	(795, 'تطبيقات الحاسوب في الاعمال', 'Computer Applications in Business', 2, 1, 1, 2, 0),
	(796, 'تفاعل الانسان مع الحاسوب', 'Human Interaction with Computer', 2, 1, 1, 2, 0),
	(797, 'هندسة البرامجيات', 'Software Engineering', 3, 1, 1, 2, 0),
	(798, 'أساسيات الذكاء الاصطناعي', 'Fundamentals of Artificial Intelligence', 3, 1, 1, 2, 0),
	(799, 'المترجمات', 'Compilers', 4, 1, 1, 2, 0),
	(800, 'شبكات الحاسوب 1', 'Computer Networks I', 3, 1, 1, 2, 0),
	(801, 'شبكات الحاسوب 2', 'Computer Networks II', 3, 1, 1, 2, 0),
	(802, 'تصميم المواقع', 'Web Design', 3, 1, 1, 2, 0),
	(803, 'التمثيل المرئي للبيانات', 'Data Visualization', 3, 1, 1, 2, 0),
	(804, 'قواعد البيانات الموزعة', 'Distributed Databases', 3, 1, 1, 2, 0),
	(805, 'التنقيب عن البيانات', 'Data Mining', 2, 1, 1, 2, 0),
	(806, 'نظم التشغيل', 'Operating Systems', 3, 1, 1, 2, 0),
	(807, 'المشروع 1', 'Senior Project I', 2, 1, 1, 2, 0),
	(808, 'تصميم المواقع المتقدم', 'Advanced Web Design', 3, 1, 1, 2, 0),
	(809, 'أمنية الشبكات', 'Network Security', 3, 1, 1, 2, 0),
	(810, 'نظم التشغيل المتقدم', 'Advanced Operating Systems', 2, 1, 1, 2, 0),
	(811, 'الوسائط المتعددة', 'Multimedia', 3, 1, 1, 2, 0),
	(812, 'الذكاء الحاسوبي', 'Computational Intelligence', 3, 1, 1, 2, 0),
	(813, 'الحوسبة السحابية', 'Cloud Computing', 2, 1, 1, 2, 0),
	(814, 'تطبيقات النقال', 'Mobile Applications', 3, 1, 1, 2, 0),
	(815, 'برمجة الألعاب', 'Games Programming', 2, 1, 1, 2, 0),
	(816, 'الأعمال الالكترونية', 'E-Business', 2, 1, 1, 2, 0),
	(817, 'مواضيع مختارة', 'Selected Topic', 3, 1, 1, 2, 0),
	(818, 'مهارات الاتصال', 'Communication Skills', 2, 1, 1, 2, 0),
	(819, 'الرياضيات للحاسوب', 'Mathematics for Computing', 3, 1, 1, 2, 0),
	(820, 'الهياكل المتقطعة', 'Discrete Structures', 3, 1, 1, 2, 0),
	(821, 'مهارات الحاسوب', 'Computer Skills', 2, 1, 1, 2, 0),
	(822, 'أخلاقيات الحاسوب', 'Computer Ethics', 2, 1, 1, 2, 0),
	(823, 'نظرية الاحتمالات و الإحصاء', 'Probability and Statistics', 3, 1, 1, 2, 0),
	(824, 'طرق عددية', 'Numerical Methods', 3, 1, 1, 2, 0),
	(825, 'بحوث العمليات', 'Operations Research', 3, 1, 1, 2, 0),
	(826, 'النمذجة و المحاكاة في الحاسوب', 'Computer Modeling and Simulation', 3, 1, 1, 2, 0),
	(827, 'الرياضة', 'Sport', 1, 1, 1, 2, 0),
	(828, 'الديمقراطية', 'Democracy Education', 1, 1, 1, 2, 0),
	(829, 'حقوق الإنسان', 'Human Rights', 1, 1, 1, 2, 0),
	(830, 'اللغة الانكليزية 1', 'English Language I', 2, 1, 1, 2, 0),
	(831, 'اللغة العربية', 'Arabic Language', 2, 1, 1, 2, 0),
	(832, 'الإسعافات الأولية', 'First Aid', 2, 1, 1, 2, 0),
	(833, 'الفلسفة', 'Philosophy', 2, 1, 1, 2, 0),
	(834, 'الكترونيات الحاسوب', 'Computer Electronics', 3, 1, 1, 2, 0),
	(835, 'الرؤية في الحاسوب', 'Computer Vision', 3, 1, 1, 2, 0),
	(836, 'هياكل البيانات 2', 'Data Structures II', 3, 1, 1, 2, 0),
	(837, 'تكنولوجيا الويب الدلالي', 'Semantic Web Technology', 3, 1, 1, 2, 0),
	(838, 'برمجة حاسوب 1', 'Computer Programming I', 4, 1, 1, 2, 0),
	(839, 'برمجة حاسوب 2', 'Computer Programming II', 4, 1, 1, 2, 0),
	(840, 'مبادئ التصميم المنطقي', 'Principles of Logic Design', 3, 1, 1, 2, 0),
	(841, 'أساسيات تكنولوجيا المعلومات', 'Information Technology Essentials', 3, 1, 1, 2, 0),
	(842, 'مبادئ نظم المعلومات', 'Principles of Information Systems', 3, 1, 1, 2, 0),
	(843, 'تطبيقات الحاسوب في الأعمال', 'Computer Applications in Business', 2, 1, 1, 2, 0),
	(844, 'برمجة كائنية التوجه', 'Object Oriented Programming', 3, 1, 1, 2, 0),
	(845, 'برمجة مرئية', 'Visual Programming', 3, 1, 1, 2, 0),
	(846, 'مبادئ قواعد البيانات', 'Principles of Database', 3, 1, 1, 2, 0),
	(847, 'تحليل وتصميم النظم', 'Systems Analysis and Design', 3, 1, 1, 2, 0),
	(848, 'أساسيات تصميم المواقع', 'Fundamentals of Web Design', 3, 1, 1, 2, 0),
	(849, 'هياكل بيانات', 'Data Structures', 3, 1, 1, 2, 0),
	(850, 'التسويق', 'Marketing', 2, 1, 1, 2, 0),
	(851, 'محاسبة مالية', 'Financial Accounting', 3, 1, 1, 2, 0),
	(852, 'تفاعل الإنسان مع الحاسوب', 'Human-Computer Interaction', 2, 1, 1, 2, 0),
	(853, 'التكنولوجيا الالكترونية', 'E-Technology', 2, 1, 1, 2, 0),
	(854, 'نظم دعم القرار', 'Decision Support Systems', 3, 1, 1, 2, 0),
	(855, 'شبكات حاسوب 1', 'Computer Networks I', 3, 1, 1, 2, 0),
	(856, 'هندسة برمجيات', 'Software Engineering', 3, 1, 1, 2, 0),
	(857, 'نظم أدارة قواعد البيانات 1', 'Database Management Systems I', 3, 1, 1, 2, 0),
	(858, 'تطوير تطبيقات الويب', 'Web Applications Development', 3, 1, 1, 2, 0),
	(859, 'تطبيقات الاعمال متقدمة', 'Advanced Business Systems', 3, 1, 1, 2, 0),
	(860, 'قضايا تكنولوجيا المعلومات في أدارة المعرفة', 'Information Technology Issues in Knowledge Management', 2, 1, 1, 2, 0),
	(861, 'نظم أدارة قواعد البيانات 2', 'Database Management Systems II', 3, 1, 1, 2, 0),
	(862, 'نظم أدارة المشاريع', 'Project Management Systems', 3, 1, 1, 2, 0),
	(863, 'سياسات واستراتيجيات نظم المعلومات', 'Information Systems Policies and Strategies', 3, 1, 1, 2, 0),
	(864, 'السلوك التنظيمي', 'Organization Behavior', 2, 1, 1, 2, 0),
	(865, 'أمنية تكنولوجيا المعلومات', 'Information Technology Security', 3, 1, 1, 2, 0),
	(866, 'مستودعات البيانات والتنقيب عن البيانات', 'Data Warehouses and Data Mining', 3, 1, 1, 2, 0),
	(867, 'مشروع 1', 'Project I', 3, 1, 1, 2, 0),
	(868, 'وسائط متعددة', 'Multimedia', 3, 1, 1, 2, 0),
	(869, 'نظم المعلومات الجغرافية', 'Geographic Information Systems', 3, 1, 1, 2, 0),
	(870, 'مواضيع خاصة في نظم المعلومات', 'Special Topics in Information Systems', 3, 1, 1, 2, 0),
	(871, 'مبادئ معالجة الصور الرقمية', 'Principles of Digital Image Processing', 3, 1, 1, 2, 0),
	(872, 'مشروع 2', 'Project II', 2, 1, 1, 2, 0),
	(873, 'رياضيات لنظم المعلومات', 'Mathematics for Information Systems', 3, 1, 1, 2, 0),
	(874, 'هياكل متقطعة', 'Discrete Structures', 3, 1, 1, 2, 0),
	(875, 'إحصاء الأعمال', 'Business Statistics', 3, 1, 1, 2, 0),
	(876, 'رسم بالحاسوب', 'Computer Graphics', 3, 1, 1, 2, 0),
	(877, 'رياضة', 'Sport', 1, 1, 1, 2, 0),
	(878, 'إسعافات أولية', 'First Aid', 2, 1, 1, 2, 0),
	(879, 'فلسفة', 'Philosophy', 2, 1, 1, 2, 0),
	(880, 'استرجاع المعلومات والبحث في الشبكة العالمية', 'Information Retrieval and Search the Web', 3, 1, 1, 2, 0),
	(881, 'مهارات اتصال', 'Communication Skills', 3, 1, 1, 2, 0),
	(882, 'قواعد بيانات موزعة', 'Distributed Database', 3, 1, 1, 2, 0),
	(883, 'نظم معلومات الأعمال', 'Business Information Systems', 3, 1, 1, 2, 0),
	(884, 'برمجة الذكاء الاصطناعي', 'Artificial Intelligence Programming', 3, 1, 1, 2, 0),
	(885, 'معمارية وتنظيم الحاسوب', 'Computer architecture and organization', 3, 1, 1, 2, 0),
	(886, 'هندسة المعرفة والانظمة الخبيرة', 'Knowledge engineering and expert systems', 3, 1, 1, 2, 0),
	(887, 'حوسبة سحابية', 'Cloud Computing', 2, 1, 1, 2, 0),
	(888, 'الرسم بالحاسوب ثلاثي الأبعاد', 'Computer Graphics 3D', 2, 1, 1, 2, 0),
	(889, 'استرجاع المعلومات و البحث على الشبكة العالمية', 'Information Retrieval and Web Search', 3, 1, 1, 2, 0),
	(890, 'اخلاقيات الحاسوب', 'Computer Ethics', 2, 1, 1, 1, 0),
	(891, 'الإنكليزي 1', 'English I', 2, 1, 1, 1, 0),
	(892, 'الإنكليزي 2', 'English II', 2, 1, 1, 1, 0),
	(893, 'الاحتمالية والاحصاء', 'Probability and Statistics', 3, 1, 1, 1, 0),
	(894, 'البرمجة الكيانية 1', 'Object-oriented Programming I', 3, 1, 1, 1, 0),
	(895, 'البرمجة الكيانية 2', 'Object-oriented Programming II', 3, 1, 1, 1, 0),
	(896, 'الديمقراطية وحقوق الانسان', 'Democracy and Human Rights', 2, 1, 1, 1, 0),
	(897, 'الذكاء الاصطناعي', 'Artificial Intelligence', 3, 1, 1, 1, 0),
	(898, 'الرؤيا بالحاسوب', 'Computer Vision', 3, 1, 1, 1, 0),
	(899, 'الرسم بالحاسوب', 'Computer Graphics', 3, 1, 1, 1, 0),
	(900, 'الرياضيات', 'Mathematic', 3, 1, 1, 1, 0),
	(901, 'الصحة واللياقة', 'Health and Fitness', 2, 1, 1, 1, 0),
	(902, 'الطرق العددية', 'Numerical Methods', 3, 1, 1, 1, 0),
	(903, 'العربي', 'Arabic', 2, 1, 1, 1, 0),
	(904, 'المحاكاة بالحاسوب', 'Computer Simulation', 3, 1, 1, 1, 0),
	(905, 'المعالجات المايكروية', 'Microprocessors', 3, 1, 1, 1, 0),
	(906, 'امنية الحاسوب', 'Computer Security', 3, 1, 1, 1, 0),
	(907, 'انظمة التشغيل', 'Operating Systems', 3, 1, 1, 1, 0),
	(908, 'برمجة المواقع 1', 'Web Programming I', 3, 1, 1, 1, 0),
	(909, 'برمجة المواقع 2', 'Web Programming II', 3, 1, 1, 1, 0),
	(910, 'تنقيب البيانات', 'Data Mining', 2, 1, 1, 1, 0),
	(911, 'قواعد البيانات', 'Database', 3, 1, 1, 1, 0),
	(912, 'مشروع التخرج', 'Graduation Project', 2, 1, 1, 1, 0),
	(913, 'معمارية الحاسوب', 'Computer Architecture', 3, 1, 1, 1, 0),
	(914, 'مفاهيم لغات البرمجة', 'Concepts of Programming Languages', 2, 1, 1, 1, 0),
	(915, 'هندسة البرمجيات', 'Software Engineering', 3, 1, 1, 1, 0),
	(916, 'هندسة المعرفة', 'Knowledge Engineering', 3, 1, 1, 1, 0),
	(917, 'أمنية نظم المعلومات', 'Information Systems Security', 3, 1, 1, 1, 0),
	(918, 'ادارة المعرفة', 'Knowledge Management', 3, 1, 1, 1, 0),
	(919, 'البرمجة كائنيه التوجه', 'Object Oriented Programming', 4, 1, 1, 1, 0),
	(920, 'التجارة الالكترونية', 'E-Technology', 3, 1, 1, 1, 0),
	(921, 'التنقيب عن البيانات ومستودعات البيانات', 'Data Mining & Warehousing', 3, 1, 1, 1, 0),
	(922, 'الرياضيات لنظم المعلومات', 'Mathematics for Information Systems', 3, 1, 1, 1, 0),
	(923, 'اللغة الانكليزية 2', 'English Language II', 2, 1, 1, 1, 0),
	(924, 'المحاسبة المالية', 'Financial Accounting', 3, 1, 1, 1, 0),
	(925, 'بحوث العمليات في الأعمال', 'Operations Research for Business', 3, 1, 1, 1, 0),
	(926, 'برمجة الحاسوب 1', 'Computer Programming I', 4, 1, 1, 1, 0),
	(927, 'برمجة الحاسوب 2', 'Computer Programming II', 4, 1, 1, 1, 0),
	(928, 'برمجة كائنيه التوجه متقدمة', 'Advance Object Oriented Programming', 3, 1, 1, 1, 0),
	(929, 'بروتوكولات الشبكة والتجارة الكترونية', 'Network Protocols and E-Commerce', 3, 1, 1, 1, 0),
	(930, 'ضمان جودة البرمجيات', 'Software Quality Assurance', 3, 1, 1, 1, 0),
	(931, 'محاكاة الحاسوب', 'Computer Simulation', 3, 1, 1, 1, 0),
	(932, 'مشروع تخرج', 'Graduation Project', 3, 1, 1, 1, 0),
	(933, 'مهارات اللغة العربية', 'Arabic Language Skills', 2, 1, 1, 1, 0),
	(934, 'نظم أدارة قواعد البيانات', 'Database Management Systems', 3, 1, 1, 1, 0),
	(935, 'هياكل البيانات', 'Data Structures', 3, 1, 1, 1, 0),
	(936, '', '', 3, 1, 1, 1, 0);

-- Dumping structure for table certificate_manager.departments
CREATE TABLE IF NOT EXISTS departments (
        id          INTEGER PRIMARY KEY AUTOINCREMENT,
        name_ar     TEXT    NOT NULL CHECK(length(name_ar)    <= 100),
        name_en     TEXT    NOT NULL CHECK(length(name_en)    <= 100),
        college_ar  TEXT    NOT NULL CHECK(length(college_ar) <= 120),
        college_en  TEXT    NOT NULL CHECK(length(college_en) <= 120),
        study_years INTEGER NOT NULL DEFAULT 4 CHECK(study_years BETWEEN 2 AND 6)
    );

-- Dumping data for table certificate_manager.departments: 2 rows
DELETE FROM "departments";
INSERT INTO "departments" ("id", "name_ar", "name_en", "college_ar", "college_en", "study_years") VALUES
	(11, 'علوم الحاسوب', 'Computer Science', 'كلية علوم الحاسوب وتكنولوجيا المعلومات', 'College of Computer Science and IT', 4),
	(12, 'نظم المعلومات الحاسوبية', 'Information Systems', 'كلية علوم الحاسوب وتكنولوجيا المعلومات', 'College of Computer Science and IT', 4);

-- Dumping structure for table certificate_manager.enrollments
CREATE TABLE IF NOT EXISTS enrollments (
        id              INTEGER PRIMARY KEY AUTOINCREMENT,
        period_id       INTEGER NOT NULL REFERENCES academic_periods(id)
                                         ON UPDATE CASCADE ON DELETE CASCADE,
        course_id       INTEGER NOT NULL REFERENCES courses(id)
                                         ON UPDATE CASCADE ON DELETE RESTRICT,
        score           REAL    NOT NULL CHECK(score BETWEEN 0 AND 100),
        is_second_round INTEGER NOT NULL DEFAULT 0 CHECK(is_second_round IN (0, 1)),
        UNIQUE(period_id, course_id)
    );
;
CREATE INDEX idx_enrollments_period
        ON enrollments(period_id);
CREATE INDEX idx_enrollments_course
        ON enrollments(course_id);

-- Dumping data for table certificate_manager.enrollments: 2,908 rows
DELETE FROM "enrollments";
INSERT INTO "enrollments" ("id", "period_id", "course_id", "score", "is_second_round") VALUES
	(14541, 1251, 781, 56.0, 0),
	(14542, 1252, 782, 50.0, 1),
	(14543, 1251, 783, 53.0, 0),
	(14544, 1251, 784, 50.0, 1),
	(14545, 1251, 785, 61.0, 1),
	(14546, 1253, 786, 66.0, 1),
	(14547, 1252, 787, 50.0, 1),
	(14548, 1253, 788, 56.0, 1),
	(14549, 1252, 789, 56.0, 0),
	(14550, 1252, 790, 61.0, 1),
	(14551, 1253, 791, 53.0, 0),
	(14552, 1252, 792, 74.0, 1),
	(14553, 1254, 793, 77.0, 0),
	(14554, 1252, 794, 62.0, 1),
	(14555, 1252, 795, 64.0, 1),
	(14556, 1252, 796, 79.0, 1),
	(14557, 1253, 797, 62.0, 0),
	(14558, 1253, 798, 50.0, 1),
	(14559, 1253, 799, 58.0, 1),
	(14560, 1253, 800, 63.0, 0),
	(14561, 1255, 801, 75.0, 1),
	(14562, 1253, 802, 56.0, 1),
	(14563, 1255, 803, 76.0, 1),
	(14564, 1255, 804, 64.0, 1),
	(14565, 1255, 805, 50.0, 0),
	(14566, 1255, 806, 51.0, 0),
	(14567, 1255, 807, 89.0, 1),
	(14568, 1255, 808, 58.0, 0),
	(14569, 1255, 809, 83.0, 1),
	(14570, 1255, 810, 56.0, 1),
	(14571, 1255, 811, 68.0, 1),
	(14572, 1255, 812, 68.0, 1),
	(14573, 1254, 813, 78.0, 0),
	(14574, 1254, 814, 98.0, 0),
	(14575, 1255, 815, 62.0, 1),
	(14576, 1255, 816, 53.0, 0),
	(14577, 1255, 817, 55.0, 0),
	(14578, 1254, 818, 87.0, 0),
	(14579, 1251, 819, 60.0, 0),
	(14580, 1251, 820, 50.0, 1),
	(14581, 1251, 821, 58.0, 0),
	(14582, 1251, 822, 53.0, 1),
	(14583, 1252, 823, 50.0, 0),
	(14584, 1252, 824, 67.0, 0),
	(14585, 1253, 825, 60.0, 0),
	(14586, 1253, 826, 78.0, 1),
	(14587, 1251, 827, 71.0, 0),
	(14588, 1251, 828, 83.0, 1),
	(14589, 1252, 829, 53.0, 0),
	(14590, 1251, 830, 75.0, 1),
	(14591, 1251, 831, 63.0, 0),
	(14592, 1251, 832, 78.0, 0),
	(14593, 1253, 833, 59.0, 0),
	(14594, 1256, 781, 51.0, 1),
	(14595, 1257, 782, 83.0, 1),
	(14596, 1256, 783, 87.0, 1),
	(14597, 1257, 784, 79.0, 0),
	(14598, 1256, 785, 67.0, 1),
	(14599, 1257, 834, 60.0, 0),
	(14600, 1258, 786, 63.0, 0),
	(14601, 1259, 787, 80.0, 1),
	(14602, 1258, 788, 76.0, 1),
	(14603, 1257, 789, 69.0, 1),
	(14604, 1257, 790, 66.0, 1),
	(14605, 1258, 791, 59.0, 1),
	(14606, 1258, 792, 77.0, 0),
	(14607, 1258, 793, 63.0, 0),
	(14608, 1259, 794, 74.0, 0),
	(14609, 1257, 796, 78.0, 1),
	(14610, 1259, 797, 77.0, 1),
	(14611, 1259, 798, 62.0, 1),
	(14612, 1259, 799, 75.0, 1),
	(14613, 1258, 800, 76.0, 1),
	(14614, 1259, 801, 88.0, 0),
	(14615, 1258, 802, 70.0, 1),
	(14616, 1258, 835, 57.0, 1),
	(14617, 1260, 803, 83.0, 0),
	(14618, 1259, 804, 72.0, 0),
	(14619, 1259, 805, 66.0, 0),
	(14620, 1259, 806, 80.0, 1),
	(14621, 1260, 807, 91.0, 0),
	(14622, 1259, 808, 69.0, 0),
	(14623, 1259, 809, 92.0, 1),
	(14624, 1259, 810, 80.0, 0),
	(14625, 1260, 811, 90.0, 0),
	(14626, 1260, 812, 77.0, 0),
	(14627, 1259, 813, 82.0, 1),
	(14628, 1259, 814, 67.0, 0),
	(14629, 1259, 816, 78.0, 0),
	(14630, 1260, 817, 90.0, 0),
	(14631, 1259, 818, 77.0, 0),
	(14632, 1256, 819, 75.0, 1),
	(14633, 1257, 820, 75.0, 0),
	(14634, 1256, 821, 83.0, 1),
	(14635, 1257, 822, 85.0, 1),
	(14636, 1257, 823, 58.0, 1),
	(14637, 1257, 824, 68.0, 0),
	(14638, 1259, 825, 67.0, 1),
	(14639, 1260, 826, 75.0, 0),
	(14640, 1256, 827, 89.0, 1),
	(14641, 1256, 828, 99.0, 1),
	(14642, 1257, 829, 94.0, 1),
	(14643, 1257, 830, 64.0, 0),
	(14644, 1256, 831, 84.0, 1),
	(14645, 1257, 832, 92.0, 0),
	(14646, 1258, 833, 94.0, 1),
	(14647, 1261, 781, 68.0, 1),
	(14648, 1261, 782, 63.0, 1),
	(14649, 1262, 783, 94.0, 1),
	(14650, 1261, 784, 83.0, 0),
	(14651, 1262, 785, 74.0, 1),
	(14652, 1261, 834, 84.0, 0),
	(14653, 1263, 786, 60.0, 0),
	(14654, 1263, 787, 69.0, 0),
	(14655, 1263, 788, 79.0, 1),
	(14656, 1261, 789, 79.0, 1),
	(14657, 1261, 790, 68.0, 1),
	(14658, 1263, 791, 63.0, 1),
	(14659, 1263, 792, 93.0, 0),
	(14660, 1263, 793, 67.0, 0),
	(14661, 1264, 836, 73.0, 0),
	(14662, 1261, 795, 67.0, 0),
	(14663, 1261, 796, 98.0, 1),
	(14664, 1265, 797, 91.0, 1),
	(14665, 1263, 798, 50.0, 1),
	(14666, 1265, 799, 82.0, 1),
	(14667, 1263, 800, 57.0, 0),
	(14668, 1263, 801, 70.0, 1),
	(14669, 1263, 802, 73.0, 1),
	(14670, 1263, 835, 56.0, 1),
	(14671, 1264, 803, 84.0, 0),
	(14672, 1265, 804, 77.0, 0),
	(14673, 1265, 805, 65.0, 0),
	(14674, 1265, 806, 81.0, 1),
	(14675, 1264, 807, 90.0, 0),
	(14676, 1265, 808, 55.0, 0),
	(14677, 1265, 809, 80.0, 0),
	(14678, 1264, 810, 94.0, 0),
	(14679, 1264, 811, 90.0, 0),
	(14680, 1264, 812, 71.0, 0),
	(14681, 1265, 813, 76.0, 1),
	(14682, 1265, 814, 75.0, 0),
	(14683, 1263, 816, 74.0, 1),
	(14684, 1265, 817, 86.0, 1),
	(14685, 1262, 819, 79.0, 1),
	(14686, 1261, 820, 79.0, 0),
	(14687, 1262, 821, 82.0, 1),
	(14688, 1261, 822, 93.0, 1),
	(14689, 1261, 823, 60.0, 1),
	(14690, 1261, 824, 75.0, 1),
	(14691, 1265, 825, 71.0, 1),
	(14692, 1264, 826, 76.0, 0),
	(14693, 1262, 827, 94.0, 1),
	(14694, 1262, 828, 97.0, 1),
	(14695, 1265, 829, 74.0, 0),
	(14696, 1261, 830, 70.0, 0),
	(14697, 1262, 831, 91.0, 1),
	(14698, 1261, 832, 74.0, 0),
	(14699, 1263, 833, 82.0, 1),
	(14700, 1266, 781, 73.0, 1),
	(14701, 1266, 782, 72.0, 1),
	(14702, 1267, 783, 74.0, 1),
	(14703, 1267, 784, 72.0, 1),
	(14704, 1267, 785, 62.0, 1),
	(14705, 1266, 834, 87.0, 1),
	(14706, 1268, 786, 69.0, 0),
	(14707, 1268, 787, 83.0, 0),
	(14708, 1268, 788, 80.0, 1),
	(14709, 1266, 789, 74.0, 0),
	(14710, 1266, 790, 50.0, 0),
	(14711, 1268, 791, 63.0, 0),
	(14712, 1268, 792, 82.0, 0),
	(14713, 1266, 793, 69.0, 1),
	(14714, 1266, 795, 60.0, 0),
	(14715, 1266, 796, 91.0, 0),
	(14716, 1269, 797, 64.0, 0),
	(14717, 1269, 798, 57.0, 0),
	(14718, 1269, 799, 63.0, 1),
	(14719, 1266, 800, 61.0, 1),
	(14720, 1268, 801, 80.0, 1),
	(14721, 1268, 802, 76.0, 1),
	(14722, 1268, 835, 69.0, 1),
	(14723, 1270, 803, 83.0, 0),
	(14724, 1270, 804, 81.0, 0),
	(14725, 1269, 805, 68.0, 0),
	(14726, 1269, 806, 60.0, 1),
	(14727, 1270, 807, 88.0, 0),
	(14728, 1269, 808, 61.0, 0),
	(14729, 1269, 809, 76.0, 0),
	(14730, 1270, 810, 87.0, 0),
	(14731, 1269, 811, 84.0, 1),
	(14732, 1270, 812, 77.0, 0),
	(14733, 1269, 813, 67.0, 1),
	(14734, 1269, 814, 63.0, 0),
	(14735, 1269, 816, 88.0, 0),
	(14736, 1269, 817, 88.0, 1),
	(14737, 1270, 818, 76.0, 0),
	(14738, 1267, 819, 60.0, 0),
	(14739, 1267, 820, 64.0, 1),
	(14740, 1267, 821, 62.0, 0),
	(14741, 1267, 822, 65.0, 0),
	(14742, 1266, 823, 50.0, 0),
	(14743, 1266, 824, 64.0, 1),
	(14744, 1268, 825, 66.0, 0),
	(14745, 1269, 826, 92.0, 1),
	(14746, 1267, 827, 76.0, 0),
	(14747, 1267, 828, 99.0, 1),
	(14748, 1266, 829, 68.0, 0),
	(14749, 1267, 830, 78.0, 1),
	(14750, 1267, 831, 66.0, 0),
	(14751, 1267, 832, 89.0, 0),
	(14752, 1268, 833, 94.0, 0),
	(14753, 1271, 781, 100.0, 1),
	(14754, 1272, 782, 92.0, 0),
	(14755, 1271, 783, 94.0, 1),
	(14756, 1272, 784, 67.0, 0),
	(14757, 1271, 785, 59.0, 1),
	(14758, 1272, 834, 64.0, 0),
	(14759, 1272, 786, 80.0, 1),
	(14760, 1272, 787, 74.0, 1),
	(14761, 1273, 788, 65.0, 1),
	(14762, 1272, 789, 80.0, 1),
	(14763, 1272, 790, 92.0, 1),
	(14764, 1273, 791, 58.0, 1),
	(14765, 1272, 792, 95.0, 1),
	(14766, 1273, 793, 83.0, 0),
	(14767, 1274, 836, 57.0, 0),
	(14768, 1274, 797, 64.0, 1),
	(14769, 1273, 798, 71.0, 1),
	(14770, 1274, 799, 78.0, 1),
	(14771, 1273, 800, 51.0, 0),
	(14772, 1273, 801, 50.0, 1),
	(14773, 1273, 802, 65.0, 0),
	(14774, 1274, 835, 55.0, 1),
	(14775, 1275, 803, 77.0, 0),
	(14776, 1274, 804, 50.0, 0),
	(14777, 1274, 806, 73.0, 1),
	(14778, 1274, 807, 91.0, 1),
	(14779, 1274, 808, 67.0, 1),
	(14780, 1274, 809, 88.0, 1),
	(14781, 1275, 810, 90.0, 0),
	(14782, 1275, 811, 85.0, 0),
	(14783, 1275, 812, 84.0, 0),
	(14784, 1274, 813, 62.0, 0),
	(14785, 1275, 814, 90.0, 0),
	(14786, 1274, 815, 86.0, 1),
	(14787, 1274, 816, 52.0, 0),
	(14788, 1274, 817, 70.0, 1),
	(14789, 1275, 818, 86.0, 0),
	(14790, 1271, 819, 83.0, 1),
	(14791, 1272, 820, 81.0, 0),
	(14792, 1271, 821, 61.0, 1),
	(14793, 1272, 822, 68.0, 1),
	(14794, 1272, 823, 53.0, 1),
	(14795, 1272, 824, 96.0, 0),
	(14796, 1273, 825, 62.0, 0),
	(14797, 1275, 826, 72.0, 0),
	(14798, 1271, 827, 93.0, 1),
	(14799, 1271, 828, 88.0, 1),
	(14800, 1274, 829, 81.0, 0),
	(14801, 1272, 830, 55.0, 0),
	(14802, 1271, 831, 74.0, 1),
	(14803, 1272, 832, 97.0, 0),
	(14804, 1273, 833, 50.0, 0),
	(14805, 1276, 781, 65.0, 0),
	(14806, 1277, 782, 57.0, 1),
	(14807, 1276, 783, 64.0, 0),
	(14808, 1277, 784, 66.0, 0),
	(14809, 1277, 785, 70.0, 1),
	(14810, 1278, 786, 62.0, 0),
	(14811, 1278, 787, 53.0, 0),
	(14812, 1278, 788, 67.0, 1),
	(14813, 1278, 789, 52.0, 0),
	(14814, 1277, 790, 65.0, 1),
	(14815, 1278, 791, 69.0, 1),
	(14816, 1278, 792, 68.0, 0),
	(14817, 1278, 793, 52.0, 0),
	(14818, 1279, 836, 75.0, 0),
	(14819, 1277, 795, 71.0, 1),
	(14820, 1277, 796, 86.0, 1),
	(14821, 1280, 797, 77.0, 1),
	(14822, 1280, 798, 54.0, 1),
	(14823, 1280, 799, 84.0, 1),
	(14824, 1278, 800, 62.0, 1),
	(14825, 1280, 801, 77.0, 0),
	(14826, 1278, 802, 50.0, 1),
	(14827, 1278, 835, 60.0, 1),
	(14828, 1279, 803, 83.0, 0),
	(14829, 1280, 804, 73.0, 0),
	(14830, 1280, 805, 61.0, 0),
	(14831, 1280, 806, 79.0, 1),
	(14832, 1279, 807, 89.0, 0),
	(14833, 1280, 808, 59.0, 0),
	(14834, 1280, 809, 83.0, 1),
	(14835, 1279, 810, 90.0, 0),
	(14836, 1279, 811, 89.0, 0),
	(14837, 1279, 812, 74.0, 0),
	(14838, 1280, 814, 70.0, 0),
	(14839, 1280, 816, 66.0, 0),
	(14840, 1280, 817, 84.0, 1),
	(14841, 1279, 818, 87.0, 0),
	(14842, 1276, 819, 78.0, 0),
	(14843, 1276, 820, 57.0, 0),
	(14844, 1276, 821, 82.0, 0),
	(14845, 1280, 822, 77.0, 1),
	(14846, 1276, 823, 59.0, 0),
	(14847, 1277, 824, 65.0, 1),
	(14848, 1277, 825, 50.0, 1),
	(14849, 1279, 826, 74.0, 0),
	(14850, 1277, 827, 80.0, 0),
	(14851, 1277, 828, 52.0, 0),
	(14852, 1276, 829, 73.0, 0),
	(14853, 1276, 830, 86.0, 0),
	(14854, 1276, 831, 83.0, 0),
	(14855, 1277, 832, 78.0, 0),
	(14856, 1278, 833, 92.0, 1),
	(14857, 1281, 781, 53.0, 0),
	(14858, 1282, 782, 98.0, 1),
	(14859, 1281, 783, 70.0, 0),
	(14860, 1281, 784, 50.0, 1),
	(14861, 1282, 785, 72.0, 0),
	(14862, 1282, 834, 65.0, 0),
	(14863, 1282, 786, 60.0, 1),
	(14864, 1282, 787, 68.0, 1),
	(14865, 1283, 788, 76.0, 1),
	(14866, 1281, 789, 57.0, 1),
	(14867, 1283, 790, 74.0, 1),
	(14868, 1283, 791, 50.0, 0),
	(14869, 1283, 792, 79.0, 0),
	(14870, 1283, 793, 67.0, 0),
	(14871, 1284, 836, 66.0, 0),
	(14872, 1282, 795, 59.0, 1),
	(14873, 1285, 797, 79.0, 0),
	(14874, 1283, 798, 59.0, 1),
	(14875, 1284, 799, 59.0, 1),
	(14876, 1283, 800, 72.0, 1),
	(14877, 1284, 801, 73.0, 0),
	(14878, 1283, 802, 62.0, 0),
	(14879, 1284, 835, 54.0, 0),
	(14880, 1284, 837, 75.0, 0),
	(14881, 1284, 804, 50.0, 0),
	(14882, 1283, 805, 52.0, 1),
	(14883, 1284, 806, 68.0, 1),
	(14884, 1284, 807, 90.0, 1),
	(14885, 1284, 808, 60.0, 1),
	(14886, 1284, 809, 84.0, 1),
	(14887, 1285, 810, 89.0, 0),
	(14888, 1284, 811, 66.0, 1),
	(14889, 1285, 812, 74.0, 0),
	(14890, 1285, 814, 92.0, 0),
	(14891, 1284, 816, 80.0, 0),
	(14892, 1285, 817, 87.0, 0),
	(14893, 1284, 818, 53.0, 1),
	(14894, 1281, 819, 70.0, 1),
	(14895, 1282, 820, 64.0, 0),
	(14896, 1282, 821, 68.0, 0),
	(14897, 1281, 822, 50.0, 1),
	(14898, 1282, 823, 50.0, 1),
	(14899, 1282, 824, 61.0, 1),
	(14900, 1283, 825, 57.0, 0),
	(14901, 1283, 826, 74.0, 1),
	(14902, 1281, 827, 67.0, 0),
	(14903, 1281, 828, 52.0, 1),
	(14904, 1282, 829, 50.0, 0),
	(14905, 1282, 830, 56.0, 1),
	(14906, 1281, 831, 62.0, 0),
	(14907, 1281, 832, 68.0, 0),
	(14908, 1283, 833, 86.0, 1),
	(14909, 1286, 838, 66.0, 1),
	(14910, 1287, 839, 70.0, 0),
	(14911, 1286, 840, 73.0, 0),
	(14912, 1286, 841, 67.0, 1),
	(14913, 1286, 842, 70.0, 0),
	(14914, 1286, 843, 61.0, 1),
	(14915, 1287, 844, 63.0, 1),
	(14916, 1287, 845, 87.0, 1),
	(14917, 1287, 846, 81.0, 0),
	(14918, 1288, 847, 81.0, 0),
	(14919, 1287, 848, 87.0, 1),
	(14920, 1288, 849, 59.0, 0),
	(14921, 1287, 850, 80.0, 0),
	(14922, 1287, 851, 82.0, 0),
	(14923, 1287, 852, 92.0, 0),
	(14924, 1289, 853, 76.0, 1),
	(14925, 1287, 785, 87.0, 1),
	(14926, 1288, 854, 80.0, 1),
	(14927, 1288, 855, 74.0, 0),
	(14928, 1288, 856, 92.0, 1),
	(14929, 1287, 857, 81.0, 1),
	(14930, 1288, 858, 94.0, 0),
	(14931, 1288, 859, 77.0, 0),
	(14932, 1288, 860, 84.0, 1),
	(14933, 1289, 861, 96.0, 1),
	(14934, 1288, 862, 81.0, 0),
	(14935, 1289, 863, 90.0, 1),
	(14936, 1288, 864, 97.0, 1),
	(14937, 1289, 806, 80.0, 1),
	(14938, 1289, 865, 90.0, 0),
	(14939, 1289, 866, 92.0, 0),
	(14940, 1289, 867, 80.0, 0),
	(14941, 1289, 868, 67.0, 1),
	(14942, 1289, 869, 78.0, 1),
	(14943, 1289, 870, 82.0, 0),
	(14944, 1289, 814, 86.0, 0),
	(14945, 1289, 871, 82.0, 0),
	(14946, 1289, 872, 86.0, 1),
	(14947, 1286, 873, 77.0, 0),
	(14948, 1286, 874, 81.0, 1),
	(14949, 1286, 821, 75.0, 0),
	(14950, 1286, 822, 77.0, 1),
	(14951, 1287, 875, 68.0, 0),
	(14952, 1287, 824, 78.0, 1),
	(14953, 1287, 876, 94.0, 1),
	(14954, 1288, 825, 66.0, 1),
	(14955, 1287, 877, 86.0, 0),
	(14956, 1286, 828, 80.0, 0),
	(14957, 1286, 829, 74.0, 1),
	(14958, 1286, 830, 77.0, 0),
	(14959, 1286, 831, 84.0, 1),
	(14960, 1286, 878, 98.0, 1),
	(14961, 1288, 879, 79.0, 1),
	(14962, 1290, 781, 71.0, 0),
	(14963, 1290, 782, 68.0, 1),
	(14964, 1291, 783, 74.0, 1),
	(14965, 1291, 784, 52.0, 1),
	(14966, 1290, 785, 66.0, 1),
	(14967, 1292, 786, 76.0, 0),
	(14968, 1292, 787, 68.0, 0),
	(14969, 1292, 788, 73.0, 1),
	(14970, 1290, 789, 69.0, 0),
	(14971, 1290, 790, 56.0, 0),
	(14972, 1292, 791, 63.0, 0),
	(14973, 1292, 792, 69.0, 0),
	(14974, 1290, 793, 69.0, 1),
	(14975, 1293, 794, 74.0, 0),
	(14976, 1292, 795, 84.0, 0),
	(14977, 1290, 796, 91.0, 0),
	(14978, 1292, 797, 59.0, 1),
	(14979, 1293, 798, 56.0, 0),
	(14980, 1293, 799, 80.0, 1),
	(14981, 1290, 800, 58.0, 1),
	(14982, 1292, 801, 57.0, 1),
	(14983, 1292, 802, 52.0, 1),
	(14984, 1292, 835, 63.0, 1),
	(14985, 1293, 803, 74.0, 1),
	(14986, 1293, 804, 81.0, 0),
	(14987, 1292, 805, 58.0, 1),
	(14988, 1293, 806, 57.0, 1),
	(14989, 1293, 807, 89.0, 0),
	(14990, 1293, 808, 58.0, 0),
	(14991, 1293, 809, 74.0, 0),
	(14992, 1293, 810, 68.0, 0),
	(14993, 1293, 811, 80.0, 1),
	(14994, 1293, 812, 78.0, 1),
	(14995, 1293, 813, 70.0, 1),
	(14996, 1293, 814, 65.0, 0),
	(14997, 1293, 816, 78.0, 1),
	(14998, 1293, 817, 80.0, 0),
	(14999, 1293, 818, 86.0, 0),
	(15000, 1291, 819, 50.0, 0),
	(15001, 1291, 820, 60.0, 1),
	(15002, 1291, 821, 65.0, 1),
	(15003, 1291, 822, 64.0, 1),
	(15004, 1290, 823, 64.0, 0),
	(15005, 1290, 824, 69.0, 1),
	(15006, 1290, 825, 74.0, 1),
	(15007, 1292, 826, 82.0, 0),
	(15008, 1291, 827, 76.0, 0),
	(15009, 1290, 828, 83.0, 0),
	(15010, 1290, 829, 85.0, 1),
	(15011, 1290, 830, 71.0, 0),
	(15012, 1291, 831, 67.0, 0),
	(15013, 1291, 832, 61.0, 0),
	(15014, 1292, 833, 80.0, 0),
	(15015, 1294, 838, 50.0, 0),
	(15016, 1294, 839, 50.0, 1),
	(15017, 1294, 840, 73.0, 0),
	(15018, 1294, 841, 74.0, 1),
	(15019, 1294, 842, 66.0, 0),
	(15020, 1294, 843, 71.0, 1),
	(15021, 1295, 844, 54.0, 0),
	(15022, 1295, 845, 81.0, 1),
	(15023, 1295, 846, 78.0, 0),
	(15024, 1295, 847, 65.0, 0),
	(15025, 1295, 848, 63.0, 0),
	(15026, 1295, 849, 73.0, 1),
	(15027, 1295, 850, 85.0, 0),
	(15028, 1295, 851, 83.0, 0),
	(15029, 1295, 793, 70.0, 1),
	(15030, 1295, 852, 95.0, 1),
	(15031, 1296, 853, 80.0, 1),
	(15032, 1297, 854, 77.0, 1),
	(15033, 1297, 855, 86.0, 0),
	(15034, 1297, 856, 68.0, 0),
	(15035, 1297, 857, 73.0, 0),
	(15036, 1297, 858, 79.0, 0),
	(15037, 1297, 859, 72.0, 0),
	(15038, 1297, 860, 83.0, 0),
	(15039, 1297, 861, 77.0, 1),
	(15040, 1297, 880, 72.0, 1),
	(15041, 1297, 863, 92.0, 1),
	(15042, 1296, 864, 99.0, 0),
	(15043, 1296, 806, 72.0, 0),
	(15044, 1296, 865, 85.0, 0),
	(15045, 1296, 866, 84.0, 0),
	(15046, 1296, 867, 77.0, 0),
	(15047, 1296, 868, 73.0, 1),
	(15048, 1296, 869, 73.0, 1),
	(15049, 1296, 870, 75.0, 1),
	(15050, 1296, 814, 85.0, 1),
	(15051, 1296, 871, 81.0, 0),
	(15052, 1294, 873, 86.0, 0),
	(15053, 1294, 874, 67.0, 1),
	(15054, 1294, 821, 74.0, 0),
	(15055, 1294, 822, 81.0, 1),
	(15056, 1295, 875, 60.0, 0),
	(15057, 1295, 824, 81.0, 1),
	(15058, 1295, 876, 89.0, 1),
	(15059, 1297, 825, 81.0, 0),
	(15060, 1294, 877, 81.0, 0),
	(15061, 1294, 828, 80.0, 0),
	(15062, 1295, 829, 100.0, 1),
	(15063, 1294, 830, 76.0, 0),
	(15064, 1294, 831, 79.0, 1),
	(15065, 1294, 878, 92.0, 1),
	(15066, 1297, 879, 90.0, 1),
	(15067, 1298, 781, 60.0, 0),
	(15068, 1298, 782, 56.0, 1),
	(15069, 1299, 783, 53.0, 0),
	(15070, 1299, 784, 57.0, 1),
	(15071, 1299, 785, 50.0, 1),
	(15072, 1298, 834, 62.0, 0),
	(15073, 1300, 786, 52.0, 0),
	(15074, 1300, 787, 50.0, 1),
	(15075, 1300, 788, 60.0, 1),
	(15076, 1298, 789, 50.0, 1),
	(15077, 1298, 790, 54.0, 0),
	(15078, 1300, 791, 50.0, 0),
	(15079, 1300, 792, 68.0, 0),
	(15080, 1299, 793, 50.0, 1),
	(15081, 1301, 794, 72.0, 0),
	(15082, 1298, 795, 60.0, 1),
	(15083, 1298, 796, 82.0, 0),
	(15084, 1301, 797, 72.0, 1),
	(15085, 1301, 798, 54.0, 0),
	(15086, 1301, 799, 54.0, 1),
	(15087, 1300, 800, 57.0, 0),
	(15088, 1300, 801, 63.0, 1),
	(15089, 1300, 802, 52.0, 1),
	(15090, 1300, 835, 52.0, 1),
	(15091, 1301, 837, 56.0, 0),
	(15092, 1302, 804, 83.0, 0),
	(15093, 1301, 805, 61.0, 0),
	(15094, 1301, 806, 61.0, 1),
	(15095, 1301, 807, 89.0, 1),
	(15096, 1301, 808, 52.0, 0),
	(15097, 1301, 809, 53.0, 0),
	(15098, 1301, 810, 62.0, 0),
	(15099, 1302, 811, 90.0, 0),
	(15100, 1301, 813, 74.0, 1),
	(15101, 1301, 814, 51.0, 0),
	(15102, 1301, 816, 73.0, 0),
	(15103, 1301, 817, 73.0, 1),
	(15104, 1301, 818, 80.0, 0),
	(15105, 1299, 819, 50.0, 0),
	(15106, 1299, 820, 58.0, 1),
	(15107, 1299, 821, 57.0, 0),
	(15108, 1299, 822, 62.0, 0),
	(15109, 1298, 823, 61.0, 0),
	(15110, 1298, 824, 60.0, 1),
	(15111, 1298, 825, 66.0, 1),
	(15112, 1300, 826, 83.0, 0),
	(15113, 1299, 827, 64.0, 0),
	(15114, 1298, 828, 74.0, 0),
	(15115, 1298, 829, 84.0, 1),
	(15116, 1299, 830, 51.0, 1),
	(15117, 1299, 831, 71.0, 1),
	(15118, 1299, 832, 72.0, 0),
	(15119, 1300, 833, 62.0, 0),
	(15120, 1303, 838, 59.0, 0),
	(15121, 1304, 839, 67.0, 1),
	(15122, 1303, 840, 77.0, 0),
	(15123, 1304, 841, 72.0, 1),
	(15124, 1303, 842, 69.0, 1),
	(15125, 1303, 843, 95.0, 1),
	(15126, 1304, 844, 72.0, 1),
	(15127, 1304, 845, 71.0, 1),
	(15128, 1304, 846, 63.0, 1),
	(15129, 1304, 847, 74.0, 1),
	(15130, 1304, 848, 65.0, 1),
	(15131, 1305, 849, 81.0, 1),
	(15132, 1305, 850, 72.0, 0),
	(15133, 1305, 851, 50.0, 0),
	(15134, 1306, 793, 85.0, 0),
	(15135, 1305, 852, 89.0, 0),
	(15136, 1304, 785, 78.0, 0),
	(15137, 1305, 854, 55.0, 1),
	(15138, 1305, 855, 57.0, 1),
	(15139, 1307, 856, 75.0, 0),
	(15140, 1305, 857, 57.0, 1),
	(15141, 1305, 858, 68.0, 1),
	(15142, 1305, 860, 68.0, 1),
	(15143, 1307, 861, 72.0, 0),
	(15144, 1307, 880, 83.0, 0),
	(15145, 1307, 863, 77.0, 0),
	(15146, 1307, 806, 63.0, 1),
	(15147, 1307, 865, 54.0, 0),
	(15148, 1306, 866, 80.0, 0),
	(15149, 1307, 867, 50.0, 1),
	(15150, 1307, 868, 69.0, 1),
	(15151, 1306, 869, 85.0, 0),
	(15152, 1307, 870, 66.0, 1),
	(15153, 1307, 814, 83.0, 1),
	(15154, 1306, 881, 88.0, 0),
	(15155, 1307, 871, 75.0, 1),
	(15156, 1306, 882, 87.0, 0),
	(15157, 1303, 873, 74.0, 0),
	(15158, 1304, 874, 86.0, 0),
	(15159, 1303, 821, 74.0, 0),
	(15160, 1303, 822, 50.0, 1),
	(15161, 1304, 875, 65.0, 1),
	(15162, 1304, 824, 56.0, 0),
	(15163, 1305, 876, 70.0, 0),
	(15164, 1305, 825, 75.0, 0),
	(15165, 1303, 877, 89.0, 1),
	(15166, 1303, 828, 79.0, 0),
	(15167, 1304, 829, 76.0, 0),
	(15168, 1303, 830, 76.0, 0),
	(15169, 1303, 831, 87.0, 1),
	(15170, 1303, 878, 81.0, 1),
	(15171, 1307, 879, 71.0, 0),
	(15172, 1308, 838, 79.0, 0),
	(15173, 1308, 839, 69.0, 1),
	(15174, 1309, 840, 56.0, 1),
	(15175, 1308, 841, 74.0, 0),
	(15176, 1309, 842, 55.0, 1),
	(15177, 1310, 843, 87.0, 1),
	(15178, 1311, 844, 52.0, 0),
	(15179, 1311, 845, 74.0, 0),
	(15180, 1308, 846, 58.0, 1),
	(15181, 1310, 847, 54.0, 1),
	(15182, 1308, 848, 57.0, 1),
	(15183, 1311, 849, 57.0, 1),
	(15184, 1312, 850, 85.0, 0),
	(15185, 1308, 851, 62.0, 1),
	(15186, 1308, 793, 55.0, 1),
	(15187, 1308, 852, 78.0, 0),
	(15188, 1310, 853, 70.0, 0),
	(15189, 1308, 785, 62.0, 1),
	(15190, 1311, 854, 58.0, 0),
	(15191, 1310, 855, 55.0, 1),
	(15192, 1311, 856, 63.0, 1),
	(15193, 1311, 857, 53.0, 0),
	(15194, 1311, 858, 64.0, 1),
	(15195, 1311, 860, 50.0, 1),
	(15196, 1311, 861, 60.0, 1),
	(15197, 1310, 880, 70.0, 0),
	(15198, 1310, 862, 66.0, 0),
	(15199, 1310, 864, 80.0, 0),
	(15200, 1310, 803, 61.0, 0),
	(15201, 1310, 806, 64.0, 0),
	(15202, 1310, 865, 68.0, 1),
	(15203, 1310, 866, 51.0, 1),
	(15204, 1310, 867, 80.0, 1),
	(15205, 1312, 868, 89.0, 0),
	(15206, 1312, 883, 69.0, 0),
	(15207, 1312, 869, 84.0, 0),
	(15208, 1310, 870, 59.0, 1),
	(15209, 1312, 882, 91.0, 0),
	(15210, 1309, 873, 78.0, 0),
	(15211, 1309, 874, 54.0, 1),
	(15212, 1309, 821, 50.0, 0),
	(15213, 1308, 822, 58.0, 0),
	(15214, 1308, 875, 59.0, 0),
	(15215, 1310, 824, 63.0, 1),
	(15216, 1311, 876, 54.0, 0),
	(15217, 1311, 825, 68.0, 1),
	(15218, 1309, 877, 75.0, 0),
	(15219, 1309, 828, 65.0, 0),
	(15220, 1309, 829, 68.0, 1),
	(15221, 1309, 830, 55.0, 0),
	(15222, 1309, 831, 84.0, 1),
	(15223, 1308, 878, 84.0, 0),
	(15224, 1311, 879, 86.0, 0),
	(15225, 1313, 838, 50.0, 0),
	(15226, 1314, 839, 50.0, 1),
	(15227, 1313, 840, 50.0, 1),
	(15228, 1313, 841, 62.0, 1),
	(15229, 1313, 842, 61.0, 1),
	(15230, 1314, 843, 64.0, 1),
	(15231, 1314, 844, 60.0, 1),
	(15232, 1315, 845, 59.0, 1),
	(15233, 1314, 846, 71.0, 1),
	(15234, 1315, 847, 66.0, 1),
	(15235, 1315, 848, 54.0, 1),
	(15236, 1315, 849, 61.0, 1),
	(15237, 1315, 850, 58.0, 0),
	(15238, 1315, 851, 60.0, 0),
	(15239, 1314, 852, 60.0, 1),
	(15240, 1316, 853, 77.0, 0),
	(15241, 1314, 785, 50.0, 0),
	(15242, 1317, 854, 89.0, 1),
	(15243, 1318, 855, 50.0, 1),
	(15244, 1318, 856, 74.0, 1),
	(15245, 1318, 857, 50.0, 1),
	(15246, 1318, 858, 61.0, 1),
	(15247, 1317, 880, 80.0, 0),
	(15248, 1317, 862, 82.0, 1),
	(15249, 1317, 801, 88.0, 0),
	(15250, 1318, 863, 62.0, 1),
	(15251, 1317, 806, 78.0, 1),
	(15252, 1317, 865, 75.0, 0),
	(15253, 1316, 866, 64.0, 0),
	(15254, 1316, 867, 81.0, 0),
	(15255, 1316, 883, 80.0, 0),
	(15256, 1317, 869, 80.0, 1),
	(15257, 1317, 814, 91.0, 0),
	(15258, 1317, 881, 87.0, 1),
	(15259, 1317, 884, 79.0, 1),
	(15260, 1317, 871, 83.0, 1),
	(15261, 1317, 882, 82.0, 0),
	(15262, 1313, 873, 57.0, 0),
	(15263, 1314, 874, 81.0, 1),
	(15264, 1313, 821, 53.0, 0),
	(15265, 1314, 822, 74.0, 1),
	(15266, 1315, 875, 61.0, 1),
	(15267, 1314, 824, 62.0, 1),
	(15268, 1317, 876, 78.0, 0),
	(15269, 1317, 825, 89.0, 1),
	(15270, 1313, 877, 69.0, 1),
	(15271, 1314, 828, 80.0, 1),
	(15272, 1315, 829, 54.0, 0),
	(15273, 1313, 830, 61.0, 0),
	(15274, 1313, 831, 55.0, 1),
	(15275, 1313, 878, 67.0, 1),
	(15276, 1318, 879, 50.0, 1),
	(15277, 1319, 781, 62.0, 0),
	(15278, 1320, 782, 72.0, 1),
	(15279, 1319, 783, 65.0, 0),
	(15280, 1319, 784, 57.0, 1),
	(15281, 1319, 785, 58.0, 1),
	(15282, 1320, 834, 57.0, 0),
	(15283, 1320, 786, 50.0, 1),
	(15284, 1320, 787, 60.0, 1),
	(15285, 1321, 788, 59.0, 1),
	(15286, 1321, 789, 70.0, 1),
	(15287, 1320, 790, 54.0, 0),
	(15288, 1320, 791, 68.0, 1),
	(15289, 1320, 792, 75.0, 1),
	(15290, 1319, 793, 50.0, 1),
	(15291, 1322, 794, 71.0, 0),
	(15292, 1320, 795, 50.0, 1),
	(15293, 1320, 796, 71.0, 0),
	(15294, 1321, 797, 68.0, 0),
	(15295, 1322, 798, 67.0, 1),
	(15296, 1322, 799, 64.0, 1),
	(15297, 1321, 800, 58.0, 1),
	(15298, 1322, 801, 70.0, 0),
	(15299, 1321, 802, 66.0, 1),
	(15300, 1321, 835, 50.0, 1),
	(15301, 1322, 837, 67.0, 0),
	(15302, 1322, 804, 62.0, 0),
	(15303, 1321, 805, 51.0, 0),
	(15304, 1322, 806, 64.0, 1),
	(15305, 1322, 807, 82.0, 0),
	(15306, 1322, 808, 65.0, 0),
	(15307, 1322, 809, 73.0, 1),
	(15308, 1322, 810, 64.0, 0),
	(15309, 1322, 811, 72.0, 1),
	(15310, 1322, 813, 51.0, 1),
	(15311, 1322, 814, 57.0, 0),
	(15312, 1322, 816, 71.0, 0),
	(15313, 1322, 817, 65.0, 1),
	(15314, 1322, 818, 75.0, 0),
	(15315, 1319, 819, 59.0, 0),
	(15316, 1319, 820, 67.0, 1),
	(15317, 1319, 821, 54.0, 0),
	(15318, 1319, 822, 51.0, 1),
	(15319, 1320, 823, 64.0, 0),
	(15320, 1320, 824, 78.0, 0),
	(15321, 1321, 825, 74.0, 0),
	(15322, 1321, 826, 81.0, 1),
	(15323, 1319, 827, 74.0, 0),
	(15324, 1320, 828, 89.0, 1),
	(15325, 1321, 829, 88.0, 0),
	(15326, 1319, 830, 65.0, 1),
	(15327, 1319, 831, 69.0, 0),
	(15328, 1319, 832, 84.0, 0),
	(15329, 1321, 833, 59.0, 0),
	(15330, 1323, 838, 50.0, 1),
	(15331, 1324, 839, 51.0, 0),
	(15332, 1323, 840, 54.0, 0),
	(15333, 1323, 841, 50.0, 1),
	(15334, 1323, 842, 53.0, 0),
	(15335, 1324, 843, 50.0, 1),
	(15336, 1324, 844, 50.0, 1),
	(15337, 1324, 845, 52.0, 1),
	(15338, 1324, 846, 54.0, 1),
	(15339, 1325, 847, 54.0, 0),
	(15340, 1325, 848, 55.0, 1),
	(15341, 1325, 849, 50.0, 1),
	(15342, 1324, 850, 69.0, 1),
	(15343, 1324, 851, 51.0, 1),
	(15344, 1325, 793, 65.0, 1),
	(15345, 1324, 852, 58.0, 0),
	(15346, 1326, 854, 56.0, 1),
	(15347, 1325, 855, 57.0, 1),
	(15348, 1326, 856, 65.0, 0),
	(15349, 1325, 857, 50.0, 0),
	(15350, 1325, 858, 50.0, 1),
	(15351, 1326, 860, 50.0, 0),
	(15352, 1326, 861, 56.0, 0),
	(15353, 1327, 801, 85.0, 0),
	(15354, 1326, 863, 60.0, 0),
	(15355, 1325, 864, 53.0, 1),
	(15356, 1326, 806, 63.0, 1),
	(15357, 1326, 865, 59.0, 0),
	(15358, 1326, 866, 64.0, 1),
	(15359, 1327, 867, 82.0, 0),
	(15360, 1326, 868, 51.0, 1),
	(15361, 1327, 869, 85.0, 0),
	(15362, 1327, 870, 76.0, 0),
	(15363, 1326, 814, 54.0, 1),
	(15364, 1327, 881, 87.0, 0),
	(15365, 1326, 871, 68.0, 1),
	(15366, 1327, 882, 83.0, 0),
	(15367, 1323, 873, 78.0, 0),
	(15368, 1323, 874, 58.0, 1),
	(15369, 1323, 821, 57.0, 0),
	(15370, 1323, 822, 60.0, 1),
	(15371, 1324, 875, 50.0, 0),
	(15372, 1326, 824, 69.0, 1),
	(15373, 1327, 876, 81.0, 0),
	(15374, 1325, 825, 60.0, 1),
	(15375, 1324, 877, 71.0, 0),
	(15376, 1323, 828, 59.0, 0),
	(15377, 1323, 829, 59.0, 1),
	(15378, 1323, 830, 50.0, 0),
	(15379, 1323, 831, 75.0, 1),
	(15380, 1323, 878, 85.0, 1),
	(15381, 1325, 879, 61.0, 1),
	(15382, 1328, 838, 56.0, 1),
	(15383, 1329, 839, 63.0, 0),
	(15384, 1328, 840, 54.0, 0),
	(15385, 1328, 841, 61.0, 1),
	(15386, 1328, 842, 50.0, 0),
	(15387, 1328, 843, 52.0, 1),
	(15388, 1329, 844, 64.0, 1),
	(15389, 1330, 845, 78.0, 1),
	(15390, 1329, 846, 68.0, 1),
	(15391, 1330, 847, 89.0, 0),
	(15392, 1329, 848, 61.0, 1),
	(15393, 1330, 849, 66.0, 1),
	(15394, 1329, 850, 68.0, 0),
	(15395, 1330, 851, 71.0, 0),
	(15396, 1328, 793, 52.0, 1),
	(15397, 1329, 852, 93.0, 0),
	(15398, 1331, 853, 65.0, 0),
	(15399, 1329, 785, 86.0, 1),
	(15400, 1330, 854, 65.0, 1),
	(15401, 1330, 855, 54.0, 0),
	(15402, 1331, 856, 80.0, 0),
	(15403, 1330, 857, 71.0, 0),
	(15404, 1330, 858, 64.0, 0),
	(15405, 1330, 861, 81.0, 1),
	(15406, 1331, 880, 84.0, 0),
	(15407, 1331, 801, 79.0, 0),
	(15408, 1330, 863, 62.0, 1),
	(15409, 1330, 864, 79.0, 1),
	(15410, 1331, 806, 64.0, 1),
	(15411, 1331, 865, 76.0, 0),
	(15412, 1331, 866, 64.0, 0),
	(15413, 1331, 867, 86.0, 1),
	(15414, 1331, 868, 72.0, 1),
	(15415, 1331, 869, 71.0, 1),
	(15416, 1331, 870, 66.0, 1),
	(15417, 1331, 814, 70.0, 1),
	(15418, 1331, 871, 69.0, 1),
	(15419, 1328, 873, 71.0, 1),
	(15420, 1329, 874, 71.0, 0),
	(15421, 1328, 821, 79.0, 0),
	(15422, 1328, 822, 87.0, 1),
	(15423, 1329, 875, 74.0, 1),
	(15424, 1329, 824, 88.0, 0),
	(15425, 1329, 876, 97.0, 1),
	(15426, 1330, 825, 61.0, 1),
	(15427, 1329, 877, 88.0, 0),
	(15428, 1328, 828, 70.0, 0),
	(15429, 1329, 829, 86.0, 0),
	(15430, 1328, 830, 59.0, 0),
	(15431, 1328, 831, 73.0, 1),
	(15432, 1329, 878, 85.0, 0),
	(15433, 1331, 879, 85.0, 0),
	(15434, 1332, 781, 78.0, 0),
	(15435, 1332, 782, 53.0, 1),
	(15436, 1333, 783, 77.0, 0),
	(15437, 1333, 784, 53.0, 1),
	(15438, 1333, 785, 50.0, 1),
	(15439, 1332, 834, 62.0, 0),
	(15440, 1334, 786, 50.0, 0),
	(15441, 1335, 787, 58.0, 1),
	(15442, 1335, 788, 50.0, 1),
	(15443, 1332, 789, 62.0, 1),
	(15444, 1332, 790, 70.0, 1),
	(15445, 1335, 791, 67.0, 0),
	(15446, 1334, 792, 56.0, 0),
	(15447, 1334, 793, 54.0, 0),
	(15448, 1335, 794, 78.0, 0),
	(15449, 1332, 795, 63.0, 1),
	(15450, 1332, 796, 71.0, 0),
	(15451, 1335, 797, 50.0, 0),
	(15452, 1335, 798, 60.0, 1),
	(15453, 1336, 799, 86.0, 1),
	(15454, 1334, 800, 67.0, 1),
	(15455, 1335, 801, 61.0, 1),
	(15456, 1335, 802, 79.0, 1),
	(15457, 1336, 803, 81.0, 0),
	(15458, 1335, 837, 55.0, 0),
	(15459, 1335, 804, 50.0, 1),
	(15460, 1336, 885, 92.0, 1),
	(15461, 1336, 806, 82.0, 0),
	(15462, 1336, 807, 73.0, 0),
	(15463, 1336, 808, 92.0, 1),
	(15464, 1336, 809, 80.0, 1),
	(15465, 1336, 810, 79.0, 1),
	(15466, 1336, 811, 89.0, 0),
	(15467, 1335, 812, 59.0, 1),
	(15468, 1336, 814, 95.0, 0),
	(15469, 1336, 817, 91.0, 0),
	(15470, 1335, 818, 65.0, 0),
	(15471, 1336, 886, 82.0, 1),
	(15472, 1333, 819, 74.0, 0),
	(15473, 1333, 820, 62.0, 1),
	(15474, 1333, 821, 56.0, 0),
	(15475, 1333, 822, 64.0, 1),
	(15476, 1332, 823, 61.0, 0),
	(15477, 1332, 824, 50.0, 1),
	(15478, 1332, 825, 61.0, 1),
	(15479, 1334, 826, 84.0, 1),
	(15480, 1333, 827, 68.0, 0),
	(15481, 1333, 828, 86.0, 1),
	(15482, 1332, 829, 50.0, 0),
	(15483, 1333, 830, 58.0, 1),
	(15484, 1333, 831, 53.0, 0),
	(15485, 1333, 832, 71.0, 0),
	(15486, 1334, 833, 73.0, 1),
	(15487, 1337, 781, 59.0, 1),
	(15488, 1338, 782, 50.0, 0),
	(15489, 1337, 783, 50.0, 0),
	(15490, 1337, 784, 59.0, 1),
	(15491, 1337, 785, 54.0, 1),
	(15492, 1337, 834, 56.0, 1),
	(15493, 1338, 786, 60.0, 1),
	(15494, 1338, 787, 68.0, 1),
	(15495, 1339, 788, 73.0, 1),
	(15496, 1338, 789, 52.0, 0),
	(15497, 1338, 790, 54.0, 0),
	(15498, 1339, 791, 57.0, 1),
	(15499, 1338, 792, 92.0, 1),
	(15500, 1338, 793, 57.0, 1),
	(15501, 1338, 794, 52.0, 1),
	(15502, 1338, 795, 50.0, 1),
	(15503, 1338, 796, 54.0, 1),
	(15504, 1340, 797, 59.0, 1),
	(15505, 1339, 798, 55.0, 1),
	(15506, 1340, 799, 54.0, 1),
	(15507, 1339, 800, 55.0, 1),
	(15508, 1340, 801, 71.0, 0),
	(15509, 1339, 802, 75.0, 1),
	(15510, 1339, 835, 71.0, 1),
	(15511, 1340, 804, 74.0, 1),
	(15512, 1339, 805, 52.0, 1),
	(15513, 1340, 806, 63.0, 0),
	(15514, 1340, 807, 89.0, 1),
	(15515, 1340, 808, 59.0, 0),
	(15516, 1340, 809, 86.0, 1),
	(15517, 1340, 810, 50.0, 1),
	(15518, 1340, 811, 73.0, 1),
	(15519, 1341, 812, 76.0, 0),
	(15520, 1341, 813, 75.0, 0),
	(15521, 1341, 814, 94.0, 0),
	(15522, 1340, 816, 66.0, 0),
	(15523, 1340, 817, 77.0, 1),
	(15524, 1341, 818, 85.0, 0),
	(15525, 1337, 819, 50.0, 0),
	(15526, 1337, 820, 61.0, 1),
	(15527, 1337, 821, 56.0, 0),
	(15528, 1337, 822, 54.0, 0),
	(15529, 1338, 823, 59.0, 0),
	(15530, 1338, 824, 67.0, 0),
	(15531, 1339, 825, 51.0, 0),
	(15532, 1340, 826, 63.0, 0),
	(15533, 1337, 827, 65.0, 0),
	(15534, 1337, 828, 84.0, 1),
	(15535, 1338, 829, 60.0, 0),
	(15536, 1337, 830, 74.0, 1),
	(15537, 1337, 831, 70.0, 0),
	(15538, 1337, 832, 81.0, 0),
	(15539, 1339, 833, 54.0, 0),
	(15540, 1342, 838, 84.0, 1),
	(15541, 1343, 839, 68.0, 0),
	(15542, 1342, 840, 59.0, 0),
	(15543, 1342, 841, 63.0, 1),
	(15544, 1342, 842, 53.0, 0),
	(15545, 1342, 843, 60.0, 1),
	(15546, 1343, 844, 64.0, 1),
	(15547, 1343, 845, 77.0, 1),
	(15548, 1343, 846, 73.0, 0),
	(15549, 1344, 847, 54.0, 0),
	(15550, 1343, 848, 80.0, 1),
	(15551, 1344, 849, 55.0, 0),
	(15552, 1343, 850, 54.0, 0),
	(15553, 1343, 851, 81.0, 0),
	(15554, 1343, 793, 59.0, 1),
	(15555, 1343, 852, 79.0, 0),
	(15556, 1344, 853, 73.0, 0),
	(15557, 1343, 785, 77.0, 1),
	(15558, 1344, 854, 59.0, 1),
	(15559, 1344, 855, 71.0, 0),
	(15560, 1344, 856, 92.0, 1),
	(15561, 1343, 857, 64.0, 1),
	(15562, 1344, 858, 76.0, 0),
	(15563, 1344, 860, 71.0, 0),
	(15564, 1344, 861, 70.0, 1),
	(15565, 1345, 880, 80.0, 0),
	(15566, 1345, 801, 61.0, 1),
	(15567, 1344, 863, 73.0, 1),
	(15568, 1344, 864, 95.0, 1),
	(15569, 1345, 806, 71.0, 0),
	(15570, 1345, 865, 57.0, 0),
	(15571, 1345, 866, 66.0, 0),
	(15572, 1345, 867, 82.0, 0),
	(15573, 1345, 868, 72.0, 1),
	(15574, 1345, 869, 69.0, 1),
	(15575, 1345, 870, 65.0, 1),
	(15576, 1345, 814, 84.0, 1),
	(15577, 1345, 871, 73.0, 0),
	(15578, 1342, 873, 68.0, 0),
	(15579, 1342, 874, 61.0, 1),
	(15580, 1342, 821, 63.0, 0),
	(15581, 1342, 822, 63.0, 1),
	(15582, 1343, 875, 53.0, 0),
	(15583, 1343, 824, 78.0, 1),
	(15584, 1344, 876, 65.0, 0),
	(15585, 1344, 825, 72.0, 1),
	(15586, 1342, 877, 91.0, 1),
	(15587, 1342, 828, 74.0, 0),
	(15588, 1343, 829, 68.0, 0),
	(15589, 1342, 830, 66.0, 0),
	(15590, 1342, 831, 84.0, 1),
	(15591, 1342, 878, 91.0, 1),
	(15592, 1344, 879, 82.0, 1),
	(15593, 1346, 838, 83.0, 0),
	(15594, 1346, 839, 90.0, 1),
	(15595, 1346, 840, 98.0, 0),
	(15596, 1346, 841, 81.0, 1),
	(15597, 1346, 842, 74.0, 1),
	(15598, 1346, 843, 89.0, 1),
	(15599, 1347, 844, 86.0, 0),
	(15600, 1347, 845, 87.0, 0),
	(15601, 1347, 846, 77.0, 0),
	(15602, 1347, 847, 80.0, 1),
	(15603, 1347, 848, 95.0, 1),
	(15604, 1347, 849, 81.0, 1),
	(15605, 1347, 850, 92.0, 0),
	(15606, 1347, 851, 88.0, 1),
	(15607, 1347, 852, 94.0, 0),
	(15608, 1348, 854, 91.0, 0),
	(15609, 1348, 855, 85.0, 0),
	(15610, 1348, 856, 84.0, 0),
	(15611, 1347, 857, 93.0, 1),
	(15612, 1348, 858, 94.0, 0),
	(15613, 1348, 860, 89.0, 1),
	(15614, 1348, 861, 89.0, 1),
	(15615, 1348, 880, 91.0, 0),
	(15616, 1348, 801, 88.0, 1),
	(15617, 1348, 863, 84.0, 1),
	(15618, 1348, 864, 100.0, 1),
	(15619, 1349, 806, 80.0, 1),
	(15620, 1349, 865, 95.0, 0),
	(15621, 1349, 866, 99.0, 0),
	(15622, 1349, 867, 85.0, 0),
	(15623, 1349, 868, 81.0, 1),
	(15624, 1348, 869, 93.0, 0),
	(15625, 1349, 870, 84.0, 1),
	(15626, 1349, 814, 91.0, 0),
	(15627, 1348, 884, 95.0, 0),
	(15628, 1349, 871, 97.0, 0),
	(15629, 1349, 887, 93.0, 1),
	(15630, 1346, 873, 73.0, 0),
	(15631, 1347, 874, 96.0, 0),
	(15632, 1346, 821, 70.0, 0),
	(15633, 1346, 822, 89.0, 1),
	(15634, 1347, 875, 80.0, 1),
	(15635, 1347, 824, 98.0, 0),
	(15636, 1348, 876, 98.0, 0),
	(15637, 1348, 825, 90.0, 1),
	(15638, 1346, 877, 98.0, 1),
	(15639, 1346, 828, 81.0, 0),
	(15640, 1347, 829, 96.0, 0),
	(15641, 1346, 830, 90.0, 0),
	(15642, 1346, 831, 88.0, 1),
	(15643, 1346, 878, 98.0, 1),
	(15644, 1348, 879, 100.0, 0),
	(15645, 1350, 781, 54.0, 1),
	(15646, 1351, 782, 98.0, 0),
	(15647, 1350, 783, 54.0, 0),
	(15648, 1350, 784, 59.0, 1),
	(15649, 1352, 785, 62.0, 1),
	(15650, 1350, 834, 74.0, 1),
	(15651, 1351, 786, 68.0, 1),
	(15652, 1351, 787, 70.0, 0),
	(15653, 1351, 788, 78.0, 1),
	(15654, 1352, 789, 64.0, 1),
	(15655, 1351, 790, 61.0, 0),
	(15656, 1352, 791, 50.0, 1),
	(15657, 1351, 792, 80.0, 1),
	(15658, 1352, 793, 54.0, 0),
	(15659, 1353, 836, 77.0, 0),
	(15660, 1351, 795, 79.0, 1),
	(15661, 1352, 796, 62.0, 1),
	(15662, 1354, 797, 82.0, 0),
	(15663, 1354, 798, 64.0, 0),
	(15664, 1351, 799, 83.0, 1),
	(15665, 1351, 800, 50.0, 0),
	(15666, 1354, 801, 65.0, 1),
	(15667, 1351, 802, 90.0, 1),
	(15668, 1354, 835, 75.0, 0),
	(15669, 1353, 803, 82.0, 0),
	(15670, 1354, 888, 64.0, 1),
	(15671, 1353, 805, 83.0, 0),
	(15672, 1354, 806, 81.0, 1),
	(15673, 1354, 807, 63.0, 1),
	(15674, 1354, 808, 60.0, 0),
	(15675, 1353, 809, 87.0, 0),
	(15676, 1353, 810, 68.0, 0),
	(15677, 1354, 811, 79.0, 1),
	(15678, 1353, 812, 61.0, 0),
	(15679, 1353, 813, 81.0, 0),
	(15680, 1354, 814, 60.0, 1),
	(15681, 1354, 816, 72.0, 1),
	(15682, 1354, 818, 55.0, 1),
	(15683, 1354, 889, 67.0, 0),
	(15684, 1350, 819, 51.0, 1),
	(15685, 1352, 820, 61.0, 1),
	(15686, 1350, 821, 52.0, 0),
	(15687, 1350, 822, 67.0, 1),
	(15688, 1352, 823, 52.0, 0),
	(15689, 1352, 824, 60.0, 1),
	(15690, 1351, 825, 67.0, 1),
	(15691, 1350, 827, 62.0, 0),
	(15692, 1350, 828, 89.0, 0),
	(15693, 1350, 829, 72.0, 1),
	(15694, 1352, 830, 64.0, 0),
	(15695, 1350, 831, 71.0, 0),
	(15696, 1350, 832, 77.0, 1),
	(15697, 1351, 833, 96.0, 1),
	(15698, 1355, 781, 51.0, 1),
	(15699, 1356, 782, 78.0, 1),
	(15700, 1355, 783, 51.0, 0),
	(15701, 1356, 784, 67.0, 1),
	(15702, 1356, 785, 56.0, 1),
	(15703, 1356, 834, 51.0, 1),
	(15704, 1357, 786, 50.0, 0),
	(15705, 1357, 787, 58.0, 1),
	(15706, 1357, 788, 65.0, 1),
	(15707, 1356, 789, 61.0, 1),
	(15708, 1356, 790, 70.0, 1),
	(15709, 1358, 791, 63.0, 1),
	(15710, 1357, 792, 63.0, 0),
	(15711, 1357, 793, 62.0, 1),
	(15712, 1356, 795, 50.0, 1),
	(15713, 1356, 796, 69.0, 1),
	(15714, 1359, 797, 50.0, 0),
	(15715, 1359, 798, 53.0, 1),
	(15716, 1359, 799, 59.0, 1),
	(15717, 1357, 800, 55.0, 0),
	(15718, 1359, 801, 59.0, 0),
	(15719, 1359, 802, 71.0, 1),
	(15720, 1359, 835, 53.0, 0),
	(15721, 1358, 803, 65.0, 0),
	(15722, 1358, 805, 89.0, 0),
	(15723, 1358, 885, 79.0, 1),
	(15724, 1359, 806, 62.0, 1),
	(15725, 1358, 807, 85.0, 0),
	(15726, 1358, 808, 82.0, 1),
	(15727, 1359, 809, 82.0, 1),
	(15728, 1358, 810, 90.0, 0),
	(15729, 1358, 811, 75.0, 0),
	(15730, 1359, 812, 66.0, 1),
	(15731, 1359, 813, 50.0, 1),
	(15732, 1358, 814, 90.0, 0),
	(15733, 1359, 817, 59.0, 1),
	(15734, 1358, 818, 90.0, 1),
	(15735, 1358, 886, 87.0, 1),
	(15736, 1355, 819, 50.0, 0),
	(15737, 1355, 820, 50.0, 1),
	(15738, 1355, 821, 52.0, 0),
	(15739, 1355, 822, 56.0, 1),
	(15740, 1356, 823, 51.0, 0),
	(15741, 1356, 824, 76.0, 0),
	(15742, 1356, 825, 68.0, 1),
	(15743, 1357, 826, 76.0, 1),
	(15744, 1355, 827, 61.0, 0),
	(15745, 1356, 828, 51.0, 0),
	(15746, 1356, 829, 83.0, 1),
	(15747, 1355, 830, 50.0, 1),
	(15748, 1355, 831, 51.0, 0),
	(15749, 1355, 832, 70.0, 0),
	(15750, 1357, 833, 61.0, 1),
	(15751, 1259, 890, 58.0, 0),
	(15752, 1257, 891, 74.0, 0),
	(15753, 1257, 892, 70.0, 0),
	(15754, 1258, 893, 53.0, 1),
	(15755, 1257, 781, 50.0, 1),
	(15756, 1258, 894, 53.0, 0),
	(15757, 1258, 895, 51.0, 0),
	(15758, 1258, 787, 50.0, 1),
	(15759, 1257, 783, 50.0, 0),
	(15760, 1260, 813, 84.0, 0),
	(15761, 1257, 896, 77.0, 0),
	(15762, 1259, 897, 50.0, 1),
	(15763, 1260, 898, 78.0, 0),
	(15764, 1258, 899, 63.0, 0),
	(15765, 1257, 900, 68.0, 0),
	(15766, 1257, 901, 78.0, 0),
	(15767, 1258, 902, 66.0, 0),
	(15768, 1258, 903, 70.0, 0),
	(15769, 1260, 904, 80.0, 0),
	(15770, 1258, 905, 50.0, 1),
	(15771, 1258, 790, 50.0, 0),
	(15772, 1260, 906, 80.0, 0),
	(15773, 1260, 907, 80.0, 0),
	(15774, 1259, 908, 58.0, 0),
	(15775, 1259, 909, 57.0, 0),
	(15776, 1259, 847, 50.0, 0),
	(15777, 1257, 785, 54.0, 0),
	(15778, 1260, 814, 90.0, 0),
	(15779, 1260, 796, 80.0, 0),
	(15780, 1260, 910, 89.0, 0),
	(15781, 1259, 800, 50.0, 0),
	(15782, 1259, 911, 55.0, 0),
	(15783, 1260, 912, 83.0, 0),
	(15784, 1259, 913, 51.0, 0),
	(15785, 1259, 914, 50.0, 0),
	(15786, 1260, 818, 89.0, 0),
	(15787, 1257, 821, 73.0, 0),
	(15788, 1259, 915, 65.0, 0),
	(15789, 1260, 916, 92.0, 0),
	(15790, 1259, 836, 52.0, 0),
	(15791, 1360, 890, 71.0, 0),
	(15792, 1361, 891, 86.0, 0),
	(15793, 1361, 892, 80.0, 0),
	(15794, 1362, 893, 51.0, 0),
	(15795, 1361, 781, 58.0, 1),
	(15796, 1361, 782, 50.0, 0),
	(15797, 1362, 894, 56.0, 0),
	(15798, 1362, 895, 65.0, 0),
	(15799, 1362, 787, 54.0, 0),
	(15800, 1361, 783, 61.0, 1),
	(15801, 1363, 813, 79.0, 0),
	(15802, 1361, 896, 65.0, 0),
	(15803, 1360, 897, 56.0, 0),
	(15804, 1363, 812, 83.0, 0),
	(15805, 1363, 898, 77.0, 0),
	(15806, 1362, 899, 70.0, 0),
	(15807, 1361, 900, 55.0, 0),
	(15808, 1361, 901, 78.0, 0),
	(15809, 1362, 902, 50.0, 0),
	(15810, 1362, 903, 62.0, 0),
	(15811, 1360, 799, 55.0, 0),
	(15812, 1363, 904, 85.0, 0),
	(15813, 1361, 905, 65.0, 0),
	(15814, 1362, 790, 50.0, 1),
	(15815, 1361, 820, 56.0, 0),
	(15816, 1363, 906, 82.0, 0),
	(15817, 1363, 907, 82.0, 0),
	(15818, 1360, 825, 50.0, 0),
	(15819, 1360, 908, 70.0, 0),
	(15820, 1360, 909, 58.0, 0),
	(15821, 1362, 847, 61.0, 0),
	(15822, 1361, 785, 52.0, 0),
	(15823, 1363, 814, 90.0, 0),
	(15824, 1363, 796, 78.0, 0),
	(15825, 1363, 910, 81.0, 0),
	(15826, 1360, 800, 51.0, 0),
	(15827, 1360, 801, 59.0, 0),
	(15828, 1362, 911, 50.0, 1),
	(15829, 1361, 784, 63.0, 0),
	(15830, 1363, 912, 83.0, 0),
	(15831, 1360, 913, 62.0, 0),
	(15832, 1360, 914, 64.0, 1),
	(15833, 1363, 818, 90.0, 0),
	(15834, 1361, 821, 68.0, 0),
	(15835, 1363, 817, 91.0, 0),
	(15836, 1360, 915, 50.0, 0),
	(15837, 1363, 916, 91.0, 0),
	(15838, 1362, 788, 60.0, 0),
	(15839, 1360, 836, 57.0, 0),
	(15840, 1364, 822, 100.0, 0),
	(15841, 1364, 841, 100.0, 0),
	(15842, 1365, 822, 90.0, 0),
	(15843, 1366, 841, 91.0, 0),
	(15844, 1367, 917, 90.0, 0),
	(15845, 1368, 875, 74.0, 0),
	(15846, 1367, 918, 78.0, 0),
	(15847, 1368, 919, 76.0, 0),
	(15848, 1367, 920, 66.0, 0),
	(15849, 1368, 850, 64.0, 0),
	(15850, 1367, 921, 53.0, 0),
	(15851, 1366, 896, 90.0, 0),
	(15852, 1368, 899, 69.0, 0),
	(15853, 1366, 922, 86.0, 0),
	(15854, 1367, 864, 89.0, 0),
	(15855, 1366, 901, 91.0, 0),
	(15856, 1366, 830, 80.0, 0),
	(15857, 1368, 923, 72.0, 0),
	(15858, 1368, 924, 95.0, 0),
	(15859, 1366, 820, 79.0, 0),
	(15860, 1365, 925, 89.0, 0),
	(15861, 1366, 926, 64.0, 0),
	(15862, 1366, 927, 76.0, 0),
	(15863, 1368, 908, 73.0, 0),
	(15864, 1365, 909, 77.0, 0),
	(15865, 1365, 928, 76.0, 0),
	(15866, 1368, 845, 87.0, 0),
	(15867, 1367, 929, 69.0, 0),
	(15868, 1368, 847, 68.0, 0),
	(15869, 1366, 843, 78.0, 0),
	(15870, 1367, 814, 75.0, 0),
	(15871, 1365, 852, 87.0, 0),
	(15872, 1365, 800, 91.0, 0),
	(15873, 1365, 801, 90.0, 0),
	(15874, 1367, 930, 69.0, 0),
	(15875, 1366, 840, 78.0, 0),
	(15876, 1368, 846, 69.0, 0),
	(15877, 1366, 842, 87.0, 0),
	(15878, 1365, 931, 87.0, 0),
	(15879, 1367, 932, 81.0, 0),
	(15880, 1366, 821, 86.0, 0),
	(15881, 1368, 933, 93.0, 0),
	(15882, 1365, 862, 93.0, 0),
	(15883, 1365, 934, 84.0, 0),
	(15884, 1365, 806, 88.0, 0),
	(15885, 1367, 869, 77.0, 0),
	(15886, 1365, 854, 85.0, 0),
	(15887, 1367, 883, 92.0, 0),
	(15888, 1367, 856, 68.0, 0),
	(15889, 1368, 935, 83.0, 0),
	(15890, 1369, 896, 62.0, 0),
	(15891, 1369, 922, 52.0, 1),
	(15892, 1369, 830, 83.0, 0),
	(15893, 1369, 926, 50.0, 1),
	(15894, 1369, 840, 57.0, 0),
	(15895, 1369, 821, 61.0, 0),
	(15896, 1370, 822, 91.0, 0),
	(15897, 1371, 841, 56.0, 0),
	(15898, 1372, 917, 82.0, 0),
	(15899, 1373, 875, 50.0, 0),
	(15900, 1372, 918, 79.0, 0),
	(15901, 1373, 919, 64.0, 0),
	(15902, 1372, 920, 77.0, 0),
	(15903, 1373, 850, 50.0, 0),
	(15904, 1372, 921, 50.0, 0),
	(15905, 1371, 896, 62.0, 0),
	(15906, 1373, 899, 53.0, 0),
	(15907, 1371, 922, 52.0, 1),
	(15908, 1372, 864, 83.0, 0),
	(15909, 1371, 901, 75.0, 0),
	(15910, 1371, 830, 83.0, 0),
	(15911, 1373, 923, 59.0, 0),
	(15912, 1373, 924, 73.0, 0),
	(15913, 1371, 820, 57.0, 0),
	(15914, 1370, 925, 90.0, 0),
	(15915, 1371, 926, 50.0, 1),
	(15916, 1371, 927, 57.0, 0),
	(15917, 1373, 908, 50.0, 1),
	(15918, 1370, 909, 72.0, 0),
	(15919, 1370, 928, 63.0, 0),
	(15920, 1373, 845, 50.0, 0),
	(15921, 1372, 929, 55.0, 0),
	(15922, 1373, 847, 54.0, 0),
	(15923, 1371, 843, 50.0, 0),
	(15924, 1372, 814, 69.0, 0),
	(15925, 1370, 852, 86.0, 0),
	(15926, 1370, 800, 91.0, 0),
	(15927, 1370, 801, 90.0, 0),
	(15928, 1372, 930, 59.0, 0),
	(15929, 1371, 840, 57.0, 0),
	(15930, 1373, 846, 51.0, 0),
	(15931, 1371, 842, 54.0, 0),
	(15932, 1370, 931, 86.0, 0),
	(15933, 1372, 932, 86.0, 0),
	(15934, 1371, 821, 61.0, 0),
	(15935, 1373, 933, 71.0, 0),
	(15936, 1370, 862, 92.0, 0),
	(15937, 1370, 934, 82.0, 0),
	(15938, 1370, 806, 89.0, 0),
	(15939, 1372, 869, 69.0, 0),
	(15940, 1370, 854, 90.0, 0),
	(15941, 1372, 883, 55.0, 0),
	(15942, 1372, 856, 73.0, 0),
	(15943, 1373, 935, 53.0, 0),
	(15944, 1374, 890, 79.0, 1),
	(15945, 1375, 891, 74.0, 0),
	(15946, 1375, 892, 88.0, 1),
	(15947, 1376, 893, 50.0, 0),
	(15948, 1375, 781, 69.0, 0),
	(15949, 1375, 782, 64.0, 1),
	(15950, 1376, 894, 50.0, 0),
	(15951, 1376, 895, 50.0, 1),
	(15952, 1376, 787, 50.0, 1),
	(15953, 1375, 783, 50.0, 1),
	(15954, 1377, 813, 50.0, 0),
	(15955, 1375, 896, 54.0, 0),
	(15956, 1374, 897, 50.0, 0),
	(15957, 1377, 812, 52.0, 0),
	(15958, 1377, 898, 50.0, 0),
	(15959, 1376, 899, 50.0, 0),
	(15960, 1375, 900, 53.0, 0),
	(15961, 1375, 901, 76.0, 0),
	(15962, 1376, 902, 63.0, 1),
	(15963, 1376, 903, 53.0, 0),
	(15964, 1374, 799, 50.0, 1),
	(15965, 1377, 904, 58.0, 1),
	(15966, 1376, 905, 50.0, 0),
	(15967, 1376, 790, 50.0, 1),
	(15968, 1375, 820, 66.0, 1),
	(15969, 1377, 906, 55.0, 1),
	(15970, 1377, 907, 59.0, 0),
	(15971, 1374, 825, 68.0, 1),
	(15972, 1374, 908, 55.0, 0),
	(15973, 1374, 909, 55.0, 1),
	(15974, 1376, 847, 55.0, 0),
	(15975, 1375, 785, 55.0, 1),
	(15976, 1377, 814, 59.0, 0),
	(15977, 1377, 796, 50.0, 1),
	(15978, 1377, 910, 58.0, 0),
	(15979, 1374, 800, 59.0, 0),
	(15980, 1374, 801, 69.0, 1),
	(15981, 1376, 911, 50.0, 1),
	(15982, 1375, 784, 50.0, 1),
	(15983, 1377, 912, 90.0, 0),
	(15984, 1374, 913, 69.0, 1),
	(15985, 1374, 914, 68.0, 0),
	(15986, 1377, 818, 78.0, 1),
	(15987, 1375, 821, 66.0, 0),
	(15988, 1377, 817, 87.0, 1),
	(15989, 1374, 915, 73.0, 0),
	(15990, 1377, 916, 73.0, 1),
	(15991, 1376, 788, 50.0, 1),
	(15992, 1374, 836, 50.0, 0),
	(15993, 1378, 890, 79.0, 0),
	(15994, 1379, 891, 67.0, 0),
	(15995, 1379, 892, 77.0, 0),
	(15996, 1380, 893, 84.0, 0),
	(15997, 1379, 781, 56.0, 0),
	(15998, 1379, 782, 50.0, 0),
	(15999, 1380, 894, 67.0, 0),
	(16000, 1380, 895, 80.0, 0),
	(16001, 1380, 787, 68.0, 0),
	(16002, 1379, 783, 63.0, 0),
	(16003, 1381, 813, 74.0, 0),
	(16004, 1379, 896, 63.0, 0),
	(16005, 1378, 897, 59.0, 0),
	(16006, 1381, 812, 50.0, 0),
	(16007, 1381, 898, 60.0, 0),
	(16008, 1380, 899, 78.0, 0),
	(16009, 1379, 900, 50.0, 0),
	(16010, 1379, 901, 80.0, 0),
	(16011, 1380, 902, 64.0, 0),
	(16012, 1380, 903, 74.0, 0),
	(16013, 1378, 799, 56.0, 0),
	(16014, 1381, 904, 77.0, 0),
	(16015, 1380, 905, 73.0, 0),
	(16016, 1380, 790, 67.0, 0),
	(16017, 1379, 820, 50.0, 0),
	(16018, 1381, 906, 72.0, 0),
	(16019, 1381, 907, 50.0, 0),
	(16020, 1378, 825, 76.0, 0),
	(16021, 1378, 908, 57.0, 0),
	(16022, 1378, 909, 50.0, 0),
	(16023, 1380, 847, 74.0, 0),
	(16024, 1379, 785, 74.0, 0),
	(16025, 1381, 814, 62.0, 0),
	(16026, 1381, 796, 67.0, 0),
	(16027, 1381, 910, 58.0, 0),
	(16028, 1378, 800, 68.0, 0),
	(16029, 1378, 801, 64.0, 0),
	(16030, 1380, 911, 62.0, 0),
	(16031, 1379, 784, 65.0, 0),
	(16032, 1381, 912, 93.0, 0),
	(16033, 1378, 913, 73.0, 0),
	(16034, 1378, 914, 73.0, 0),
	(16035, 1381, 818, 69.0, 0),
	(16036, 1379, 821, 65.0, 0),
	(16037, 1381, 817, 81.0, 0),
	(16038, 1378, 915, 75.0, 0),
	(16039, 1381, 916, 68.0, 0),
	(16040, 1380, 788, 75.0, 0),
	(16041, 1378, 836, 50.0, 0),
	(16042, 1382, 822, 81.0, 0),
	(16043, 1383, 841, 57.0, 0),
	(16044, 1384, 917, 90.0, 0),
	(16045, 1385, 875, 75.0, 0),
	(16046, 1384, 918, 81.0, 0),
	(16047, 1385, 919, 83.0, 0),
	(16048, 1384, 920, 82.0, 0),
	(16049, 1385, 850, 78.0, 0),
	(16050, 1384, 921, 75.0, 0),
	(16051, 1383, 896, 78.0, 0),
	(16052, 1385, 899, 92.0, 0),
	(16053, 1383, 922, 89.0, 0),
	(16054, 1384, 864, 88.0, 0),
	(16055, 1383, 901, 76.0, 0),
	(16056, 1383, 830, 79.0, 0),
	(16057, 1385, 923, 98.0, 0),
	(16058, 1385, 924, 90.0, 0),
	(16059, 1383, 820, 83.0, 0),
	(16060, 1382, 925, 92.0, 0),
	(16061, 1383, 926, 88.0, 0),
	(16062, 1383, 927, 91.0, 0),
	(16063, 1385, 908, 79.0, 0),
	(16064, 1382, 909, 73.0, 0),
	(16065, 1382, 928, 82.0, 0),
	(16066, 1385, 845, 75.0, 0),
	(16067, 1384, 929, 61.0, 0),
	(16068, 1385, 847, 90.0, 0),
	(16069, 1383, 843, 83.0, 0),
	(16070, 1384, 814, 70.0, 0),
	(16071, 1382, 852, 67.0, 0),
	(16072, 1382, 800, 81.0, 0),
	(16073, 1382, 801, 65.0, 0),
	(16074, 1384, 930, 92.0, 0),
	(16075, 1383, 840, 94.0, 0),
	(16076, 1385, 846, 89.0, 0),
	(16077, 1383, 842, 70.0, 0),
	(16078, 1382, 931, 60.0, 0),
	(16079, 1384, 932, 90.0, 0),
	(16080, 1383, 821, 60.0, 0),
	(16081, 1385, 933, 90.0, 0),
	(16082, 1382, 862, 91.0, 0),
	(16083, 1382, 934, 71.0, 0),
	(16084, 1382, 806, 80.0, 0),
	(16085, 1384, 869, 86.0, 0),
	(16086, 1382, 854, 70.0, 0),
	(16087, 1384, 883, 68.0, 0),
	(16088, 1384, 856, 59.0, 0),
	(16089, 1385, 935, 81.0, 0),
	(16090, 1386, 822, 73.0, 0),
	(16091, 1387, 841, 67.0, 0),
	(16092, 1388, 917, 82.0, 0),
	(16093, 1389, 875, 80.0, 0),
	(16094, 1388, 918, 80.0, 0),
	(16095, 1389, 919, 81.0, 0),
	(16096, 1388, 920, 77.0, 0),
	(16097, 1389, 850, 80.0, 0),
	(16098, 1388, 921, 66.0, 0),
	(16099, 1387, 896, 68.0, 0),
	(16100, 1389, 899, 89.0, 0),
	(16101, 1387, 922, 77.0, 0),
	(16102, 1388, 864, 89.0, 0),
	(16103, 1387, 901, 80.0, 0),
	(16104, 1387, 830, 66.0, 0),
	(16105, 1389, 923, 95.0, 0),
	(16106, 1389, 924, 85.0, 0),
	(16107, 1387, 820, 82.0, 0),
	(16108, 1386, 925, 78.0, 0),
	(16109, 1387, 926, 59.0, 0),
	(16110, 1387, 927, 76.0, 0),
	(16111, 1389, 908, 77.0, 0),
	(16112, 1386, 909, 82.0, 0),
	(16113, 1386, 928, 73.0, 0),
	(16114, 1389, 845, 77.0, 0),
	(16115, 1388, 929, 60.0, 0),
	(16116, 1389, 847, 77.0, 0),
	(16117, 1387, 843, 83.0, 0),
	(16118, 1388, 814, 66.0, 0),
	(16119, 1386, 852, 65.0, 0),
	(16120, 1386, 800, 59.0, 0),
	(16121, 1386, 801, 57.0, 0),
	(16122, 1388, 930, 78.0, 0),
	(16123, 1387, 840, 75.0, 0),
	(16124, 1389, 846, 85.0, 0),
	(16125, 1387, 842, 66.0, 0),
	(16126, 1386, 931, 65.0, 0),
	(16127, 1388, 932, 94.0, 0),
	(16128, 1387, 821, 59.0, 0),
	(16129, 1389, 933, 77.0, 0),
	(16130, 1386, 862, 80.0, 0),
	(16131, 1386, 934, 62.0, 0),
	(16132, 1386, 806, 58.0, 0),
	(16133, 1388, 869, 66.0, 0),
	(16134, 1386, 854, 64.0, 0),
	(16135, 1388, 883, 63.0, 0),
	(16136, 1388, 856, 62.0, 0),
	(16137, 1389, 935, 75.0, 0),
	(16138, 1390, 896, 78.0, 0),
	(16139, 1390, 922, 89.0, 0),
	(16140, 1390, 901, 76.0, 0),
	(16141, 1390, 923, 79.0, 0),
	(16142, 1390, 820, 83.0, 0),
	(16143, 1390, 926, 88.0, 0),
	(16144, 1390, 927, 91.0, 0),
	(16145, 1390, 843, 83.0, 0),
	(16146, 1390, 840, 94.0, 0),
	(16147, 1390, 821, 60.0, 0),
	(16148, 1391, 890, 62.0, 0),
	(16149, 1392, 891, 88.0, 0),
	(16150, 1392, 892, 85.0, 0),
	(16151, 1393, 893, 57.0, 0),
	(16152, 1392, 781, 73.0, 0),
	(16153, 1392, 782, 70.0, 0),
	(16154, 1393, 894, 53.0, 0),
	(16155, 1393, 895, 56.0, 0),
	(16156, 1393, 787, 50.0, 0),
	(16157, 1392, 783, 66.0, 0),
	(16158, 1394, 813, 80.0, 0),
	(16159, 1392, 896, 88.0, 0),
	(16160, 1391, 897, 50.0, 0),
	(16161, 1394, 812, 61.0, 0),
	(16162, 1394, 898, 50.0, 0),
	(16163, 1393, 899, 60.0, 0),
	(16164, 1392, 900, 70.0, 0),
	(16165, 1392, 901, 86.0, 0),
	(16166, 1393, 902, 58.0, 0),
	(16167, 1393, 903, 72.0, 0),
	(16168, 1391, 799, 57.0, 0),
	(16169, 1394, 904, 61.0, 0),
	(16170, 1393, 905, 50.0, 0),
	(16171, 1393, 790, 71.0, 0),
	(16172, 1392, 820, 69.0, 0),
	(16173, 1394, 906, 51.0, 0),
	(16174, 1394, 907, 63.0, 0),
	(16175, 1391, 825, 80.0, 0),
	(16176, 1391, 908, 50.0, 0),
	(16177, 1391, 909, 50.0, 0),
	(16178, 1393, 847, 55.0, 0),
	(16179, 1392, 785, 77.0, 0),
	(16180, 1394, 814, 52.0, 0),
	(16181, 1394, 796, 61.0, 0),
	(16182, 1394, 910, 51.0, 0),
	(16183, 1391, 800, 50.0, 0),
	(16184, 1391, 801, 50.0, 0),
	(16185, 1393, 911, 50.0, 0),
	(16186, 1392, 784, 78.0, 0),
	(16187, 1394, 912, 76.0, 0),
	(16188, 1391, 913, 63.0, 0),
	(16189, 1391, 914, 71.0, 0),
	(16190, 1394, 818, 50.0, 0),
	(16191, 1392, 821, 78.0, 0),
	(16192, 1394, 817, 50.0, 0),
	(16193, 1391, 915, 65.0, 0),
	(16194, 1394, 916, 65.0, 0),
	(16195, 1393, 788, 59.0, 0),
	(16196, 1391, 836, 50.0, 0),
	(16197, 1395, 890, 50.0, 0),
	(16198, 1395, 891, 50.0, 0),
	(16199, 1395, 892, 50.0, 0),
	(16200, 1395, 893, 50.0, 0),
	(16201, 1395, 781, 67.0, 0),
	(16202, 1395, 782, 66.0, 0),
	(16203, 1395, 894, 67.0, 0),
	(16204, 1395, 895, 65.0, 0),
	(16205, 1395, 787, 63.0, 0),
	(16206, 1395, 783, 52.0, 0),
	(16207, 1395, 813, 50.0, 0),
	(16208, 1395, 896, 50.0, 0),
	(16209, 1395, 897, 50.0, 0),
	(16210, 1395, 812, 50.0, 0),
	(16211, 1395, 898, 50.0, 0),
	(16212, 1395, 899, 53.0, 0),
	(16213, 1395, 900, 68.0, 0),
	(16214, 1395, 901, 66.0, 0),
	(16215, 1395, 902, 67.0, 0),
	(16216, 1395, 903, 64.0, 0),
	(16217, 1395, 799, 62.0, 0),
	(16218, 1395, 904, 65.0, 0),
	(16219, 1395, 905, 61.0, 0),
	(16220, 1395, 790, 50.0, 0),
	(16221, 1395, 820, 52.0, 0),
	(16222, 1395, 906, 52.0, 0),
	(16223, 1395, 907, 52.0, 0),
	(16224, 1395, 825, 68.0, 0),
	(16225, 1395, 908, 65.0, 0),
	(16226, 1395, 909, 62.0, 0),
	(16227, 1395, 847, 61.0, 0),
	(16228, 1395, 785, 59.0, 0),
	(16229, 1395, 814, 56.0, 0),
	(16230, 1395, 796, 50.0, 0),
	(16231, 1395, 910, 50.0, 0),
	(16232, 1395, 800, 50.0, 0),
	(16233, 1395, 801, 50.0, 0),
	(16234, 1395, 911, 66.0, 0),
	(16235, 1395, 784, 64.0, 0),
	(16236, 1395, 912, 64.0, 0),
	(16237, 1395, 913, 63.0, 0),
	(16238, 1395, 914, 62.0, 0),
	(16239, 1395, 818, 64.0, 0),
	(16240, 1395, 821, 57.0, 0),
	(16241, 1395, 817, 56.0, 0),
	(16242, 1395, 915, 54.0, 0),
	(16243, 1395, 916, 52.0, 0),
	(16244, 1395, 788, 68.0, 0),
	(16245, 1395, 836, 65.0, 0),
	(16246, 1284, 890, 64.0, 0),
	(16247, 1282, 891, 74.0, 0),
	(16248, 1282, 892, 67.0, 0),
	(16249, 1283, 893, 55.0, 0),
	(16250, 1282, 781, 72.0, 0),
	(16251, 1283, 894, 56.0, 0),
	(16252, 1283, 895, 58.0, 0),
	(16253, 1283, 787, 58.0, 0),
	(16254, 1282, 783, 80.0, 0),
	(16255, 1285, 813, 77.0, 0),
	(16256, 1282, 896, 64.0, 0),
	(16257, 1284, 897, 52.0, 0),
	(16258, 1285, 898, 77.0, 0),
	(16259, 1283, 899, 65.0, 0),
	(16260, 1282, 900, 62.0, 0),
	(16261, 1282, 901, 78.0, 0),
	(16262, 1283, 902, 69.0, 0),
	(16263, 1283, 903, 56.0, 0),
	(16264, 1285, 904, 78.0, 0),
	(16265, 1283, 905, 54.0, 0),
	(16266, 1285, 906, 80.0, 0),
	(16267, 1285, 907, 82.0, 0),
	(16268, 1284, 825, 56.0, 0),
	(16269, 1284, 908, 69.0, 0),
	(16270, 1284, 909, 68.0, 0),
	(16271, 1283, 847, 55.0, 0),
	(16272, 1285, 796, 83.0, 0),
	(16273, 1285, 910, 84.0, 0),
	(16274, 1284, 800, 50.0, 1),
	(16275, 1283, 911, 58.0, 0),
	(16276, 1282, 784, 50.0, 0),
	(16277, 1285, 912, 86.0, 0),
	(16278, 1284, 913, 78.0, 0),
	(16279, 1284, 914, 50.0, 0),
	(16280, 1285, 818, 82.0, 0),
	(16281, 1284, 915, 62.0, 0),
	(16282, 1285, 916, 75.0, 0),
	(16283, 1396, 928, 77.0, 0),
	(16284, 1397, 933, 75.0, 0),
	(16285, 1398, 883, 80.0, 0),
	(16286, 1399, 875, 50.0, 0),
	(16287, 1397, 843, 79.0, 0),
	(16288, 1396, 822, 76.0, 0),
	(16289, 1399, 899, 61.0, 0),
	(16290, 1396, 800, 65.0, 0),
	(16291, 1396, 801, 50.0, 0),
	(16292, 1397, 926, 60.0, 0),
	(16293, 1397, 927, 60.0, 0),
	(16294, 1396, 931, 66.0, 0),
	(16295, 1397, 821, 82.0, 0),
	(16296, 1398, 921, 65.0, 0),
	(16297, 1399, 935, 58.0, 0),
	(16298, 1396, 934, 58.0, 0),
	(16299, 1399, 846, 60.0, 0),
	(16300, 1396, 854, 75.0, 0),
	(16301, 1399, 896, 72.0, 0),
	(16302, 1397, 820, 70.0, 0),
	(16303, 1398, 920, 64.0, 0),
	(16304, 1397, 830, 100.0, 0),
	(16305, 1399, 923, 86.0, 0),
	(16306, 1399, 924, 52.0, 0),
	(16307, 1398, 869, 84.0, 0),
	(16308, 1398, 932, 72.0, 0),
	(16309, 1397, 901, 86.0, 0),
	(16310, 1396, 852, 69.0, 0),
	(16311, 1398, 917, 75.0, 0),
	(16312, 1397, 841, 67.0, 0),
	(16313, 1398, 918, 71.0, 0),
	(16314, 1399, 850, 56.0, 0),
	(16315, 1397, 922, 80.0, 0),
	(16316, 1398, 814, 67.0, 0),
	(16317, 1398, 929, 66.0, 0),
	(16318, 1399, 919, 50.0, 0),
	(16319, 1396, 806, 51.0, 0),
	(16320, 1396, 925, 57.0, 0),
	(16321, 1398, 864, 75.0, 0),
	(16322, 1397, 842, 75.0, 0),
	(16323, 1397, 840, 71.0, 0),
	(16324, 1396, 862, 69.0, 0),
	(16325, 1398, 856, 65.0, 0),
	(16326, 1398, 930, 61.0, 0),
	(16327, 1399, 847, 54.0, 0),
	(16328, 1399, 845, 82.0, 0),
	(16329, 1399, 908, 53.0, 0),
	(16330, 1396, 909, 63.0, 0),
	(16331, 1400, 903, 51.0, 0),
	(16332, 1401, 897, 83.0, 0),
	(16333, 1402, 813, 65.0, 0),
	(16334, 1402, 818, 76.0, 0),
	(16335, 1401, 799, 71.0, 0),
	(16336, 1400, 790, 50.0, 0),
	(16337, 1402, 812, 78.0, 0),
	(16338, 1403, 785, 67.0, 0),
	(16339, 1401, 913, 89.0, 0),
	(16340, 1401, 890, 89.0, 0),
	(16341, 1400, 899, 50.0, 0),
	(16342, 1401, 800, 79.0, 0),
	(16343, 1401, 801, 82.0, 0),
	(16344, 1402, 906, 73.0, 0),
	(16345, 1402, 904, 74.0, 0),
	(16346, 1403, 821, 64.0, 0),
	(16347, 1402, 898, 60.0, 0),
	(16348, 1401, 914, 76.0, 0),
	(16349, 1402, 910, 63.0, 0),
	(16350, 1400, 788, 55.0, 0),
	(16351, 1401, 836, 76.0, 0),
	(16352, 1400, 911, 50.0, 1),
	(16353, 1403, 896, 90.0, 0),
	(16354, 1403, 820, 52.0, 0),
	(16355, 1403, 891, 75.0, 0),
	(16356, 1403, 892, 61.0, 0),
	(16357, 1402, 912, 74.0, 0),
	(16358, 1403, 901, 74.0, 0),
	(16359, 1402, 796, 60.0, 0),
	(16360, 1402, 916, 54.0, 0),
	(16361, 1403, 783, 53.0, 1),
	(16362, 1403, 900, 59.0, 0),
	(16363, 1400, 905, 50.0, 0),
	(16364, 1402, 814, 59.0, 0),
	(16365, 1400, 902, 62.0, 0),
	(16366, 1400, 894, 50.0, 1),
	(16367, 1400, 895, 53.0, 1),
	(16368, 1402, 907, 73.0, 0),
	(16369, 1401, 825, 83.0, 0),
	(16370, 1403, 784, 50.0, 0),
	(16371, 1400, 893, 50.0, 0),
	(16372, 1403, 781, 79.0, 0),
	(16373, 1403, 782, 50.0, 0),
	(16374, 1402, 817, 77.0, 0),
	(16375, 1401, 915, 83.0, 0),
	(16376, 1400, 847, 58.0, 1),
	(16377, 1400, 787, 50.0, 0),
	(16378, 1401, 908, 95.0, 0),
	(16379, 1401, 909, 92.0, 0),
	(16380, 1404, 903, 56.0, 0),
	(16381, 1405, 897, 56.0, 0),
	(16382, 1406, 813, 54.0, 1),
	(16383, 1406, 818, 51.0, 0),
	(16384, 1405, 799, 54.0, 0),
	(16385, 1407, 790, 63.0, 0),
	(16386, 1406, 812, 50.0, 1),
	(16387, 1408, 785, 61.0, 0),
	(16388, 1405, 913, 60.0, 0),
	(16389, 1405, 890, 61.0, 0),
	(16390, 1404, 899, 50.0, 0),
	(16391, 1405, 800, 66.0, 0),
	(16392, 1405, 801, 60.0, 0),
	(16393, 1406, 906, 50.0, 0),
	(16394, 1406, 904, 54.0, 0),
	(16395, 1408, 821, 60.0, 0),
	(16396, 1406, 898, 50.0, 1),
	(16397, 1405, 914, 62.0, 0),
	(16398, 1406, 910, 55.0, 0),
	(16399, 1407, 788, 69.0, 0),
	(16400, 1405, 836, 58.0, 0),
	(16401, 1407, 911, 65.0, 0),
	(16402, 1408, 896, 55.0, 0),
	(16403, 1408, 820, 54.0, 0),
	(16404, 1408, 891, 50.0, 0),
	(16405, 1408, 892, 59.0, 0),
	(16406, 1406, 912, 91.0, 0),
	(16407, 1408, 901, 66.0, 0),
	(16408, 1406, 796, 56.0, 0),
	(16409, 1406, 916, 72.0, 0),
	(16410, 1408, 783, 59.0, 0),
	(16411, 1408, 900, 50.0, 1),
	(16412, 1404, 905, 58.0, 0),
	(16413, 1406, 814, 61.0, 0),
	(16414, 1404, 902, 50.0, 0),
	(16415, 1407, 894, 59.0, 0),
	(16416, 1407, 895, 64.0, 0),
	(16417, 1406, 907, 57.0, 0),
	(16418, 1405, 825, 68.0, 0),
	(16419, 1408, 784, 57.0, 0),
	(16420, 1407, 893, 51.0, 0),
	(16421, 1408, 781, 50.0, 0),
	(16422, 1408, 782, 50.0, 1),
	(16423, 1406, 817, 70.0, 0),
	(16424, 1405, 915, 72.0, 0),
	(16425, 1407, 847, 77.0, 0),
	(16426, 1407, 787, 64.0, 0),
	(16427, 1405, 908, 57.0, 0),
	(16428, 1405, 909, 59.0, 0),
	(16429, 1409, 788, 50.0, 0),
	(16430, 1409, 847, 58.0, 0),
	(16431, 1410, 903, 83.0, 0),
	(16432, 1411, 897, 84.0, 0),
	(16433, 1412, 813, 53.0, 0),
	(16434, 1412, 818, 78.0, 0),
	(16435, 1411, 799, 74.0, 0),
	(16436, 1410, 790, 50.0, 1),
	(16437, 1412, 812, 67.0, 0),
	(16438, 1413, 785, 57.0, 0),
	(16439, 1411, 913, 85.0, 0),
	(16440, 1411, 890, 90.0, 0),
	(16441, 1410, 899, 75.0, 0),
	(16442, 1411, 800, 80.0, 0),
	(16443, 1411, 801, 77.0, 0),
	(16444, 1412, 906, 65.0, 0),
	(16445, 1412, 904, 74.0, 0),
	(16446, 1413, 821, 53.0, 0),
	(16447, 1412, 898, 50.0, 0),
	(16448, 1411, 914, 78.0, 0),
	(16449, 1412, 910, 70.0, 0),
	(16450, 1410, 788, 50.0, 1),
	(16451, 1411, 836, 72.0, 0),
	(16452, 1410, 911, 78.0, 0),
	(16453, 1413, 896, 66.0, 0),
	(16454, 1413, 820, 54.0, 0),
	(16455, 1413, 891, 57.0, 0),
	(16456, 1413, 892, 60.0, 0),
	(16457, 1412, 912, 68.0, 0),
	(16458, 1413, 901, 75.0, 0),
	(16459, 1412, 796, 60.0, 0),
	(16460, 1412, 916, 62.0, 0),
	(16461, 1413, 783, 50.0, 1),
	(16462, 1413, 900, 51.0, 0),
	(16463, 1410, 905, 66.0, 0),
	(16464, 1412, 814, 54.0, 0),
	(16465, 1410, 902, 56.0, 0),
	(16466, 1410, 894, 79.0, 0),
	(16467, 1410, 895, 55.0, 0),
	(16468, 1412, 907, 67.0, 0),
	(16469, 1411, 825, 79.0, 0),
	(16470, 1413, 784, 52.0, 0),
	(16471, 1410, 893, 56.0, 0),
	(16472, 1413, 781, 50.0, 1),
	(16473, 1413, 782, 51.0, 0),
	(16474, 1412, 817, 74.0, 0),
	(16475, 1411, 915, 84.0, 0),
	(16476, 1410, 847, 58.0, 0),
	(16477, 1410, 787, 50.0, 1),
	(16478, 1411, 908, 94.0, 0),
	(16479, 1411, 909, 92.0, 0),
	(16480, 1414, 928, 67.0, 0),
	(16481, 1415, 933, 88.0, 0),
	(16482, 1416, 883, 50.0, 1),
	(16483, 1415, 875, 74.0, 0),
	(16484, 1417, 843, 50.0, 1),
	(16485, 1414, 822, 88.0, 0),
	(16486, 1415, 899, 78.0, 0),
	(16487, 1416, 800, 50.0, 0),
	(16488, 1416, 801, 50.0, 0),
	(16489, 1417, 926, 53.0, 0),
	(16490, 1417, 927, 50.0, 0),
	(16491, 1414, 931, 60.0, 0),
	(16492, 1417, 821, 50.0, 1),
	(16493, 1416, 921, 50.0, 1),
	(16494, 1415, 935, 77.0, 0),
	(16495, 1414, 934, 58.0, 0),
	(16496, 1415, 846, 75.0, 0),
	(16497, 1414, 854, 61.0, 0),
	(16498, 1417, 896, 60.0, 0),
	(16499, 1417, 820, 53.0, 0),
	(16500, 1416, 920, 73.0, 0),
	(16501, 1417, 830, 57.0, 0),
	(16502, 1415, 923, 97.0, 0),
	(16503, 1415, 924, 87.0, 0),
	(16504, 1416, 869, 64.0, 0),
	(16505, 1416, 932, 82.0, 0),
	(16506, 1417, 901, 72.0, 0),
	(16507, 1414, 852, 63.0, 0),
	(16508, 1416, 917, 63.0, 0),
	(16509, 1417, 841, 50.0, 0),
	(16510, 1416, 918, 76.0, 0),
	(16511, 1415, 850, 73.0, 0),
	(16512, 1417, 922, 50.0, 0),
	(16513, 1416, 814, 50.0, 1),
	(16514, 1416, 929, 50.0, 1),
	(16515, 1415, 919, 84.0, 0),
	(16516, 1414, 806, 52.0, 0),
	(16517, 1414, 925, 73.0, 0),
	(16518, 1416, 864, 86.0, 0),
	(16519, 1417, 842, 50.0, 0),
	(16520, 1417, 840, 57.0, 0),
	(16521, 1414, 862, 77.0, 0),
	(16522, 1416, 856, 52.0, 1),
	(16523, 1416, 930, 68.0, 0),
	(16524, 1415, 847, 64.0, 0),
	(16525, 1415, 845, 71.0, 0),
	(16526, 1415, 908, 77.0, 0),
	(16527, 1414, 909, 50.0, 0),
	(16528, 1418, 928, 81.0, 0),
	(16529, 1419, 933, 67.0, 0),
	(16530, 1420, 883, 50.0, 1),
	(16531, 1419, 875, 51.0, 0),
	(16532, 1421, 843, 51.0, 0),
	(16533, 1418, 822, 80.0, 0),
	(16534, 1419, 899, 62.0, 0),
	(16535, 1418, 800, 78.0, 0),
	(16536, 1418, 801, 86.0, 0),
	(16537, 1421, 926, 63.0, 0),
	(16538, 1421, 927, 51.0, 0),
	(16539, 1418, 931, 70.0, 0),
	(16540, 1421, 821, 58.0, 0),
	(16541, 1420, 921, 50.0, 0),
	(16542, 1419, 935, 50.0, 1),
	(16543, 1418, 934, 77.0, 0),
	(16544, 1419, 846, 52.0, 0),
	(16545, 1418, 854, 74.0, 0),
	(16546, 1421, 896, 69.0, 0),
	(16547, 1421, 820, 69.0, 0),
	(16548, 1420, 920, 72.0, 0),
	(16549, 1421, 830, 69.0, 0),
	(16550, 1419, 923, 61.0, 0),
	(16551, 1419, 924, 60.0, 0),
	(16552, 1420, 869, 69.0, 0),
	(16553, 1420, 932, 51.0, 0),
	(16554, 1421, 901, 61.0, 0),
	(16555, 1418, 852, 84.0, 0),
	(16556, 1420, 917, 68.0, 0),
	(16557, 1421, 841, 53.0, 0),
	(16558, 1420, 918, 76.0, 0),
	(16559, 1419, 850, 50.0, 0),
	(16560, 1421, 922, 72.0, 0),
	(16561, 1420, 814, 51.0, 0),
	(16562, 1420, 929, 50.0, 1),
	(16563, 1419, 919, 51.0, 0),
	(16564, 1418, 806, 89.0, 0),
	(16565, 1418, 925, 80.0, 0),
	(16566, 1420, 864, 71.0, 0),
	(16567, 1421, 842, 50.0, 0),
	(16568, 1421, 840, 63.0, 0),
	(16569, 1418, 862, 84.0, 0),
	(16570, 1420, 856, 56.0, 1),
	(16571, 1420, 930, 50.0, 0),
	(16572, 1419, 847, 50.0, 0),
	(16573, 1419, 845, 52.0, 0),
	(16574, 1419, 908, 50.0, 0),
	(16575, 1418, 909, 67.0, 0),
	(16576, 1422, 928, 66.0, 0),
	(16577, 1423, 933, 79.0, 0),
	(16578, 1424, 883, 65.0, 0),
	(16579, 1425, 875, 56.0, 0),
	(16580, 1423, 843, 79.0, 0),
	(16581, 1422, 822, 80.0, 0),
	(16582, 1425, 899, 78.0, 0),
	(16583, 1422, 800, 50.0, 0),
	(16584, 1422, 801, 50.0, 1),
	(16585, 1423, 926, 73.0, 0),
	(16586, 1423, 927, 72.0, 0),
	(16587, 1422, 931, 73.0, 0),
	(16588, 1423, 821, 83.0, 0),
	(16589, 1424, 921, 51.0, 1),
	(16590, 1425, 935, 50.0, 1),
	(16591, 1422, 934, 62.0, 0),
	(16592, 1425, 846, 57.0, 0),
	(16593, 1422, 854, 71.0, 0),
	(16594, 1425, 896, 74.0, 0),
	(16595, 1423, 820, 77.0, 0),
	(16596, 1424, 920, 79.0, 0),
	(16597, 1423, 830, 100.0, 0),
	(16598, 1425, 923, 91.0, 0),
	(16599, 1425, 924, 61.0, 0),
	(16600, 1424, 869, 82.0, 0),
	(16601, 1424, 932, 87.0, 0),
	(16602, 1423, 901, 86.0, 0),
	(16603, 1422, 852, 74.0, 0),
	(16604, 1424, 917, 70.0, 0),
	(16605, 1423, 841, 81.0, 0),
	(16606, 1424, 918, 63.0, 0),
	(16607, 1425, 850, 56.0, 0),
	(16608, 1423, 922, 82.0, 0),
	(16609, 1424, 814, 56.0, 0),
	(16610, 1424, 929, 65.0, 0),
	(16611, 1425, 919, 50.0, 1),
	(16612, 1422, 806, 69.0, 0),
	(16613, 1422, 925, 72.0, 0),
	(16614, 1424, 864, 50.0, 0),
	(16615, 1423, 842, 83.0, 0),
	(16616, 1423, 840, 79.0, 0),
	(16617, 1422, 862, 76.0, 0),
	(16618, 1424, 856, 60.0, 0),
	(16619, 1424, 930, 57.0, 0),
	(16620, 1425, 847, 53.0, 0),
	(16621, 1425, 845, 82.0, 0),
	(16622, 1425, 908, 50.0, 1),
	(16623, 1422, 909, 63.0, 0),
	(16624, 1426, 928, 59.0, 0),
	(16625, 1427, 933, 82.0, 0),
	(16626, 1428, 883, 50.0, 0),
	(16627, 1427, 875, 72.0, 0),
	(16628, 1429, 843, 58.0, 0),
	(16629, 1426, 822, 73.0, 0),
	(16630, 1427, 899, 82.0, 0),
	(16631, 1426, 800, 57.0, 0),
	(16632, 1426, 801, 51.0, 0),
	(16633, 1429, 926, 50.0, 1),
	(16634, 1429, 927, 54.0, 0),
	(16635, 1426, 931, 58.0, 0),
	(16636, 1429, 821, 71.0, 0),
	(16637, 1428, 921, 50.0, 0),
	(16638, 1427, 935, 71.0, 0),
	(16639, 1426, 934, 50.0, 0),
	(16640, 1427, 846, 80.0, 0),
	(16641, 1426, 854, 65.0, 0),
	(16642, 1429, 896, 61.0, 0),
	(16643, 1429, 820, 51.0, 0),
	(16644, 1428, 920, 72.0, 0),
	(16645, 1429, 830, 75.0, 0),
	(16646, 1427, 923, 100.0, 0),
	(16647, 1427, 924, 81.0, 0),
	(16648, 1428, 869, 78.0, 0),
	(16649, 1428, 932, 83.0, 0),
	(16650, 1429, 901, 68.0, 0),
	(16651, 1426, 852, 59.0, 0),
	(16652, 1428, 917, 74.0, 0),
	(16653, 1429, 841, 65.0, 0),
	(16654, 1428, 918, 72.0, 0),
	(16655, 1427, 850, 80.0, 0),
	(16656, 1429, 922, 50.0, 1),
	(16657, 1428, 814, 62.0, 0),
	(16658, 1428, 929, 50.0, 0),
	(16659, 1427, 919, 82.0, 0),
	(16660, 1426, 806, 59.0, 0),
	(16661, 1426, 925, 51.0, 0),
	(16662, 1428, 864, 88.0, 0),
	(16663, 1429, 842, 70.0, 0),
	(16664, 1429, 840, 52.0, 0),
	(16665, 1426, 862, 72.0, 0),
	(16666, 1428, 856, 50.0, 0),
	(16667, 1428, 930, 81.0, 0),
	(16668, 1427, 847, 76.0, 0),
	(16669, 1427, 845, 77.0, 0),
	(16670, 1427, 908, 72.0, 0),
	(16671, 1426, 909, 50.0, 0),
	(16672, 1430, 903, 84.0, 0),
	(16673, 1431, 897, 61.0, 0),
	(16674, 1432, 813, 61.0, 0),
	(16675, 1432, 818, 50.0, 0),
	(16676, 1431, 799, 72.0, 0),
	(16677, 1430, 790, 86.0, 0),
	(16678, 1432, 812, 70.0, 0),
	(16679, 1433, 785, 94.0, 0),
	(16680, 1431, 913, 65.0, 0),
	(16681, 1431, 890, 71.0, 0),
	(16682, 1430, 899, 86.0, 0),
	(16683, 1431, 800, 71.0, 0),
	(16684, 1431, 801, 79.0, 0),
	(16685, 1432, 906, 64.0, 0),
	(16686, 1432, 904, 63.0, 0),
	(16687, 1433, 821, 82.0, 0),
	(16688, 1432, 898, 63.0, 0),
	(16689, 1431, 914, 79.0, 0),
	(16690, 1432, 910, 87.0, 0),
	(16691, 1430, 788, 67.0, 0),
	(16692, 1431, 836, 58.0, 0),
	(16693, 1430, 911, 67.0, 0),
	(16694, 1433, 896, 87.0, 0),
	(16695, 1433, 820, 95.0, 0),
	(16696, 1433, 891, 97.0, 0),
	(16697, 1433, 892, 95.0, 0),
	(16698, 1432, 912, 97.0, 0),
	(16699, 1433, 901, 85.0, 0),
	(16700, 1432, 796, 58.0, 0),
	(16701, 1432, 916, 55.0, 0),
	(16702, 1433, 783, 97.0, 0),
	(16703, 1433, 900, 85.0, 0),
	(16704, 1430, 905, 57.0, 0),
	(16705, 1432, 814, 69.0, 0),
	(16706, 1430, 902, 90.0, 0),
	(16707, 1430, 894, 58.0, 0),
	(16708, 1430, 895, 62.0, 0),
	(16709, 1432, 907, 77.0, 0),
	(16710, 1431, 825, 79.0, 0),
	(16711, 1433, 784, 81.0, 0),
	(16712, 1430, 893, 63.0, 0),
	(16713, 1433, 781, 76.0, 0),
	(16714, 1433, 782, 80.0, 0),
	(16715, 1432, 817, 57.0, 0),
	(16716, 1431, 915, 78.0, 0),
	(16717, 1430, 847, 59.0, 0),
	(16718, 1430, 787, 81.0, 0),
	(16719, 1431, 908, 78.0, 0),
	(16720, 1431, 909, 67.0, 0),
	(16721, 1434, 903, 62.0, 0),
	(16722, 1435, 897, 50.0, 1),
	(16723, 1436, 813, 52.0, 0),
	(16724, 1436, 818, 59.0, 0),
	(16725, 1435, 799, 55.0, 0),
	(16726, 1434, 790, 50.0, 0),
	(16727, 1436, 812, 50.0, 1),
	(16728, 1437, 785, 50.0, 1),
	(16729, 1435, 913, 55.0, 0),
	(16730, 1435, 890, 62.0, 0),
	(16731, 1434, 899, 50.0, 0),
	(16732, 1435, 800, 57.0, 0),
	(16733, 1435, 801, 60.0, 0),
	(16734, 1438, 906, 50.0, 0),
	(16735, 1436, 904, 54.0, 1),
	(16736, 1437, 821, 50.0, 1),
	(16737, 1436, 898, 50.0, 0),
	(16738, 1435, 914, 56.0, 0),
	(16739, 1436, 910, 56.0, 0),
	(16740, 1439, 788, 77.0, 0),
	(16741, 1435, 836, 50.0, 1),
	(16742, 1434, 911, 50.0, 0),
	(16743, 1437, 896, 57.0, 0),
	(16744, 1434, 820, 50.0, 0),
	(16745, 1437, 891, 51.0, 0),
	(16746, 1437, 892, 50.0, 0),
	(16747, 1436, 912, 80.0, 0),
	(16748, 1437, 901, 70.0, 0),
	(16749, 1436, 796, 59.0, 0),
	(16750, 1436, 916, 66.0, 0),
	(16751, 1437, 783, 50.0, 0),
	(16752, 1437, 900, 50.0, 1),
	(16753, 1434, 905, 50.0, 0),
	(16754, 1436, 814, 64.0, 0),
	(16755, 1439, 902, 50.0, 0),
	(16756, 1439, 894, 61.0, 0),
	(16757, 1439, 895, 63.0, 0),
	(16758, 1436, 907, 58.0, 0),
	(16759, 1435, 825, 58.0, 0),
	(16760, 1437, 784, 52.0, 0),
	(16761, 1434, 893, 50.0, 1),
	(16762, 1437, 781, 50.0, 1),
	(16763, 1437, 782, 50.0, 1),
	(16764, 1436, 817, 74.0, 0),
	(16765, 1435, 915, 76.0, 0),
	(16766, 1434, 847, 50.0, 0),
	(16767, 1434, 787, 50.0, 0),
	(16768, 1435, 908, 52.0, 1),
	(16769, 1435, 909, 57.0, 0),
	(16770, 1440, 928, 58.0, 0),
	(16771, 1441, 933, 64.0, 0),
	(16772, 1442, 883, 69.0, 0),
	(16773, 1443, 875, 50.0, 0),
	(16774, 1444, 843, 76.0, 0),
	(16775, 1440, 822, 60.0, 1),
	(16776, 1441, 899, 50.0, 1),
	(16777, 1440, 800, 55.0, 0),
	(16778, 1440, 801, 54.0, 0),
	(16779, 1444, 926, 50.0, 1),
	(16780, 1444, 927, 50.0, 1),
	(16781, 1440, 931, 61.0, 0),
	(16782, 1445, 821, 61.0, 0),
	(16783, 1442, 921, 57.0, 0),
	(16784, 1441, 935, 50.0, 1),
	(16785, 1440, 934, 64.0, 0),
	(16786, 1441, 846, 57.0, 0),
	(16787, 1440, 854, 52.0, 0),
	(16788, 1444, 896, 75.0, 0),
	(16789, 1444, 820, 62.0, 0),
	(16790, 1442, 920, 57.0, 0),
	(16791, 1445, 830, 80.0, 0),
	(16792, 1445, 923, 53.0, 0),
	(16793, 1441, 924, 50.0, 1),
	(16794, 1442, 869, 64.0, 0),
	(16795, 1442, 932, 93.0, 0),
	(16796, 1444, 901, 83.0, 0),
	(16797, 1440, 852, 59.0, 0),
	(16798, 1442, 917, 78.0, 0),
	(16799, 1444, 841, 50.0, 0),
	(16800, 1442, 918, 60.0, 0),
	(16801, 1441, 850, 78.0, 0),
	(16802, 1445, 922, 53.0, 0),
	(16803, 1442, 814, 69.0, 0),
	(16804, 1442, 929, 50.0, 0),
	(16805, 1441, 919, 50.0, 0),
	(16806, 1440, 806, 50.0, 0),
	(16807, 1440, 925, 50.0, 1),
	(16808, 1442, 864, 54.0, 0),
	(16809, 1444, 842, 50.0, 0),
	(16810, 1444, 840, 65.0, 0),
	(16811, 1440, 862, 55.0, 0),
	(16812, 1442, 856, 55.0, 0),
	(16813, 1442, 930, 57.0, 0),
	(16814, 1441, 847, 61.0, 0),
	(16815, 1443, 845, 55.0, 0),
	(16816, 1441, 908, 54.0, 0),
	(16817, 1440, 909, 50.0, 0),
	(16818, 1446, 928, 63.0, 0),
	(16819, 1447, 933, 78.0, 0),
	(16820, 1448, 883, 51.0, 0),
	(16821, 1447, 875, 50.0, 1),
	(16822, 1449, 843, 52.0, 0),
	(16823, 1446, 822, 55.0, 1),
	(16824, 1447, 899, 63.0, 0),
	(16825, 1446, 800, 59.0, 0),
	(16826, 1446, 801, 52.0, 0),
	(16827, 1449, 926, 64.0, 0),
	(16828, 1449, 927, 57.0, 0),
	(16829, 1446, 931, 56.0, 0),
	(16830, 1449, 821, 84.0, 0),
	(16831, 1448, 921, 56.0, 0),
	(16832, 1447, 935, 52.0, 1),
	(16833, 1446, 934, 50.0, 1),
	(16834, 1447, 846, 50.0, 1),
	(16835, 1446, 854, 73.0, 0),
	(16836, 1449, 896, 88.0, 0),
	(16837, 1449, 820, 62.0, 0),
	(16838, 1448, 920, 61.0, 0),
	(16839, 1449, 830, 90.0, 0),
	(16840, 1447, 923, 87.0, 0),
	(16841, 1447, 924, 50.0, 0),
	(16842, 1448, 869, 61.0, 0),
	(16843, 1448, 932, 88.0, 0),
	(16844, 1449, 901, 72.0, 0),
	(16845, 1446, 852, 52.0, 0),
	(16846, 1448, 917, 54.0, 0),
	(16847, 1449, 841, 62.0, 0),
	(16848, 1448, 918, 61.0, 0),
	(16849, 1447, 850, 80.0, 0),
	(16850, 1449, 922, 69.0, 0),
	(16851, 1448, 814, 62.0, 0),
	(16852, 1448, 929, 50.0, 0),
	(16853, 1447, 919, 50.0, 1),
	(16854, 1446, 806, 55.0, 0),
	(16855, 1446, 925, 50.0, 0),
	(16856, 1448, 864, 53.0, 0),
	(16857, 1449, 842, 73.0, 0),
	(16858, 1449, 840, 65.0, 0),
	(16859, 1446, 862, 55.0, 0),
	(16860, 1448, 856, 62.0, 0),
	(16861, 1448, 930, 59.0, 0),
	(16862, 1447, 847, 69.0, 0),
	(16863, 1447, 845, 74.0, 0),
	(16864, 1447, 908, 50.0, 0),
	(16865, 1446, 909, 50.0, 0),
	(16866, 1450, 903, 50.0, 0),
	(16867, 1451, 897, 55.0, 0),
	(16868, 1452, 813, 50.0, 0),
	(16869, 1452, 818, 66.0, 0),
	(16870, 1451, 799, 53.0, 0),
	(16871, 1450, 790, 50.0, 0),
	(16872, 1452, 812, 50.0, 0),
	(16873, 1453, 785, 63.0, 0),
	(16874, 1451, 913, 61.0, 0),
	(16875, 1451, 890, 82.0, 0),
	(16876, 1450, 899, 63.0, 0),
	(16877, 1451, 800, 72.0, 0),
	(16878, 1451, 801, 71.0, 0),
	(16879, 1452, 906, 66.0, 0),
	(16880, 1452, 904, 58.0, 0),
	(16881, 1453, 821, 62.0, 0),
	(16882, 1452, 898, 55.0, 0),
	(16883, 1451, 914, 75.0, 0),
	(16884, 1452, 910, 60.0, 0),
	(16885, 1450, 788, 50.0, 0),
	(16886, 1451, 836, 53.0, 0),
	(16887, 1450, 911, 51.0, 0),
	(16888, 1453, 896, 67.0, 0),
	(16889, 1453, 820, 56.0, 0),
	(16890, 1453, 891, 63.0, 0),
	(16891, 1453, 892, 57.0, 0),
	(16892, 1452, 912, 97.0, 0),
	(16893, 1453, 901, 76.0, 0),
	(16894, 1452, 796, 55.0, 0),
	(16895, 1452, 916, 78.0, 0),
	(16896, 1453, 783, 57.0, 0),
	(16897, 1453, 900, 54.0, 1),
	(16898, 1450, 905, 55.0, 0),
	(16899, 1452, 814, 65.0, 0),
	(16900, 1450, 902, 50.0, 0),
	(16901, 1450, 894, 51.0, 0),
	(16902, 1450, 895, 50.0, 0),
	(16903, 1452, 907, 60.0, 0),
	(16904, 1451, 825, 68.0, 0),
	(16905, 1453, 784, 50.0, 0),
	(16906, 1450, 893, 53.0, 0),
	(16907, 1450, 781, 50.0, 0),
	(16908, 1453, 782, 50.0, 1),
	(16909, 1452, 817, 73.0, 0),
	(16910, 1451, 915, 74.0, 0),
	(16911, 1450, 847, 50.0, 0),
	(16912, 1450, 787, 50.0, 0),
	(16913, 1451, 908, 71.0, 0),
	(16914, 1451, 909, 68.0, 0),
	(16915, 1454, 928, 60.0, 0),
	(16916, 1455, 933, 71.0, 0),
	(16917, 1456, 883, 50.0, 1),
	(16918, 1457, 875, 50.0, 0),
	(16919, 1455, 843, 76.0, 0),
	(16920, 1454, 822, 76.0, 0),
	(16921, 1457, 899, 62.0, 0),
	(16922, 1454, 800, 50.0, 1),
	(16923, 1454, 801, 50.0, 1),
	(16924, 1455, 926, 66.0, 0),
	(16925, 1455, 927, 50.0, 0),
	(16926, 1454, 931, 64.0, 0),
	(16927, 1455, 821, 85.0, 0),
	(16928, 1456, 921, 50.0, 0),
	(16929, 1454, 935, 50.0, 0),
	(16930, 1454, 934, 50.0, 0),
	(16931, 1457, 846, 58.0, 1),
	(16932, 1454, 854, 71.0, 0),
	(16933, 1457, 896, 83.0, 0),
	(16934, 1455, 820, 75.0, 0),
	(16935, 1456, 920, 63.0, 0),
	(16936, 1455, 830, 94.0, 0),
	(16937, 1457, 923, 92.0, 0),
	(16938, 1457, 924, 52.0, 0),
	(16939, 1456, 869, 71.0, 0),
	(16940, 1456, 932, 82.0, 0),
	(16941, 1455, 901, 89.0, 0),
	(16942, 1454, 852, 77.0, 0),
	(16943, 1456, 917, 59.0, 0),
	(16944, 1455, 841, 75.0, 0),
	(16945, 1456, 918, 50.0, 0),
	(16946, 1457, 850, 52.0, 0),
	(16947, 1455, 922, 82.0, 0),
	(16948, 1456, 814, 59.0, 0),
	(16949, 1456, 929, 50.0, 1),
	(16950, 1454, 919, 50.0, 0),
	(16951, 1454, 806, 50.0, 0),
	(16952, 1454, 925, 63.0, 0),
	(16953, 1456, 864, 55.0, 0),
	(16954, 1455, 842, 75.0, 0),
	(16955, 1455, 840, 86.0, 0),
	(16956, 1454, 862, 70.0, 0),
	(16957, 1458, 856, 50.0, 0),
	(16958, 1456, 930, 50.0, 0),
	(16959, 1457, 847, 50.0, 1),
	(16960, 1457, 845, 68.0, 0),
	(16961, 1457, 908, 50.0, 1),
	(16962, 1454, 909, 50.0, 0),
	(16963, 1459, 936, 0.0, 0),
	(16964, 1460, 928, 72.0, 0),
	(16965, 1461, 933, 95.0, 0),
	(16966, 1462, 883, 69.0, 0),
	(16967, 1461, 875, 67.0, 0),
	(16968, 1463, 843, 61.0, 0),
	(16969, 1460, 822, 88.0, 0),
	(16970, 1461, 899, 77.0, 0),
	(16971, 1460, 800, 87.0, 0),
	(16972, 1460, 801, 85.0, 0),
	(16973, 1463, 926, 65.0, 0),
	(16974, 1463, 927, 69.0, 0),
	(16975, 1460, 931, 85.0, 0),
	(16976, 1463, 821, 85.0, 0),
	(16977, 1462, 921, 51.0, 0),
	(16978, 1461, 935, 68.0, 0),
	(16979, 1460, 934, 83.0, 0),
	(16980, 1461, 846, 68.0, 0),
	(16981, 1460, 854, 80.0, 0),
	(16982, 1463, 896, 87.0, 0),
	(16983, 1463, 820, 83.0, 0),
	(16984, 1462, 920, 68.0, 0),
	(16985, 1463, 830, 82.0, 0),
	(16986, 1461, 923, 66.0, 0),
	(16987, 1461, 924, 93.0, 0),
	(16988, 1462, 869, 58.0, 0),
	(16989, 1462, 932, 89.0, 0),
	(16990, 1463, 901, 79.0, 0),
	(16991, 1460, 852, 86.0, 0),
	(16992, 1462, 917, 81.0, 0),
	(16993, 1463, 841, 67.0, 0),
	(16994, 1462, 918, 76.0, 0),
	(16995, 1461, 850, 50.0, 0),
	(16996, 1463, 922, 80.0, 0),
	(16997, 1462, 814, 62.0, 0),
	(16998, 1462, 929, 62.0, 0),
	(16999, 1461, 919, 66.0, 0),
	(17000, 1460, 806, 82.0, 0),
	(17001, 1460, 925, 86.0, 0),
	(17002, 1462, 864, 88.0, 0),
	(17003, 1463, 842, 64.0, 0),
	(17004, 1463, 840, 76.0, 0),
	(17005, 1460, 862, 91.0, 0),
	(17006, 1462, 856, 50.0, 0),
	(17007, 1462, 930, 56.0, 0),
	(17008, 1461, 847, 76.0, 0),
	(17009, 1461, 845, 76.0, 0),
	(17010, 1461, 908, 61.0, 0),
	(17011, 1460, 909, 70.0, 0),
	(17012, 1464, 928, 65.0, 0),
	(17013, 1465, 933, 78.0, 0),
	(17014, 1466, 883, 56.0, 0),
	(17015, 1465, 875, 71.0, 0),
	(17016, 1467, 843, 77.0, 0),
	(17017, 1464, 822, 71.0, 0),
	(17018, 1465, 899, 86.0, 0),
	(17019, 1464, 800, 61.0, 0),
	(17020, 1464, 801, 50.0, 0),
	(17021, 1467, 926, 50.0, 1),
	(17022, 1467, 927, 50.0, 0),
	(17023, 1464, 931, 61.0, 0),
	(17024, 1467, 821, 53.0, 0),
	(17025, 1466, 921, 51.0, 0),
	(17026, 1465, 935, 76.0, 0),
	(17027, 1464, 934, 50.0, 0),
	(17028, 1465, 846, 82.0, 0),
	(17029, 1464, 854, 62.0, 0),
	(17030, 1467, 896, 66.0, 0),
	(17031, 1467, 820, 72.0, 0),
	(17032, 1466, 920, 67.0, 0),
	(17033, 1467, 830, 65.0, 0),
	(17034, 1465, 923, 100.0, 0),
	(17035, 1465, 924, 92.0, 0),
	(17036, 1466, 869, 60.0, 0),
	(17037, 1466, 932, 83.0, 0),
	(17038, 1467, 901, 69.0, 0),
	(17039, 1464, 852, 56.0, 0),
	(17040, 1466, 917, 66.0, 0),
	(17041, 1467, 841, 58.0, 0),
	(17042, 1466, 918, 64.0, 0),
	(17043, 1465, 850, 78.0, 0),
	(17044, 1467, 922, 50.0, 0),
	(17045, 1466, 814, 69.0, 0),
	(17046, 1466, 929, 50.0, 1),
	(17047, 1465, 919, 80.0, 0),
	(17048, 1464, 806, 56.0, 0),
	(17049, 1464, 925, 71.0, 0),
	(17050, 1466, 864, 82.0, 0),
	(17051, 1467, 842, 69.0, 0),
	(17052, 1467, 840, 69.0, 0),
	(17053, 1464, 862, 74.0, 0),
	(17054, 1466, 856, 50.0, 1),
	(17055, 1466, 930, 68.0, 0),
	(17056, 1465, 847, 82.0, 0),
	(17057, 1465, 845, 72.0, 0),
	(17058, 1465, 908, 69.0, 0),
	(17059, 1464, 909, 50.0, 0),
	(17060, 1468, 903, 50.0, 0),
	(17061, 1469, 897, 51.0, 0),
	(17062, 1470, 813, 54.0, 0),
	(17063, 1470, 818, 70.0, 0),
	(17064, 1469, 799, 50.0, 0),
	(17065, 1468, 790, 68.0, 0),
	(17066, 1470, 812, 50.0, 1),
	(17067, 1471, 785, 67.0, 0),
	(17068, 1469, 913, 57.0, 0),
	(17069, 1469, 890, 73.0, 0),
	(17070, 1468, 899, 72.0, 0),
	(17071, 1469, 800, 68.0, 0),
	(17072, 1469, 801, 74.0, 0),
	(17073, 1470, 906, 56.0, 0),
	(17074, 1470, 904, 64.0, 0),
	(17075, 1471, 821, 55.0, 0),
	(17076, 1470, 898, 50.0, 1),
	(17077, 1469, 914, 78.0, 0),
	(17078, 1470, 910, 56.0, 0),
	(17079, 1468, 788, 72.0, 0),
	(17080, 1469, 836, 52.0, 0),
	(17081, 1468, 911, 51.0, 0),
	(17082, 1471, 896, 71.0, 0),
	(17083, 1471, 820, 68.0, 0),
	(17084, 1471, 891, 61.0, 0),
	(17085, 1471, 892, 60.0, 0),
	(17086, 1470, 912, 91.0, 0),
	(17087, 1471, 901, 73.0, 0),
	(17088, 1470, 796, 56.0, 0),
	(17089, 1470, 916, 63.0, 0),
	(17090, 1471, 783, 50.0, 0),
	(17091, 1471, 900, 50.0, 1),
	(17092, 1468, 905, 73.0, 0),
	(17093, 1470, 814, 54.0, 0),
	(17094, 1468, 902, 52.0, 0),
	(17095, 1468, 894, 69.0, 0),
	(17096, 1468, 895, 74.0, 0),
	(17097, 1470, 907, 54.0, 0),
	(17098, 1469, 825, 81.0, 0),
	(17099, 1471, 784, 57.0, 0),
	(17100, 1468, 893, 84.0, 0),
	(17101, 1471, 781, 50.0, 1),
	(17102, 1471, 782, 50.0, 0),
	(17103, 1470, 817, 80.0, 0),
	(17104, 1469, 915, 77.0, 0),
	(17105, 1468, 847, 76.0, 0),
	(17106, 1468, 787, 63.0, 0),
	(17107, 1469, 908, 50.0, 0),
	(17108, 1469, 909, 58.0, 0),
	(17109, 1472, 903, 84.0, 0),
	(17110, 1473, 897, 50.0, 0),
	(17111, 1474, 813, 68.0, 0),
	(17112, 1474, 818, 61.0, 0),
	(17113, 1473, 799, 68.0, 0),
	(17114, 1472, 790, 66.0, 0),
	(17115, 1474, 812, 52.0, 0),
	(17116, 1475, 785, 76.0, 0),
	(17117, 1473, 913, 57.0, 0),
	(17118, 1473, 890, 65.0, 0),
	(17119, 1472, 899, 52.0, 0),
	(17120, 1473, 800, 50.0, 1),
	(17121, 1473, 801, 55.0, 0),
	(17122, 1474, 906, 78.0, 0),
	(17123, 1474, 904, 66.0, 0),
	(17124, 1475, 821, 83.0, 0),
	(17125, 1474, 898, 63.0, 0),
	(17126, 1473, 914, 57.0, 1),
	(17127, 1474, 910, 75.0, 0),
	(17128, 1472, 788, 57.0, 1),
	(17129, 1473, 836, 50.0, 0),
	(17130, 1472, 911, 50.0, 1),
	(17131, 1475, 896, 88.0, 0),
	(17132, 1475, 820, 78.0, 0),
	(17133, 1475, 891, 86.0, 0),
	(17134, 1475, 892, 86.0, 0),
	(17135, 1474, 912, 90.0, 0),
	(17136, 1475, 901, 76.0, 0),
	(17137, 1474, 796, 75.0, 0),
	(17138, 1474, 916, 67.0, 0),
	(17139, 1475, 783, 55.0, 0),
	(17140, 1475, 900, 50.0, 0),
	(17141, 1472, 905, 53.0, 0),
	(17142, 1474, 814, 60.0, 0),
	(17143, 1472, 902, 52.0, 0),
	(17144, 1472, 894, 50.0, 0),
	(17145, 1472, 895, 55.0, 0),
	(17146, 1474, 907, 62.0, 0),
	(17147, 1473, 825, 50.0, 0),
	(17148, 1475, 784, 61.0, 0),
	(17149, 1472, 893, 73.0, 0),
	(17150, 1475, 781, 51.0, 0),
	(17151, 1475, 782, 52.0, 0),
	(17152, 1474, 817, 79.0, 0),
	(17153, 1473, 915, 50.0, 0),
	(17154, 1472, 847, 67.0, 0),
	(17155, 1472, 787, 69.0, 0),
	(17156, 1473, 908, 58.0, 0),
	(17157, 1473, 909, 50.0, 1),
	(17158, 1476, 928, 72.0, 0),
	(17159, 1477, 933, 75.0, 0),
	(17160, 1478, 883, 73.0, 0),
	(17161, 1479, 875, 64.0, 0),
	(17162, 1477, 843, 80.0, 0),
	(17163, 1476, 822, 84.0, 0),
	(17164, 1479, 899, 72.0, 0),
	(17165, 1476, 800, 78.0, 0),
	(17166, 1476, 801, 50.0, 0),
	(17167, 1477, 926, 82.0, 0),
	(17168, 1477, 927, 85.0, 0),
	(17169, 1476, 931, 74.0, 0),
	(17170, 1477, 821, 90.0, 0),
	(17171, 1478, 921, 59.0, 0),
	(17172, 1479, 935, 62.0, 0),
	(17173, 1476, 934, 68.0, 0),
	(17174, 1479, 846, 70.0, 0),
	(17175, 1476, 854, 69.0, 0),
	(17176, 1479, 896, 79.0, 0),
	(17177, 1477, 820, 78.0, 0),
	(17178, 1478, 920, 69.0, 0),
	(17179, 1477, 830, 90.0, 0),
	(17180, 1479, 923, 85.0, 0),
	(17181, 1479, 924, 65.0, 0),
	(17182, 1478, 869, 90.0, 0),
	(17183, 1478, 932, 86.0, 0),
	(17184, 1477, 901, 86.0, 0),
	(17185, 1476, 852, 71.0, 0),
	(17186, 1478, 917, 65.0, 0),
	(17187, 1477, 841, 70.0, 0),
	(17188, 1478, 918, 62.0, 0),
	(17189, 1479, 850, 64.0, 0),
	(17190, 1477, 922, 74.0, 0),
	(17191, 1478, 814, 70.0, 0),
	(17192, 1478, 929, 62.0, 0),
	(17193, 1479, 919, 62.0, 0),
	(17194, 1476, 806, 57.0, 0),
	(17195, 1476, 925, 73.0, 0),
	(17196, 1478, 864, 56.0, 0),
	(17197, 1477, 842, 83.0, 0),
	(17198, 1477, 840, 80.0, 0),
	(17199, 1476, 862, 85.0, 0),
	(17200, 1478, 856, 81.0, 0),
	(17201, 1478, 930, 72.0, 0),
	(17202, 1479, 847, 83.0, 0),
	(17203, 1479, 845, 87.0, 0),
	(17204, 1479, 908, 64.0, 0),
	(17205, 1476, 909, 86.0, 0),
	(17206, 1480, 903, 64.0, 0),
	(17207, 1481, 897, 55.0, 0),
	(17208, 1482, 813, 52.0, 0),
	(17209, 1482, 818, 61.0, 0),
	(17210, 1481, 799, 55.0, 0),
	(17211, 1480, 790, 50.0, 0),
	(17212, 1482, 812, 57.0, 0),
	(17213, 1483, 785, 59.0, 0),
	(17214, 1481, 913, 62.0, 0),
	(17215, 1481, 890, 85.0, 0),
	(17216, 1480, 899, 52.0, 0),
	(17217, 1481, 800, 65.0, 0),
	(17218, 1481, 801, 67.0, 0),
	(17219, 1482, 906, 55.0, 0),
	(17220, 1482, 904, 61.0, 0),
	(17221, 1483, 821, 62.0, 0),
	(17222, 1482, 898, 50.0, 0),
	(17223, 1481, 914, 80.0, 0),
	(17224, 1482, 910, 56.0, 0),
	(17225, 1480, 788, 50.0, 0),
	(17226, 1481, 836, 56.0, 0),
	(17227, 1484, 911, 50.0, 0),
	(17228, 1483, 896, 67.0, 0),
	(17229, 1483, 820, 68.0, 0),
	(17230, 1483, 891, 72.0, 0),
	(17231, 1483, 892, 67.0, 0),
	(17232, 1482, 912, 90.0, 0),
	(17233, 1483, 901, 73.0, 0),
	(17234, 1482, 796, 51.0, 0),
	(17235, 1482, 916, 70.0, 0),
	(17236, 1483, 783, 68.0, 0),
	(17237, 1483, 900, 50.0, 0),
	(17238, 1480, 905, 57.0, 0),
	(17239, 1482, 814, 59.0, 0),
	(17240, 1480, 902, 50.0, 1),
	(17241, 1480, 894, 50.0, 1),
	(17242, 1480, 895, 50.0, 0),
	(17243, 1482, 907, 50.0, 0),
	(17244, 1481, 825, 74.0, 0),
	(17245, 1483, 784, 52.0, 0),
	(17246, 1480, 893, 50.0, 1),
	(17247, 1483, 781, 50.0, 1),
	(17248, 1483, 782, 50.0, 1),
	(17249, 1482, 817, 83.0, 0),
	(17250, 1481, 915, 79.0, 0),
	(17251, 1480, 847, 50.0, 0),
	(17252, 1480, 787, 50.0, 0),
	(17253, 1481, 908, 57.0, 0),
	(17254, 1481, 909, 51.0, 0),
	(17255, 1485, 928, 50.0, 0),
	(17256, 1486, 933, 87.0, 0),
	(17257, 1487, 883, 53.0, 0),
	(17258, 1486, 875, 71.0, 0),
	(17259, 1488, 843, 50.0, 0),
	(17260, 1485, 822, 80.0, 0),
	(17261, 1486, 899, 66.0, 0),
	(17262, 1485, 800, 50.0, 0),
	(17263, 1485, 801, 50.0, 0),
	(17264, 1488, 926, 50.0, 1),
	(17265, 1488, 927, 50.0, 0),
	(17266, 1485, 931, 56.0, 0),
	(17267, 1488, 821, 50.0, 1),
	(17268, 1487, 921, 53.0, 0),
	(17269, 1486, 935, 74.0, 0),
	(17270, 1485, 934, 60.0, 0),
	(17271, 1486, 846, 77.0, 0),
	(17272, 1485, 854, 57.0, 0),
	(17273, 1488, 896, 75.0, 0),
	(17274, 1488, 820, 61.0, 0),
	(17275, 1487, 920, 70.0, 0),
	(17276, 1488, 830, 54.0, 0),
	(17277, 1486, 923, 94.0, 0),
	(17278, 1486, 924, 87.0, 0),
	(17279, 1487, 869, 65.0, 0),
	(17280, 1487, 932, 87.0, 0),
	(17281, 1488, 901, 62.0, 0),
	(17282, 1485, 852, 63.0, 0),
	(17283, 1487, 917, 60.0, 0),
	(17284, 1488, 841, 56.0, 0),
	(17285, 1487, 918, 76.0, 0),
	(17286, 1486, 850, 84.0, 0),
	(17287, 1488, 922, 50.0, 0),
	(17288, 1487, 814, 52.0, 0),
	(17289, 1487, 929, 51.0, 1),
	(17290, 1486, 919, 84.0, 0),
	(17291, 1485, 806, 54.0, 0),
	(17292, 1485, 925, 77.0, 0),
	(17293, 1487, 864, 88.0, 0),
	(17294, 1488, 842, 51.0, 0),
	(17295, 1488, 840, 58.0, 0),
	(17296, 1485, 862, 79.0, 0),
	(17297, 1487, 856, 56.0, 1),
	(17298, 1487, 930, 68.0, 0),
	(17299, 1486, 847, 74.0, 0),
	(17300, 1486, 845, 73.0, 0),
	(17301, 1486, 908, 74.0, 0),
	(17302, 1485, 909, 50.0, 1),
	(17303, 1489, 903, 82.0, 0),
	(17304, 1490, 897, 50.0, 1),
	(17305, 1491, 813, 68.0, 0),
	(17306, 1491, 818, 56.0, 0),
	(17307, 1490, 799, 59.0, 0),
	(17308, 1489, 790, 54.0, 1),
	(17309, 1491, 812, 50.0, 0),
	(17310, 1492, 785, 66.0, 0),
	(17311, 1490, 913, 50.0, 0),
	(17312, 1490, 890, 88.0, 0),
	(17313, 1489, 899, 70.0, 0),
	(17314, 1490, 800, 50.0, 0),
	(17315, 1490, 801, 59.0, 0),
	(17316, 1491, 906, 71.0, 0),
	(17317, 1491, 904, 64.0, 0),
	(17318, 1492, 821, 65.0, 0),
	(17319, 1491, 898, 61.0, 0),
	(17320, 1490, 914, 58.0, 0),
	(17321, 1491, 910, 66.0, 0),
	(17322, 1489, 788, 50.0, 1),
	(17323, 1490, 836, 55.0, 1),
	(17324, 1489, 911, 52.0, 0),
	(17325, 1492, 896, 90.0, 0),
	(17326, 1492, 820, 68.0, 0),
	(17327, 1492, 891, 84.0, 0),
	(17328, 1492, 892, 72.0, 0),
	(17329, 1491, 912, 91.0, 0),
	(17330, 1492, 901, 50.0, 0),
	(17331, 1491, 796, 58.0, 0),
	(17332, 1491, 916, 70.0, 0),
	(17333, 1492, 783, 56.0, 0),
	(17334, 1492, 900, 80.0, 0),
	(17335, 1489, 905, 50.0, 1),
	(17336, 1491, 814, 58.0, 0),
	(17337, 1489, 902, 58.0, 0),
	(17338, 1489, 894, 51.0, 0),
	(17339, 1489, 895, 52.0, 0),
	(17340, 1491, 907, 57.0, 0),
	(17341, 1490, 825, 50.0, 0),
	(17342, 1492, 784, 64.0, 0),
	(17343, 1489, 893, 65.0, 0),
	(17344, 1492, 781, 69.0, 0),
	(17345, 1492, 782, 77.0, 0),
	(17346, 1491, 817, 76.0, 0),
	(17347, 1490, 915, 54.0, 0),
	(17348, 1489, 847, 64.0, 0),
	(17349, 1489, 787, 61.0, 0),
	(17350, 1490, 908, 67.0, 0),
	(17351, 1490, 909, 52.0, 1),
	(17352, 1493, 928, 55.0, 0),
	(17353, 1494, 933, 79.0, 0),
	(17354, 1495, 883, 54.0, 0),
	(17355, 1496, 875, 54.0, 0),
	(17356, 1494, 843, 82.0, 0),
	(17357, 1493, 822, 76.0, 0),
	(17358, 1496, 899, 52.0, 0),
	(17359, 1493, 800, 69.0, 0),
	(17360, 1493, 801, 50.0, 0),
	(17361, 1494, 926, 76.0, 0),
	(17362, 1494, 927, 70.0, 0),
	(17363, 1493, 931, 75.0, 0),
	(17364, 1494, 821, 85.0, 0),
	(17365, 1495, 921, 59.0, 0),
	(17366, 1496, 935, 50.0, 0),
	(17367, 1493, 934, 58.0, 0),
	(17368, 1496, 846, 56.0, 0),
	(17369, 1493, 854, 69.0, 0),
	(17370, 1496, 896, 80.0, 0),
	(17371, 1494, 820, 81.0, 0),
	(17372, 1495, 920, 70.0, 0),
	(17373, 1494, 830, 89.0, 0),
	(17374, 1496, 923, 86.0, 0),
	(17375, 1496, 924, 56.0, 0),
	(17376, 1495, 869, 85.0, 0),
	(17377, 1495, 932, 80.0, 0),
	(17378, 1494, 901, 87.0, 0),
	(17379, 1493, 852, 68.0, 0),
	(17380, 1495, 917, 76.0, 0),
	(17381, 1494, 841, 80.0, 0),
	(17382, 1495, 918, 68.0, 0),
	(17383, 1496, 850, 67.0, 0),
	(17384, 1494, 922, 75.0, 0),
	(17385, 1495, 814, 62.0, 0),
	(17386, 1495, 929, 59.0, 0),
	(17387, 1496, 919, 53.0, 0),
	(17388, 1493, 806, 61.0, 0),
	(17389, 1493, 925, 66.0, 0),
	(17390, 1495, 864, 67.0, 0),
	(17391, 1494, 842, 91.0, 0),
	(17392, 1494, 840, 74.0, 0),
	(17393, 1493, 862, 81.0, 0),
	(17394, 1495, 856, 67.0, 0),
	(17395, 1495, 930, 67.0, 0),
	(17396, 1496, 847, 53.0, 0),
	(17397, 1496, 845, 68.0, 0),
	(17398, 1496, 908, 60.0, 0),
	(17399, 1493, 909, 63.0, 0),
	(17400, 1497, 903, 73.0, 0),
	(17401, 1498, 897, 88.0, 0),
	(17402, 1499, 813, 80.0, 0),
	(17403, 1499, 818, 81.0, 0),
	(17404, 1498, 799, 85.0, 0),
	(17405, 1497, 790, 75.0, 0),
	(17406, 1499, 812, 68.0, 0),
	(17407, 1500, 785, 78.0, 0),
	(17408, 1498, 913, 81.0, 0),
	(17409, 1498, 890, 75.0, 0),
	(17410, 1497, 899, 84.0, 0),
	(17411, 1498, 800, 71.0, 0),
	(17412, 1498, 801, 86.0, 0),
	(17413, 1499, 906, 97.0, 0),
	(17414, 1499, 904, 88.0, 0),
	(17415, 1500, 821, 78.0, 0),
	(17416, 1499, 898, 71.0, 0),
	(17417, 1498, 914, 76.0, 0),
	(17418, 1499, 910, 77.0, 0),
	(17419, 1497, 788, 76.0, 0),
	(17420, 1498, 836, 97.0, 0),
	(17421, 1497, 911, 68.0, 0),
	(17422, 1500, 896, 61.0, 0),
	(17423, 1500, 820, 86.0, 0),
	(17424, 1500, 891, 71.0, 0),
	(17425, 1500, 892, 86.0, 0),
	(17426, 1499, 912, 98.0, 0),
	(17427, 1500, 901, 88.0, 0),
	(17428, 1499, 796, 72.0, 0),
	(17429, 1499, 916, 78.0, 0),
	(17430, 1500, 783, 90.0, 0),
	(17431, 1500, 900, 79.0, 0),
	(17432, 1497, 905, 81.0, 0),
	(17433, 1499, 814, 80.0, 0),
	(17434, 1497, 902, 81.0, 0),
	(17435, 1497, 894, 79.0, 0),
	(17436, 1497, 895, 80.0, 0),
	(17437, 1499, 907, 96.0, 0),
	(17438, 1498, 825, 85.0, 0),
	(17439, 1500, 784, 69.0, 0),
	(17440, 1497, 893, 89.0, 0),
	(17441, 1500, 781, 91.0, 0),
	(17442, 1500, 782, 99.0, 0),
	(17443, 1499, 817, 81.0, 0),
	(17444, 1498, 915, 83.0, 0),
	(17445, 1497, 847, 84.0, 0),
	(17446, 1497, 787, 68.0, 0),
	(17447, 1498, 908, 83.0, 0),
	(17448, 1498, 909, 89.0, 0);

-- Dumping structure for table certificate_manager.governorates
CREATE TABLE IF NOT EXISTS governorates (
        id      INTEGER PRIMARY KEY AUTOINCREMENT,
        name_ar TEXT    NOT NULL UNIQUE CHECK(length(name_ar) <= 40),
        name_en TEXT    NOT NULL UNIQUE CHECK(length(name_en) <= 40)
    );
;
;

-- Dumping data for table certificate_manager.governorates: 18 rows
DELETE FROM "governorates";
INSERT INTO "governorates" ("id", "name_ar", "name_en") VALUES
	(1, 'بغداد', 'Baghdad'),
	(2, 'البصرة', 'Basra'),
	(3, 'نينوى', 'Nineveh'),
	(4, 'أربيل', 'Erbil'),
	(5, 'النجف', 'Najaf'),
	(6, 'كربلاء', 'Karbala'),
	(7, 'الأنبار', 'Anbar'),
	(8, 'ذي قار', 'Dhi Qar'),
	(9, 'ميسان', 'Maysan'),
	(10, 'واسط', 'Wasit'),
	(11, 'بابل', 'Babylon'),
	(12, 'ديالى', 'Diyala'),
	(13, 'صلاح الدين', 'Saladin'),
	(14, 'كركوك', 'Kirkuk'),
	(15, 'المثنى', 'Muthanna'),
	(16, 'القادسية', 'Al-Qadisiyyah'),
	(17, 'السليمانية', 'Sulaymaniyah'),
	(18, 'دهوك', 'Dohuk');

-- Dumping structure for table certificate_manager.graduation_orders
CREATE TABLE IF NOT EXISTS graduation_orders (
        id                  INTEGER PRIMARY KEY AUTOINCREMENT,
        order_number        TEXT    NOT NULL CHECK(length(order_number)  <= 60),
        order_date          TEXT    NOT NULL CHECK(length(order_date)    =  10),
        department_id       INTEGER NOT NULL REFERENCES departments(id)
                                             ON UPDATE CASCADE ON DELETE RESTRICT,
        study_type          TEXT    NOT NULL DEFAULT 'morning'
                                             CHECK(study_type IN ('morning','evening')),
        admission_year      INTEGER NOT NULL CHECK(admission_year BETWEEN 1950 AND 2100),
        graduation_semester TEXT    NOT NULL CHECK(graduation_semester IN ('first','second')),
        num_students        INTEGER          CHECK(num_students IS NULL OR num_students > 0),
        notes               TEXT             CHECK(notes IS NULL OR length(notes) <= 500)
    );

-- Dumping data for table certificate_manager.graduation_orders: 63 rows
DELETE FROM "graduation_orders";
INSERT INTO "graduation_orders" ("id", "order_number", "order_date", "department_id", "study_type", "admission_year", "graduation_semester", "num_students", "notes") VALUES
	(379, '18515/13/2', '2018-08-07', 11, 'morning', 2017, 'second', 10, NULL),
	(380, '18515/13/2', '2018-08-07', 12, 'morning', 2017, 'second', 14, NULL),
	(381, '1921/13/3', '2019-01-27', 12, 'morning', 2017, 'first', 3, NULL),
	(382, '7580/13/3', '2019-04-01', 11, 'morning', 2018, 'first', 10, NULL),
	(383, '7580/13/3', '2019-04-01', 12, 'morning', 2018, 'first', 10, NULL),
	(384, '20326/13/3', '2019-09-03', 11, 'morning', 2018, 'second', 20, NULL),
	(385, '20326/13/3', '2019-09-03', 12, 'morning', 2018, 'second', 39, NULL),
	(386, '15710/13/3', '2020-11-17', 11, 'morning', 2019, 'first', 29, NULL),
	(387, '15710/13/3', '2020-11-17', 11, 'morning', 2019, 'first', 52, NULL),
	(388, '15710/13/3', '2020-11-17', 11, 'morning', 2019, 'second', 8, NULL),
	(389, '15710/13/3', '2020-11-17', 12, 'morning', 2019, 'second', 1, NULL),
	(390, '15710/13/3', '2020-11-17', 12, 'morning', 2019, 'first', 53, NULL),
	(391, '15710/13/3', '2020-11-17', 12, 'morning', 2019, 'first', 19, NULL),
	(392, '15710/13/3', '2020-11-17', 12, 'morning', 2019, 'second', 13, NULL),
	(393, '24969/13/3', '2021-12-06', 11, 'morning', 2020, 'first', 109, NULL),
	(394, '24969/13/3', '2021-12-06', 12, 'morning', 2020, 'first', 57, NULL),
	(395, '24968/13/3', '2021-12-06', 11, 'morning', 2020, 'second', 11, NULL),
	(396, '24968/13/3', '2021-12-06', 12, 'morning', 2020, 'second', 47, NULL),
	(397, '18328/13/3', '2021-09-14', 11, 'morning', 2020, 'first', 4, NULL),
	(398, '18328/13/3', '2021-09-14', 12, 'morning', 2020, 'first', 1, NULL),
	(399, '24965/13/3', '2021-12-06', 11, 'morning', 2020, 'second', 2, NULL),
	(400, '24967/13/3', '2021-12-06', 11, 'evening', 2020, 'first', 21, NULL),
	(401, '24967/13/3', '2021-12-06', 12, 'evening', 2020, 'first', 9, NULL),
	(402, '24966/13/3', '2021-12-06', 11, 'evening', 2020, 'second', 10, NULL),
	(403, '24966/13/3', '2021-12-06', 12, 'evening', 2020, 'second', 15, NULL),
	(404, '18429/13/3', '2022-08-15', 11, 'morning', 2021, 'first', 1, NULL),
	(405, '18529/13/3', '2022-08-15', 12, 'morning', 2021, 'first', 2, NULL),
	(406, '18428/13/3', '2022-08-15', 11, 'morning', 2021, 'second', 1, NULL),
	(407, '18428/13/3', '2022-08-15', 12, 'morning', 2021, 'second', 1, NULL),
	(408, '18427/13/3', '2022-08-15', 11, 'morning', 2021, 'first', 109, NULL),
	(409, '18427/13/3', '2022-08-15', 12, 'morning', 2021, 'first', 74, NULL),
	(410, '25617/13/3', '2022-11-10', 11, 'morning', 2021, 'second', 44, NULL),
	(411, '25617/13/3', '2022-11-10', 12, 'morning', 2021, 'second', 51, NULL),
	(412, '18426/13/3', '2022-08-15', 11, 'evening', 2021, 'first', 35, NULL),
	(413, '18426/13/3', '2022-08-15', 12, 'evening', 2021, 'first', 13, NULL),
	(414, '25618/13/3', '2022-11-10', 11, 'evening', 2021, 'second', 17, NULL),
	(415, '25618/13/3', '2022-11-10', 12, 'evening', 2021, 'second', 37, NULL),
	(416, '22397/13/3', '2023-09-11', 12, 'morning', 2022, 'first', 35, NULL),
	(417, '22397/13/3', '2023-09-11', 11, 'morning', 2022, 'first', 88, NULL),
	(418, '22396/13/3', '2023-09-11', 12, 'evening', 2022, 'first', 16, NULL),
	(419, '22396/13/3', '2023-09-11', 11, 'evening', 2022, 'first', 28, NULL),
	(420, '30711/13/3', '2023-11-22', 12, 'morning', 2022, 'second', 39, NULL),
	(421, '30711/13/3', '2023-11-22', 11, 'morning', 2022, 'second', 30, NULL),
	(422, '30712/13/3', '2023-11-22', 12, 'evening', 2022, 'second', 11, NULL),
	(423, '30712/13/3', '2023-11-22', 11, 'evening', 2022, 'second', 17, NULL),
	(424, '30711/13/3', '2023-11-23', 12, 'morning', 2022, 'second', 39, NULL),
	(425, '17862/13/3', '2024-07-25', 11, 'evening', 2023, 'first', 31, NULL),
	(426, '17861/13/3', '2024-07-25', 12, 'morning', 2023, 'first', 108, NULL),
	(427, '24124/13/3', '2024-10-16', 11, 'morning', 2023, 'first', 138, NULL),
	(428, '17862/13/3', '2024-07-25', 12, 'evening', 2023, 'first', 20, NULL),
	(429, '24970/13/3', '2024-10-27', 11, 'evening', 2023, 'second', 36, NULL),
	(430, '24970/13/3', '2024-10-27', 12, 'evening', 2023, 'second', 30, NULL),
	(431, '24969/13/3', '2024-10-27', 11, 'morning', 2023, 'second', 43, NULL),
	(432, '24969/13/3', '2024-10-27', 12, 'morning', 2023, 'second', 56, NULL),
	(433, '31814/13/3', '2019-12-31', 11, 'morning', 2018, 'first', 10, NULL),
	(434, '16440/13/3', '2025-07-23', 11, 'morning', 2024, 'first', 93, NULL),
	(435, '16440/13/3', '2025-07-23', 12, 'morning', 2024, 'first', 140, NULL),
	(436, '16441/13/3', '2025-07-23', 11, 'evening', 2024, 'first', 47, NULL),
	(437, '16441/13/3', '2025-07-23', 12, 'evening', 2024, 'first', 39, NULL),
	(438, '23150/13/3', '2025-10-13', 12, 'evening', 2024, 'second', 12, NULL),
	(439, '23150/13/3', '2025-10-13', 11, 'evening', 2024, 'second', 17, NULL),
	(440, '23149/13/3', '2025-10-13', 11, 'morning', 2024, 'second', 76, NULL),
	(441, '23149/13/3', '2025-10-13', 12, 'morning', 2024, 'second', 21, NULL);

-- Dumping structure for table certificate_manager.personal
CREATE TABLE IF NOT EXISTS personal (
        id                INTEGER PRIMARY KEY AUTOINCREMENT,
        name_ar           TEXT    NOT NULL CHECK(length(name_ar)           <= 80),
        name_en           TEXT    NOT NULL CHECK(length(name_en)           <= 80),
        academic_title_ar TEXT    NOT NULL CHECK(length(academic_title_ar) <= 50),
        academic_title_en TEXT    NOT NULL CHECK(length(academic_title_en) <= 50),
        responsibility_ar TEXT    NOT NULL CHECK(length(responsibility_ar) <= 120),
        responsibility_en TEXT    NOT NULL CHECK(length(responsibility_en) <= 120),
        display_order     INTEGER NOT NULL CHECK(display_order BETWEEN 1 AND 6),
        page_location     TEXT    NOT NULL CHECK(page_location IN ('front', 'back')),
        is_active         INTEGER NOT NULL DEFAULT 1 CHECK(is_active IN (0, 1))
    );
CREATE INDEX idx_personal_active_page
        ON personal(is_active, page_location, display_order);

-- Dumping data for table certificate_manager.personal: 6 rows
DELETE FROM "personal";
INSERT INTO "personal" ("id", "name_ar", "name_en", "academic_title_ar", "academic_title_en", "responsibility_ar", "responsibility_en", "display_order", "page_location", "is_active") VALUES
	(43, 'مرتجى علي ساري', 'Murtaja Ali Sari', 'المدرس الدكتور', 'Professor Dr.', 'مدير التسجيل', 'Registration Manager', 1, 'front', 1),
	(44, 'نغم باسل محمود', 'Nagham B. Mahmood', '', '', 'منظم الوثيقة', 'Certificate Arrangement', 2, 'front', 1),
	(45, 'أسراء فاضل عبد', 'Israa F. Abed', '', '', 'مسؤول وحدة الوثائق', 'Graduate Officer', 3, 'back', 1),
	(46, 'رائدة سالم خضير', 'Raidah S. Khudhair', 'الأستاذ الدكتور', 'Prof. Dr.', 'معاون العميد للشوون العلمية والدراسات العليا', 'Dean Assistant for Scientific Affairs and Postgraduate Studies', 4, 'back', 1),
	(47, 'هشام كاظم هاشم', 'Husham K. Hashim', 'الأستاذ الدكتور', 'Prof. Dr.', 'العميد', 'The Dean', 5, 'back', 1),
	(48, 'حيدر خزعل محبس', 'Haider K. Mehbes', 'الأستاذ المساعد', 'Asst. Prof. Dr.', 'مساعد رئيس الجامعة للشؤون العلمية', 'Vice Chancellor for Scientific Affairs', 6, 'back', 1);

-- Dumping structure for table certificate_manager.personal_log
CREATE TABLE IF NOT EXISTS personal_log (
        id                INTEGER PRIMARY KEY AUTOINCREMENT,
        action            TEXT    NOT NULL,
        changed_at        TEXT    NOT NULL DEFAULT (datetime('now')),
        personal_id       INTEGER NOT NULL,
        name_ar           TEXT,
        name_en           TEXT,
        academic_title_ar TEXT,
        academic_title_en TEXT,
        responsibility_ar TEXT,
        responsibility_en TEXT,
        display_order     INTEGER,
        page_location     TEXT,
        is_active         INTEGER
    );
CREATE INDEX idx_personal_log_date
        ON personal_log(changed_at DESC);

-- Dumping data for table certificate_manager.personal_log: 2 rows
DELETE FROM "personal_log";
INSERT INTO "personal_log" ("id", "action", "changed_at", "personal_id", "name_ar", "name_en", "academic_title_ar", "academic_title_en", "responsibility_ar", "responsibility_en", "display_order", "page_location", "is_active") VALUES
	(1, 'deactivate', '2026-04-30 19:02:52', 8, 'نغم باسل محمود', 'Nagham B. Mahmood', '', '', 'منظم الوثيقة', 'Certificate Arrangement', 2, 'front', 1),
	(2, 'activate', '2026-04-30 19:02:55', 8, 'نغم باسل محمود', 'Nagham B. Mahmood', '', '', 'منظم الوثيقة', 'Certificate Arrangement', 2, 'front', 0);

-- Dumping structure for table certificate_manager.settings
CREATE TABLE IF NOT EXISTS settings (
        id                INTEGER PRIMARY KEY CHECK (id = 1),
        univ_name_ar      TEXT    NOT NULL DEFAULT 'جامعة واسط',
        univ_name_en      TEXT    NOT NULL DEFAULT 'Wasit University',
        college_name_ar   TEXT    NOT NULL DEFAULT 'كلية الهندسة',
        college_name_en   TEXT    NOT NULL DEFAULT 'College of Engineering',
        theme             TEXT    NOT NULL DEFAULT 'System',
        accent_color      TEXT    NOT NULL DEFAULT 'blue',
        font_family       TEXT    NOT NULL DEFAULT 'Arial',
        font_size_base    INTEGER NOT NULL DEFAULT 13
    );

-- Dumping data for table certificate_manager.settings: 1 rows
DELETE FROM "settings";
INSERT INTO "settings" ("id", "univ_name_ar", "univ_name_en", "college_name_ar", "college_name_en", "theme", "accent_color", "font_family", "font_size_base") VALUES
	(1, 'البصرة', 'Basrah', 'علوم الحاسوب وتكنولوجيا المعلومات', 'Computer Science and Information Technology', 'System', 'blue', 'Arial', 13);

-- Dumping structure for table certificate_manager.students
CREATE TABLE IF NOT EXISTS students (
        id                   INTEGER PRIMARY KEY AUTOINCREMENT,
        full_name_ar         TEXT    NOT NULL CHECK(length(full_name_ar)     <= 150),
        full_name_en         TEXT    NOT NULL CHECK(length(full_name_en)     <= 150),
        date_of_birth        TEXT    NOT NULL CHECK(length(date_of_birth)    =  10),
        birthplace_id        INTEGER          REFERENCES governorates(id)
                                              ON UPDATE CASCADE ON DELETE RESTRICT,
        birthplace_other     TEXT             CHECK(birthplace_other IS NULL
                                               OR length(birthplace_other)   <= 100),
        nationality_id       INTEGER NOT NULL REFERENCES countries(id)
                                              ON UPDATE CASCADE ON DELETE RESTRICT,
        department_id        INTEGER NOT NULL REFERENCES departments(id)
                                              ON UPDATE CASCADE ON DELETE RESTRICT,
        study_system_id      INTEGER NOT NULL REFERENCES study_systems(id)
                                              ON UPDATE CASCADE ON DELETE RESTRICT,
        order_id             INTEGER          REFERENCES graduation_orders(id)
                                              ON UPDATE CASCADE ON DELETE SET NULL,
        admission_year       INTEGER NOT NULL CHECK(admission_year BETWEEN 1950 AND 2100),
        study_type           TEXT    NOT NULL CHECK(study_type IN ('morning', 'evening')),
        graduation_date      TEXT             CHECK(graduation_date IS NULL
                                               OR length(graduation_date)    =  10),
        graduation_semester  TEXT             CHECK(graduation_semester IS NULL
                                               OR graduation_semester IN ('first', 'second')),
        average              INTEGER          CHECK(average IS NULL
                                               OR average BETWEEN 50 AND 100),
        CHECK (
            (birthplace_id IS NOT NULL AND birthplace_other IS NULL)
            OR
            (birthplace_id IS NULL     AND birthplace_other IS NOT NULL)
        )
    );
CREATE INDEX idx_students_name_ar
        ON students(full_name_ar);
CREATE INDEX idx_students_name_en
        ON students(full_name_en);
CREATE INDEX idx_students_dept_admission
        ON students(department_id, admission_year);
CREATE INDEX idx_students_study_system
        ON students(study_system_id);

-- Dumping data for table certificate_manager.students: 1,498 rows
DELETE FROM "students";
INSERT INTO "students" ("id", "full_name_ar", "full_name_en", "date_of_birth", "birthplace_id", "birthplace_other", "nationality_id", "department_id", "study_system_id", "order_id", "admission_year", "study_type", "graduation_date", "graduation_semester", "average") VALUES
	(1, 'مروة علي عبدالصمد علي', '', '2000-01-01', 2, NULL, 111, 12, 1, 389, 2019, 'morning', NULL, 'first', 73),
	(2, 'زهراء رعد عكال غيلان', '', '2000-01-01', 2, NULL, 111, 12, 2, 385, 2018, 'morning', NULL, 'first', 85),
	(3, 'بتول عارف سالم حسين', '', '2000-01-01', 2, NULL, 111, 11, 1, 386, 2019, 'morning', NULL, 'first', 81),
	(4, 'زينب هاني هادي ناصر', '', '2000-01-01', 2, NULL, 111, 12, 1, 389, 2019, 'morning', NULL, 'first', 78),
	(5, 'نهلة حمد عبدالصمد حمد', '', '2000-01-01', 2, NULL, 111, 12, 1, 389, 2019, 'morning', NULL, 'first', 83),
	(6, 'أمير حسين عبد محمد', 'Ameer Hussein Abed Albo Saber', '2000-01-01', 2, NULL, 111, 11, 2, 386, 2019, 'morning', NULL, 'first', 69),
	(7, 'يوسف عبدالخالق عبدالكريم راضي', '', '2000-01-01', 2, NULL, 111, 11, 1, 386, 2019, 'morning', NULL, 'first', 82),
	(8, 'زينب حسين مهدي صالح', '', '2000-01-01', 2, NULL, 111, 11, 1, 386, 2019, 'morning', NULL, 'first', 72),
	(9, 'صادق ابراهيم صادق ابراهيم', 'sadeq', '2000-01-01', 2, NULL, 111, 11, 2, 384, 2018, 'morning', NULL, 'first', 82),
	(10, 'دانيا احمد شهاب احمد', 'Danya Ahmed Shehab Alalwan', '2000-01-01', 2, NULL, 111, 11, 2, 386, 2019, 'morning', NULL, 'first', 65),
	(11, 'هدى تحسين علي جعفر', '', '2000-01-01', 2, NULL, 111, 11, 2, 382, 2018, 'morning', NULL, 'first', 65),
	(12, 'هدير صباح رحمه لازم', '', '2000-01-01', 2, NULL, 111, 11, 2, 386, 2019, 'morning', NULL, 'first', 76),
	(13, 'محمد امين شهيد راضي حسين', '', '2000-01-01', 2, NULL, 111, 12, 2, 389, 2019, 'morning', NULL, 'first', 81),
	(14, 'رواء جليل بجاي احمد', '', '2000-01-01', 2, NULL, 111, 11, 2, 386, 2019, 'morning', NULL, 'first', 75),
	(15, 'تمارة وليد كامل راضي', '', '2000-01-01', 2, NULL, 111, 11, 2, 386, 2019, 'morning', NULL, 'first', 73),
	(16, 'زهراء عبدعلي احمد طعمه', '', '2000-01-01', 2, NULL, 111, 11, 2, 386, 2019, 'morning', NULL, 'first', 73),
	(17, 'اسماء عبدالله عبدالامام جاسم', 'Asmaa Abdullah Abdulimam Alkharasani', '2000-01-01', 2, NULL, 111, 11, 2, 386, 2019, 'morning', NULL, 'first', 72),
	(18, 'بان علي فاضل حميد', '', '2000-01-01', 2, NULL, 111, 11, 2, 386, 2019, 'morning', NULL, 'first', 71),
	(19, 'أروى اكرم فاضل اسحاق', '', '2000-01-01', 2, NULL, 111, 12, 2, 385, 2018, 'morning', NULL, 'first', 77),
	(20, 'فرح محمود قاسم حمود', 'Farah Mhmood Qasim Alsurur', '2000-01-01', 2, NULL, 111, 11, 2, 433, 2018, 'morning', NULL, 'first', 70),
	(21, 'فاطمة رياض سهيم جمعة', '', '2000-01-01', 2, NULL, 111, 11, 2, 386, 2019, 'morning', NULL, 'first', 66),
	(22, 'حسين عدنان كطوف عبدالرضا', 'HUSSEIN ADNAN KATTOOF KATTOOF', '2000-01-01', 2, NULL, 111, 11, 2, 382, 2018, 'morning', NULL, 'first', 70),
	(23, 'رباب حسن صبر محي', 'Rabab Hassan Sabr Alfadhel', '2000-01-01', 2, NULL, 111, 12, 2, 385, 2018, 'morning', NULL, 'first', 81),
	(24, 'سجاد محمد حسن بدر', '', '2000-01-01', 2, NULL, 111, 12, 2, 389, 2019, 'morning', NULL, 'first', 70),
	(25, 'مجتبى جاسم محمد مشتت', '', '2000-01-01', 2, NULL, 111, 11, 2, 386, 2019, 'morning', NULL, 'first', 64),
	(26, 'زهراء عبدالكريم محمد جعفر حسين', 'Zahraa Abdlkarim MohamedJafar Albshrawi', '2000-01-01', 2, NULL, 111, 12, 2, 385, 2018, 'morning', NULL, 'first', 77),
	(27, 'نور فائق رحيم ياسر', 'Noor Faeq Raheem Al-Maliki', '2000-01-01', 2, NULL, 111, 11, 2, 386, 2019, 'morning', NULL, 'first', 64),
	(28, 'ميس عبدالكريم عبدالحسين زويد', '', '2000-01-01', 2, NULL, 111, 12, 2, 389, 2019, 'morning', NULL, 'first', 71),
	(29, 'نجوى عبدالباقي لفته عمران', '', '2000-01-01', 2, NULL, 111, 12, 2, 385, 2018, 'morning', NULL, 'first', 72),
	(30, 'زينب عبدالقاسم فرحان مناحي', '', '2000-01-01', 2, NULL, 111, 11, 2, 433, 2018, 'morning', NULL, 'first', 62),
	(31, 'محمد هشام سامي شريدة', '', '2000-01-01', 2, NULL, 111, 11, 2, 386, 2019, 'morning', NULL, 'first', 68),
	(32, 'نور الهدى سامي بدر ماضي', '', '2000-01-01', 2, NULL, 111, 12, 2, 385, 2018, 'morning', NULL, 'first', 64),
	(33, 'حبيبة مجيد حميد عمار', '', '2000-01-01', 2, NULL, 111, 12, 2, 389, 2019, 'morning', NULL, 'first', 66),
	(34, 'سارة قاسم كريم شويع', '', '2000-01-01', 2, NULL, 111, 12, 2, 389, 2019, 'morning', NULL, 'first', 68),
	(35, 'الاء قصي نوري يوسف', 'alaa', '2000-01-01', 2, NULL, 111, 12, 2, 389, 2019, 'morning', NULL, 'first', 71),
	(36, 'فاطمة محسن داخل محمد', 'Fatimah Mohsin Dakhil Almohammed', '2000-01-01', 2, NULL, 111, 12, 2, 389, 2019, 'morning', NULL, 'first', 67),
	(37, 'ضياء الدين حسن عبدالمنعم عبدالمحسن', 'Dheyauldeen Hasan Abdulmunem AL-Khaqani', '2000-01-01', 2, NULL, 111, 12, 2, 398, 2020, 'morning', NULL, 'first', 72),
	(38, 'حيدر كاظم محمد مهوس', '', '2000-01-01', 2, NULL, 111, 11, 2, 397, 2020, 'morning', NULL, 'first', 69),
	(39, 'زهراء سعيد قاسم بدر', 'Zahraa Saeed Qasim AL-Sulaimawi', '2000-01-01', 2, NULL, 111, 11, 2, 433, 2018, 'morning', NULL, 'first', 65),
	(40, 'فاطمة رياض فلاح حسن', 'Fatimah Ryadh Falah Aljasim', '2000-01-01', 2, NULL, 111, 11, 2, 384, 2018, 'morning', NULL, 'first', 67),
	(41, 'فاتن مؤيد عبدالله', '', '2000-01-01', 2, NULL, 111, 12, 2, 383, 2018, 'morning', NULL, 'first', 62),
	(42, 'بتول محمد مالك كريم', '', '2000-01-01', 2, NULL, 111, 11, 2, 379, 2017, 'morning', NULL, 'first', 75),
	(43, 'شهد باسم حبش عواد', '', '2000-01-01', 2, NULL, 111, 12, 2, 389, 2019, 'morning', NULL, 'first', 63),
	(44, 'علي شوقي بدران جاسم', 'ALI SHAWQI BADRAN ALZAWAR', '2000-01-01', 2, NULL, 111, 12, 2, 385, 2018, 'morning', NULL, 'first', 89),
	(45, 'حسين علاء جابر علوان', '', '2000-01-01', 2, NULL, 111, 12, 2, 389, 2019, 'morning', NULL, 'first', 79),
	(46, 'مصطفى محمد كاطع عبد', '', '2000-01-01', 2, NULL, 111, 11, 2, 433, 2018, 'morning', NULL, 'first', 80),
	(47, 'غدير عبدالرسول محمد خضير', '', '2000-01-01', 2, NULL, 111, 11, 2, 379, 2017, 'morning', NULL, 'first', 63),
	(48, 'نادية توفيق حسين يوسف', '', '2000-01-01', 2, NULL, 111, 11, 2, 386, 2019, 'morning', NULL, 'first', 69),
	(49, 'نبأ محمد عبدالكريم محمد', 'nabaa', '2000-01-01', 2, NULL, 111, 11, 2, 379, 2017, 'morning', NULL, 'first', 85),
	(50, 'علي فاضل اسماعيل ياسين', '', '2000-01-01', 2, NULL, 111, 11, 2, 386, 2019, 'morning', NULL, 'first', 66),
	(51, 'علا زهير هيلان حمود', '', '2000-01-01', 2, NULL, 111, 12, 2, 389, 2019, 'morning', NULL, 'first', 63),
	(52, 'نور الزهراء ضياء فاخر علوان', '', '2000-01-01', 2, NULL, 111, 12, 2, 385, 2018, 'morning', NULL, 'first', 65),
	(53, 'فاطمة جاسم محمد داود', '', '2000-01-01', 2, NULL, 111, 12, 2, 385, 2018, 'morning', NULL, 'first', 90),
	(54, 'جنة مظلوم مهدي مزعل', '', '2000-01-01', 2, NULL, 111, 12, 2, 385, 2018, 'morning', NULL, 'first', 63),
	(55, 'اسراء فاضل عبد لازم', 'Israa Fadhil Abed Al-Bdairi', '2000-01-01', 2, NULL, 111, 12, 2, 385, 2018, 'morning', NULL, 'first', 71),
	(56, 'حسين صباح نوري شطب', 'HUSSEIN SABAH NOORI ALHASOONI', '2000-01-01', 2, NULL, 111, 11, 2, 386, 2019, 'morning', NULL, 'first', 67),
	(57, 'اسماء هاني عاشور طارش', '', '2000-01-01', 2, NULL, 111, 11, 2, 382, 2018, 'morning', NULL, 'first', 71),
	(58, 'زينب علاء رسمي ناصر', '', '2000-01-01', 2, NULL, 111, 12, 2, 389, 2019, 'morning', NULL, 'first', 67),
	(59, 'حوراء قاسم جاسم محمد', '', '2000-01-01', 2, NULL, 111, 11, 2, 382, 2018, 'morning', NULL, 'first', 73),
	(60, 'علي حيدر محمد حسين راضي', '', '2000-01-01', 2, NULL, 111, 11, 2, 433, 2018, 'morning', NULL, 'first', 81),
	(61, 'هدى عبدالجبار مهنا خميس', 'HUDA  ABDULJABBAR MHANA  ALMASBOOB', '2000-01-01', 2, NULL, 111, 11, 2, 397, 2020, 'morning', NULL, 'first', 68),
	(62, 'محمد عماد احمد محمد', 'Mohammed Imad Ahmed Al-Shayib', '2000-01-01', 2, NULL, 111, 12, 2, 385, 2018, 'morning', NULL, 'first', 72),
	(63, 'حسين راجح فيصل وسمي', '', '2000-01-01', 2, NULL, 111, 11, 2, 386, 2019, 'morning', NULL, 'first', 67),
	(64, 'نور محمد عطية عبدالامام', '', '2000-01-01', 2, NULL, 111, 12, 2, 389, 2019, 'morning', NULL, 'first', 64),
	(65, 'محمد حسن طه صالح', '', '2000-01-01', 2, NULL, 111, 11, 2, 386, 2019, 'morning', NULL, 'first', 65),
	(66, 'آية اياد سلمان عبيد', '', '2000-01-01', 2, NULL, 111, 11, 2, 386, 2019, 'morning', NULL, 'first', 66),
	(67, 'فاطمة اسد عبود نايف', '', '2000-01-01', 2, NULL, 111, 11, 2, 386, 2019, 'morning', NULL, 'first', 71),
	(68, 'غفران حيدر عناد عايد', '', '2000-01-01', 2, NULL, 111, 11, 2, 384, 2018, 'morning', NULL, 'first', 67),
	(69, 'زينب مسلم رمضان يونس', '', '2000-01-01', 2, NULL, 111, 12, 2, 389, 2019, 'morning', NULL, 'first', 66),
	(70, 'رهام طه علي رومي', '', '2000-01-01', 2, NULL, 111, 11, 2, 386, 2019, 'morning', NULL, 'first', 68),
	(71, 'حنين محمد جبيشة عبيد', '', '2000-01-01', 2, NULL, 111, 11, 2, 397, 2020, 'morning', NULL, 'first', 68),
	(72, 'زهراء قادر محمد عياده', '', '2000-01-01', 2, NULL, 111, 12, 2, 389, 2019, 'morning', NULL, 'first', 74),
	(73, 'حسين جبار كريم خضير', '', '2000-01-01', 2, NULL, 111, 11, 2, 408, 2021, 'morning', NULL, 'first', 65),
	(74, 'محمد ياسين هاشم ياسين', 'Mohammed Yaseen Hashim Al-Hilo', '2000-01-01', 2, NULL, 111, 12, 2, 404, 2021, 'morning', NULL, 'first', 65),
	(75, 'ود شهيد سلمان عبد', '', '2000-01-01', 2, NULL, 111, 11, 2, 404, 2021, 'morning', NULL, 'first', 61),
	(76, 'فاطمة باسم صالح مطلك', '', '2000-01-01', 2, NULL, 111, 12, 2, 404, 2021, 'morning', NULL, 'first', 61),
	(77, 'اية محمد عبدالصمد محمود', '', '2000-01-01', 2, NULL, 111, 12, 2, 383, 2018, 'morning', NULL, 'first', 62),
	(78, 'يوسف عبدالحسين مهدي ابراهيم', '', '2000-01-01', 2, NULL, 111, 12, 2, 415, 2021, 'evening', NULL, 'first', 65),
	(79, 'هدى فراس يوسف حسين', '', '2000-01-01', 2, NULL, 111, 11, 2, 410, 2021, 'morning', NULL, 'first', 69),
	(80, 'علي عبدالباقي هاشم عيسى', '', '2000-01-01', 2, NULL, 111, 12, 2, 415, 2021, 'evening', NULL, 'first', 63),
	(81, 'زهراء حيدر احمد مهدي', 'Zahraa Hayder Ahmed Haddad', '2000-01-01', 2, NULL, 111, 11, 2, 384, 2018, 'morning', NULL, 'first', 73),
	(82, 'تبارك علي اديب حمودي', '', '2000-01-01', 2, NULL, 111, 12, 2, 407, 2021, 'morning', NULL, 'first', 58),
	(83, 'نبأ محسن عبدالصاحب محمد حسين', '', '2000-01-01', 2, NULL, 111, 11, 2, 384, 2018, 'morning', NULL, 'first', 70),
	(84, 'نور عيدان نجف كرم', '', '2000-01-01', 2, NULL, 111, 12, 2, 385, 2018, 'morning', NULL, 'first', 59),
	(85, 'زهراء سعيد حمد علي', '', '2000-01-01', 2, NULL, 111, 12, 2, 385, 2018, 'morning', NULL, 'first', 69),
	(86, 'عبدلله محمد علي عبدالله علي', '', '2000-01-01', 2, NULL, 111, 11, 2, 384, 2018, 'morning', NULL, 'first', 71),
	(87, 'دنيا نوري سالم جابر', '', '2000-01-01', 2, NULL, 111, 12, 2, 380, 2017, 'morning', NULL, 'first', 74),
	(88, 'حوراء سالم فرعون عيادة', 'HAWRAA SALIM FARAWN AL-ASADI', '2000-01-01', 2, NULL, 111, 12, 2, 385, 2018, 'morning', NULL, 'first', 71),
	(89, 'حوراء رعد جودة سعد', '', '2000-01-01', 2, NULL, 111, 12, 2, 383, 2018, 'morning', NULL, 'first', 73),
	(90, 'ايات طارق كاظم محمد', '', '2000-01-01', 2, NULL, 111, 11, 2, 384, 2018, 'morning', NULL, 'first', 65),
	(91, 'زهراء جواد كاظم محمد', 'Zahraa Jawad Kadhim Malallah', '2000-01-01', 2, NULL, 111, 11, 2, 386, 2019, 'morning', NULL, 'first', 66),
	(92, 'نور خالد يعقوب يوسف', '', '2000-01-01', 2, NULL, 111, 12, 2, 380, 2017, 'morning', NULL, 'first', 68),
	(93, 'دعاء عارف راشد عساف', '', '2000-01-01', 2, NULL, 111, 12, 2, 389, 2019, 'morning', NULL, 'first', 69),
	(94, 'زهراء عبدالكريم جبار سعدون', 'Zahraa Abdulkareem Jabar Al-Hilfi', '2000-01-01', 2, NULL, 111, 12, 2, 385, 2018, 'morning', NULL, 'first', 76),
	(95, 'ايات محمد رضا ياسين مريهج', '', '2000-01-01', 2, NULL, 111, 12, 2, 383, 2018, 'morning', NULL, 'first', 61),
	(96, 'ليث اسعد باجي يوسف', '', '2000-01-01', 2, NULL, 111, 12, 2, 385, 2018, 'morning', NULL, 'first', 62),
	(97, 'رونق صلاح ايوب مطشر', '', '2000-01-01', 2, NULL, 111, 12, 2, 385, 2018, 'morning', NULL, 'first', 63),
	(98, 'هيام عباس قاسم عبدالنبي', '', '2000-01-01', 2, NULL, 111, 12, 2, 380, 2017, 'morning', NULL, 'first', 76),
	(99, 'نور الهدى علي عبدالحسين هاتف', '', '2000-01-01', 2, NULL, 111, 11, 2, 379, 2017, 'morning', NULL, 'first', 73),
	(100, 'نورا حسين سلمان دنان', '', '2000-01-01', 2, NULL, 111, 12, 2, 385, 2018, 'morning', NULL, 'first', 62),
	(101, 'سوزان خالد عبدالكريم عباس', '', '2000-01-01', 2, NULL, 111, 12, 2, 389, 2019, 'morning', NULL, 'first', 64),
	(102, 'نادين وليد بشير عبدالواحد', '', '2000-01-01', 2, NULL, 111, 12, 2, 389, 2019, 'morning', NULL, 'first', 66),
	(103, 'فاطمة عبدالحسين مجاهد محبوب', '', '2000-01-01', 2, NULL, 111, 11, 2, 384, 2018, 'morning', NULL, 'first', 64),
	(104, 'سارة عباس عبدعلي عمران', '', '2000-01-01', 2, NULL, 111, 11, 2, 384, 2018, 'morning', NULL, 'first', 73),
	(105, 'فاطمة عماد عبدالحسين علوان', '', '2000-01-01', 2, NULL, 111, 11, 2, 406, 2021, 'morning', NULL, 'first', 63),
	(106, 'محمد حسين اسعد محمود عزيز', '', '2000-01-01', 2, NULL, 111, 12, 2, 380, 2017, 'morning', NULL, 'first', 76),
	(107, 'ضحى جبار مهجر كريم', '', '2000-01-01', 2, NULL, 111, 11, 2, 382, 2018, 'morning', NULL, 'first', 69),
	(108, 'عباس عبدالامير عبدالزهرة جاسم', '', '2000-01-01', 2, NULL, 111, 12, 2, 380, 2017, 'morning', NULL, 'first', 80),
	(109, 'مريم عبدالكريم كاظم جواد', '', '2000-01-01', 2, NULL, 111, 12, 2, 380, 2017, 'morning', NULL, 'first', 68),
	(110, 'علاء حامد لواح ابراهيم', '', '2000-01-01', 2, NULL, 111, 12, 2, 389, 2019, 'morning', NULL, 'first', 67),
	(111, 'شهد فريد يوسف عبدالواحد', '', '2000-01-01', 2, NULL, 111, 12, 2, 385, 2018, 'morning', NULL, 'first', 80),
	(112, 'حنين هادي عبدالصمد جابر', '', '2000-01-01', 2, NULL, 111, 12, 2, 381, 2017, 'morning', NULL, 'first', 70),
	(113, 'ايمن ياس مهوس لعيبي', '', '2000-01-01', 2, NULL, 111, 12, 2, 380, 2017, 'morning', NULL, 'first', 70),
	(114, 'علي مكي علي حسن', '', '2000-01-01', 2, NULL, 111, 12, 2, 389, 2019, 'morning', NULL, 'first', 77),
	(115, 'سارة ليث جواد كاظم', '', '2000-01-01', 2, NULL, 111, 11, 2, 433, 2018, 'morning', NULL, 'first', 70),
	(116, 'هاجر محمد رسن شاهر', '', '2000-01-01', 2, NULL, 111, 11, 2, 433, 2018, 'morning', NULL, 'first', 70),
	(117, 'فاطمة عبدالحسن مصر مهدي', '', '2000-01-01', 2, NULL, 111, 12, 2, 385, 2018, 'morning', NULL, 'first', 68),
	(118, 'اسراء طعمه عريبي عبد', '', '2000-01-01', 2, NULL, 111, 12, 2, 407, 2021, 'morning', NULL, 'first', 64),
	(119, 'فرح عزيز مولى علاج', '', '2000-01-01', 2, NULL, 111, 12, 2, 389, 2019, 'morning', NULL, 'first', 70),
	(120, 'غدير مصطفى صالح عبد', '', '2000-01-01', 2, NULL, 111, 12, 2, 385, 2018, 'morning', NULL, 'first', 63),
	(121, 'مريم منذر عبدالرزاق فياض', '', '2000-01-01', 2, NULL, 111, 12, 2, 385, 2018, 'morning', NULL, 'first', 68),
	(122, 'سارة محمد حسن بنيان', '', '2000-01-01', 2, NULL, 111, 12, 2, 389, 2019, 'morning', NULL, 'first', 66),
	(123, 'محمد محمود عدنان', '', '2000-01-01', 2, NULL, 111, 12, 2, 435, 2024, 'morning', NULL, 'first', 61),
	(124, 'في عيسى عبد الحسين ابراهيم', '', '2000-01-01', 2, NULL, 111, 11, 2, 434, 2024, 'morning', NULL, 'first', 61),
	(125, 'سبأ هادي سالم جابر', '', '2000-01-01', 2, NULL, 111, 11, 2, 384, 2018, 'morning', NULL, 'first', 68),
	(126, 'جنان عاطف عبدالحسين محسن', '', '2000-01-01', 2, NULL, 111, 12, 1, 389, 2019, 'morning', NULL, 'first', 71),
	(127, 'اسراء رسول محسن حميد', '', '2000-01-01', 2, NULL, 111, 12, 1, 389, 2019, 'morning', NULL, 'first', 64),
	(128, 'ابرار طالب ياسين جبيش', '', '2000-01-01', 2, NULL, 111, 11, 1, 393, 2020, 'morning', NULL, 'first', 73),
	(129, 'علياء اسعد فضل عباس', '', '2000-01-01', 2, NULL, 111, 12, 1, 394, 2020, 'morning', NULL, 'first', 74),
	(130, 'سارة صبيح نوري مهلهل', '', '2000-01-01', 2, NULL, 111, 12, 1, 394, 2020, 'morning', NULL, 'first', 71),
	(131, 'احمد عدنان عبدالعزيز داود', '', '2000-01-01', 2, NULL, 111, 12, 1, 396, 2020, 'morning', NULL, 'first', 66),
	(132, 'فاطمة الزهراء علي عبد عبدالحسين', '', '2000-01-01', 2, NULL, 111, 12, 1, 401, 2020, 'evening', NULL, 'first', 73),
	(133, 'محمد علي عبدالصمد جبار علي', '', '2000-01-01', 2, NULL, 111, 11, 1, 400, 2020, 'evening', NULL, 'first', 68),
	(134, 'مجتبى عبدالكاظم محمد جواد كاظم', '', '2000-01-01', 2, NULL, 111, 11, 1, 400, 2020, 'evening', NULL, 'first', 68),
	(135, 'مريم مصطفى محمد يعقوب', '', '2000-01-01', 2, NULL, 111, 11, 1, 393, 2020, 'morning', NULL, 'first', 67),
	(136, 'مريم عبدالكريم حمزة عباس', '', '2000-01-01', 2, NULL, 111, 12, 1, 396, 2020, 'morning', NULL, 'first', 66),
	(137, 'زيد محمد عبدالله سليمان', '', '2000-01-01', 2, NULL, 111, 11, 1, 393, 2020, 'morning', NULL, 'first', 66),
	(138, 'زينب علاء رسمي ناصر', '', '2000-01-01', 2, NULL, 111, 12, 1, 389, 2019, 'morning', NULL, 'first', 67),
	(139, 'دعاء عيسى عبدالواحد يوسف', '', '2000-01-01', 2, NULL, 111, 12, 1, 394, 2020, 'morning', NULL, 'first', 70),
	(140, 'حنين رعد هاشم عزيز', '', '2000-01-01', 2, NULL, 111, 11, 1, 393, 2020, 'morning', NULL, 'first', 71),
	(141, 'لهيب ابراهيم عبدالغفور نجاتي', '', '2000-01-01', 2, NULL, 111, 12, 1, 389, 2019, 'morning', NULL, 'first', 65),
	(142, 'نور علي عبدالحسين عذير', '', '2000-01-01', 2, NULL, 111, 12, 1, 396, 2020, 'morning', NULL, 'first', 66),
	(143, 'علي عباس محمد جواد كاظم', '', '2000-01-01', 2, NULL, 111, 11, 1, 400, 2020, 'evening', NULL, 'first', 68),
	(144, 'محمد فاضل عبدالمهدي حميد', '', '2000-01-01', 2, NULL, 111, 11, 1, 400, 2020, 'evening', NULL, 'first', 67),
	(145, 'سارة رعد شري عبداللطيف', '', '2000-01-01', 2, NULL, 111, 12, 1, 394, 2020, 'morning', NULL, 'first', 72),
	(146, 'هدى غانم عودة فرحان', '', '2000-01-01', 2, NULL, 111, 11, 1, 393, 2020, 'morning', NULL, 'first', 80),
	(147, 'هالة احسان قاسم محمد', '', '2000-01-01', 2, NULL, 111, 11, 1, 393, 2020, 'morning', NULL, 'first', 80),
	(148, 'سارة عامر عبدالصمد خلف', '', '2000-01-01', 2, NULL, 111, 12, 1, 389, 2019, 'morning', NULL, 'first', 66),
	(149, 'سارة علاء الدين عبدالرزاق جاسم', '', '2000-01-01', 2, NULL, 111, 12, 1, 389, 2019, 'morning', NULL, 'first', 67),
	(150, 'اديان جواد عبدالكاظم جاسم', '', '2000-01-01', 2, NULL, 111, 11, 1, 393, 2020, 'morning', NULL, 'first', 69),
	(151, 'فاطمة خالد جاسب خزعل', '', '2000-01-01', 2, NULL, 111, 12, 1, 396, 2020, 'morning', NULL, 'first', 68),
	(152, 'سيف خالد خلف لفته', '', '2000-01-01', 2, NULL, 111, 11, 1, 393, 2020, 'morning', NULL, 'first', 65),
	(153, 'ورود عادل راضي داود', '', '2000-01-01', 2, NULL, 111, 11, 1, 393, 2020, 'morning', NULL, 'first', 67),
	(154, 'وهاد فاروق عبدالكريم خضير', '', '2000-01-01', 2, NULL, 111, 12, 1, 396, 2020, 'morning', NULL, 'first', 61),
	(155, 'بشير عبدالرؤوف عبدالهادي شحرور', '', '2000-01-01', 2, NULL, 111, 11, 1, 402, 2020, 'evening', NULL, 'first', 66),
	(156, 'مريم عدنان عبدالنبي تعبان', '', '2000-01-01', 2, NULL, 111, 12, 1, 389, 2019, 'morning', NULL, 'first', 71),
	(157, 'تقى جبار ستار جبار', '', '2000-01-01', 2, NULL, 111, 12, 1, 389, 2019, 'morning', NULL, 'first', 70),
	(158, 'عمران عدنان عمران رحيم', '', '2000-01-01', 2, NULL, 111, 11, 1, 393, 2020, 'morning', NULL, 'first', 69),
	(159, 'اماني عبدالجليل عطية عبدالعزيز', '', '2000-01-01', 2, NULL, 111, 11, 1, 393, 2020, 'morning', NULL, 'first', 73),
	(160, 'مصطفى صلاح رزاق ناهض', 'Mustafa Salah Razzaq Al-Farhan', '2000-01-01', 2, NULL, 111, 12, 1, 396, 2020, 'morning', NULL, 'first', 69),
	(161, 'اية سعد عبدالهادي صالح', '', '2000-01-01', 2, NULL, 111, 12, 1, 389, 2019, 'morning', NULL, 'first', 66),
	(162, 'زهراء عماد فيصل عيسى', '', '2000-01-01', 2, NULL, 111, 11, 1, 400, 2020, 'evening', NULL, 'first', 72),
	(163, 'علي تحسين فالح حسن', '', '2000-01-01', 2, NULL, 111, 11, 1, NULL, 2020, 'evening', NULL, 'first', 70),
	(164, 'زهراء عبدالله علي عقيل', '', '2000-01-01', 2, NULL, 111, 12, 1, 389, 2019, 'morning', NULL, 'first', 68),
	(165, 'نرجس علاء داود كاطع', '', '2000-01-01', 2, NULL, 111, 11, 1, 386, 2019, 'morning', NULL, 'first', 75),
	(166, 'زهراء مصطفى كاظم محسن', '', '2000-01-01', 2, NULL, 111, 12, 1, 403, 2020, 'evening', NULL, 'first', 65),
	(167, 'زهراء عماد حسن رضا', '', '2000-01-01', 2, NULL, 111, 12, 1, 403, 2020, 'evening', NULL, 'first', 65),
	(168, 'حسن جليل ابراهيم يحيى', '', '2000-01-01', 2, NULL, 111, 11, 1, 400, 2020, 'evening', NULL, 'first', 66),
	(169, 'هالة اياد محسن شناوة', '', '2000-01-01', 2, NULL, 111, 12, 1, 394, 2020, 'morning', NULL, 'first', 67),
	(170, 'علي صالح خليوي بكال', '', '2000-01-01', 2, NULL, 111, 11, 1, 400, 2020, 'evening', NULL, 'first', 67),
	(171, 'اسماء هلال لازم شري', '', '2000-01-01', 2, NULL, 111, 12, 1, 394, 2020, 'morning', NULL, 'first', 71),
	(172, 'نبأ فاضل عباس عبدالله', '', '2000-01-01', 2, NULL, 111, 11, 1, 393, 2020, 'morning', NULL, 'first', 70),
	(173, 'محمود محمد علي شهاب', '', '2000-01-01', 2, NULL, 111, 11, 1, 393, 2020, 'morning', NULL, 'first', 68),
	(174, 'صفا عبدالزهرة شرهان جبار', '', '2000-01-01', 2, NULL, 111, 11, 1, 393, 2020, 'morning', NULL, 'first', 73),
	(175, 'حوراء عبدالحسين كاظم عبد', '', '2000-01-01', 2, NULL, 111, 12, 1, 394, 2020, 'morning', NULL, 'first', 76),
	(176, 'نهى عبدالله فالح محمد', '', '2000-01-01', 2, NULL, 111, 12, 1, 394, 2020, 'morning', NULL, 'first', 75),
	(177, 'زهراء سالم عبدالكريم مهدي', '', '2000-01-01', 2, NULL, 111, 12, 1, 394, 2020, 'morning', NULL, 'first', 74),
	(178, 'سارة حسن علي معارج', '', '2000-01-01', 2, NULL, 111, 12, 1, 394, 2020, 'morning', NULL, 'first', 74),
	(179, 'حسين عبدالكريم قاسم داود', '', '2000-01-01', 2, NULL, 111, 12, 1, 394, 2020, 'morning', NULL, 'first', 74),
	(180, 'زينب راضي كعيم عبد', '', '2000-01-01', 2, NULL, 111, 12, 1, 394, 2020, 'morning', NULL, 'first', 74),
	(181, 'زهراء محسن محمد جاسم', 'zzzzzzzzzzzzzz', '2000-01-01', 2, NULL, 111, 12, 1, 394, 2020, 'morning', NULL, 'first', 73),
	(182, 'زهراء حيدر جمال امين', '', '2000-01-01', 2, NULL, 111, 12, 1, 394, 2020, 'morning', NULL, 'first', 73),
	(183, 'حسين عبد علي شتيل جباره', '', '2000-01-01', 2, NULL, 111, 12, 1, 394, 2020, 'morning', NULL, 'first', 73),
	(184, 'حسين عبد علي شتيل جباره', '', '2000-01-01', 2, NULL, 111, 12, 1, 394, 2020, 'morning', NULL, 'first', 73),
	(185, 'اشجان مطلق ضاحي علي', '', '2000-01-01', 2, NULL, 111, 12, 1, 394, 2020, 'morning', NULL, 'first', 72),
	(186, 'تهاني علاء طالب عبدالله', '', '2000-01-01', 2, NULL, 111, 12, 1, 394, 2020, 'morning', NULL, 'first', 72),
	(187, 'مريم مؤيد عبدالصمد حسين', '', '2000-01-01', 2, NULL, 111, 12, 1, 394, 2020, 'morning', NULL, 'first', 72),
	(188, 'روان ضياء مرداو جاسب', 'Rawan Dheyaa Mardaw Mardaw', '2000-01-01', 2, NULL, 111, 12, 1, 394, 2020, 'morning', NULL, 'first', 71),
	(189, 'زهراء وسمي شرهان بلاسم', '', '2000-01-01', 2, NULL, 111, 12, 1, 394, 2020, 'morning', NULL, 'first', 71),
	(190, 'علي كريم حاتم عبدالحسين', '', '2000-01-01', 2, NULL, 111, 12, 1, 394, 2020, 'morning', NULL, 'first', 70),
	(191, 'اية عبدالكريم حميد بريهي', 'Aeia Abdulkareem Hameed Alabas', '2000-01-01', 2, NULL, 111, 12, 1, 394, 2020, 'morning', NULL, 'first', 70),
	(192, 'ايه عبدالكريم حميد بريهي', 'Aeia Abdulkareem Hameed Alabas', '2000-01-01', 2, NULL, 111, 12, 1, 394, 2020, 'morning', NULL, 'first', 70),
	(193, 'هبة سالم نجم هواز', '', '2000-01-01', 2, NULL, 111, 12, 1, 394, 2020, 'morning', NULL, 'first', 69),
	(194, 'هدى كاظم غضبان حسين', '', '2000-01-01', 2, NULL, 111, 12, 1, 394, 2020, 'morning', NULL, 'first', 69),
	(195, 'سجى محمد بناي لفتة', '', '2000-01-01', 2, NULL, 111, 12, 1, 394, 2020, 'morning', NULL, 'first', 69),
	(196, 'زهراء سالم جعفر سلطان', '', '2000-01-01', 2, NULL, 111, 12, 1, 394, 2020, 'morning', NULL, 'first', 69),
	(197, 'محمد طارق عبدالرحمن خلف', '', '2000-01-01', 2, NULL, 111, 12, 1, 394, 2020, 'morning', NULL, 'first', 68),
	(198, 'زينب احمد محسن محمد', '', '2000-01-01', 2, NULL, 111, 12, 1, 394, 2020, 'morning', NULL, 'first', 68),
	(199, 'فاطمة عبدالرحيم عيسى عبدالرحيم', '', '2000-01-01', 2, NULL, 111, 12, 1, 394, 2020, 'morning', NULL, 'first', 68),
	(200, 'شهد ولاء داود سالم', '', '2000-01-01', 2, NULL, 111, 11, 1, 393, 2020, 'morning', NULL, 'first', 66),
	(201, 'فاطمة قصي حمود علي', '', '2000-01-01', 2, NULL, 111, 12, 1, 394, 2020, 'morning', NULL, 'first', 67),
	(202, 'علا احمد عبدالرزاق احمد', '', '2000-01-01', 2, NULL, 111, 12, 1, 394, 2020, 'morning', NULL, 'first', 66),
	(203, 'الاء فائق عبدالنبي سهم', '', '2000-01-01', 2, NULL, 111, 12, 1, 394, 2020, 'morning', NULL, 'first', 66),
	(204, 'يوسف فاروق سعدي صالح', '', '2000-01-01', 2, NULL, 111, 11, 1, 402, 2020, 'evening', NULL, 'first', 65),
	(205, 'الاء فائق عبد النبي سهم', '', '2000-01-01', 2, NULL, 111, 12, 1, 394, 2020, 'morning', NULL, 'first', 66),
	(206, 'يوسف عادل فادغ شلتاغ', '', '2000-01-01', 2, NULL, 111, 11, 1, 400, 2020, 'evening', NULL, 'first', 68),
	(207, 'اسراء طارق عبدالحميد ابراهيم', '', '2000-01-01', 2, NULL, 111, 11, 1, 393, 2020, 'morning', NULL, 'first', 71),
	(208, 'امنة سالم عبدالامير عبدالحافظ', '', '2000-01-01', 2, NULL, 111, 11, 1, 393, 2020, 'morning', NULL, 'first', 72),
	(209, 'نور الهدى قصي خير الله حمود', '', '2000-01-01', 2, NULL, 111, 12, 1, 389, 2019, 'morning', NULL, 'first', 75),
	(210, 'امنة زين العابدين احمد علي', '', '2000-01-01', 2, NULL, 111, 11, 1, 393, 2020, 'morning', NULL, 'first', 73),
	(211, 'روان حسين علي جاسم', 'RAWAN HUSSEIN ALI AL-ASADI', '2000-01-01', 2, NULL, 111, 11, 1, 393, 2020, 'morning', NULL, 'first', 69),
	(212, 'مسلم عبدالكاظم لفته عبد', '', '2000-01-01', 2, NULL, 111, 12, 1, 401, 2020, 'evening', NULL, 'first', 67),
	(213, 'ضحى سلطان عبدالجليل سلطان', '', '2000-01-01', 2, NULL, 111, 11, 1, 393, 2020, 'morning', NULL, 'first', 63),
	(214, 'سجاد محمد علي جاسم محمد', '', '2000-01-01', 2, NULL, 111, 12, 1, 403, 2020, 'evening', NULL, 'first', 68),
	(215, 'سهى عبدالله فالح محمد', '', '2000-01-01', 2, NULL, 111, 11, 1, 395, 2020, 'morning', NULL, 'first', 71),
	(216, 'زهراء حسين سوادي صالح', '', '2000-01-01', 2, NULL, 111, 11, 1, 393, 2020, 'morning', NULL, 'first', 71),
	(217, 'ايات جاسم محمد ابراهيم', '', '2000-01-01', 2, NULL, 111, 11, 1, 393, 2020, 'morning', NULL, 'first', 72),
	(218, 'فاطمة حامد محي محيل', '', '2000-01-01', 2, NULL, 111, 11, 1, 393, 2020, 'morning', NULL, 'first', 72),
	(219, 'رهام هادي سلطان يمن', '', '2000-01-01', 2, NULL, 111, 11, 1, 393, 2020, 'morning', NULL, 'first', 65),
	(220, 'وسناء عادل هادي عباس', '', '2000-01-01', 2, NULL, 111, 11, 1, 393, 2020, 'morning', NULL, 'first', 66),
	(221, 'علي حسن محارب ملوح', '', '2000-01-01', 2, NULL, 111, 12, 1, 396, 2020, 'morning', NULL, 'first', 66),
	(222, 'سدن عمر هاشم عبدالغني', '', '2000-01-01', 2, NULL, 111, 12, 1, 403, 2020, 'evening', NULL, 'first', 64),
	(223, 'هاجر عبدالرضا ناظم محمود', '', '2000-01-01', 2, NULL, 111, 11, 1, 393, 2020, 'morning', NULL, 'first', 74),
	(224, 'عذراء احمد سوادي محمد', '', '2000-01-01', 2, NULL, 111, 11, 1, 393, 2020, 'morning', NULL, 'first', 69),
	(225, 'نور قيصر عطا اسماعيل', '', '2000-01-01', 2, NULL, 111, 12, 1, 389, 2019, 'morning', NULL, 'first', 80),
	(226, 'حسين توفيق نعيم ابراهيم', '', '2000-01-01', 2, NULL, 111, 12, 1, 403, 2020, 'evening', NULL, 'first', 64),
	(227, 'نور راضي صلان حاتم', '', '2000-01-01', 2, NULL, 111, 11, 1, 393, 2020, 'morning', NULL, 'first', 66),
	(228, 'نور مرتضى ناظم حميد', '', '2000-01-01', 2, NULL, 111, 11, 1, 393, 2020, 'morning', NULL, 'first', 73),
	(229, 'هيام عبدالواحد قاسم حسن', '', '2000-01-01', 2, NULL, 111, 11, 1, 393, 2020, 'morning', NULL, 'first', 69),
	(230, 'زينب مرتضى سعدون ابراهيم', '', '2000-01-01', 2, NULL, 111, 11, 1, 393, 2020, 'morning', NULL, 'first', 64),
	(231, 'حسين عبدعلي شتيل جباره', '', '2000-01-01', 2, NULL, 111, 12, 1, 394, 2020, 'morning', NULL, 'first', 73),
	(232, 'زهراء راضي صلان حاتم', 'AHLAM WALEED ABOOD AL-KHAFAJI', '2000-01-01', 2, NULL, 111, 12, 1, 389, 2019, 'morning', NULL, 'first', 69),
	(233, 'محمد فلاح عبدالحسن هاشم', '', '2000-01-01', 2, NULL, 111, 12, 1, 403, 2020, 'evening', NULL, 'first', 67),
	(234, 'علي عبدالله احمد رخيص', '', '2000-01-01', 2, NULL, 111, 12, 1, 396, 2020, 'morning', NULL, 'first', 71),
	(235, 'سجود اسعد اكريم حاجم', '', '2000-01-01', 2, NULL, 111, 11, 1, 393, 2020, 'morning', NULL, 'first', 66),
	(236, 'هاجر ماجد بدر خلف', '', '2000-01-01', 2, NULL, 111, 11, 1, 393, 2020, 'morning', NULL, 'first', 71),
	(237, 'ميثم طالب قاسم عذبي', '', '2000-01-01', 2, NULL, 111, 11, 1, 402, 2020, 'evening', NULL, 'first', 68),
	(238, 'زهراء عبدالواحد حياوي خميس', '', '2000-01-01', 2, NULL, 111, 11, 1, 402, 2020, 'evening', NULL, 'first', 69),
	(239, 'زينب علاء عبدالحسين علي', '', '2000-01-01', 2, NULL, 111, 12, 1, 396, 2020, 'morning', NULL, 'first', 67),
	(240, 'سجى كريم لطيف سعد', '', '2000-01-01', 2, NULL, 111, 12, 1, 396, 2020, 'morning', NULL, 'first', 66),
	(241, 'زهراء حسين جمعه بدن', '', '2000-01-01', 2, NULL, 111, 11, 1, 393, 2020, 'morning', NULL, 'first', 68),
	(242, 'سارة محمد يونس خنجر', '', '2000-01-01', 2, NULL, 111, 12, 1, 389, 2019, 'morning', NULL, 'first', 75),
	(243, 'اثير نعيم حسن زغير', '', '2000-01-01', 2, NULL, 111, 11, 1, 395, 2020, 'morning', NULL, 'first', 68),
	(244, 'غدير رافد محمد ثامر', '', '2000-01-01', 2, NULL, 111, 12, 1, 396, 2020, 'morning', NULL, 'first', 69),
	(245, 'محمد رضا نادر يوسف محمد حسين', '', '2000-01-01', 2, NULL, 111, 11, 1, 393, 2020, 'morning', NULL, 'first', 73),
	(246, 'سمية علاء الدين عبدالحافظ سلمان', 'Sumaya Alaulddin Abdulhafedh Al-Qaysi', '2000-01-01', 2, NULL, 111, 12, 1, 396, 2020, 'morning', NULL, 'first', 68),
	(247, 'حسين سجاد موسى محمد', '', '2000-01-01', 2, NULL, 111, 12, 1, 396, 2020, 'morning', NULL, 'first', 62),
	(248, 'رباب عبدالكاظم مطشر شذر', '', '2000-01-01', 2, NULL, 111, 12, 1, 396, 2020, 'morning', NULL, 'first', 65),
	(249, 'محمود عبدالمطلب خليل جاسم', '', '2000-01-01', 2, NULL, 111, 11, 1, 393, 2020, 'morning', NULL, 'first', 71),
	(250, 'محمد جاسم محمد ياسين', '', '2000-01-01', 2, NULL, 111, 11, 1, 393, 2020, 'morning', NULL, 'first', 73),
	(251, 'حسن ستار طارش دعيج', '', '2000-01-01', 2, NULL, 111, 11, 1, 393, 2020, 'morning', NULL, 'first', 68),
	(252, 'رسل مجيد ناصر جاسم', '', '2000-01-01', 2, NULL, 111, 11, 1, 393, 2020, 'morning', NULL, 'first', 66),
	(253, 'حنين ظاهر حبيب نجم', '', '2000-01-01', 2, NULL, 111, 11, 1, 393, 2020, 'morning', NULL, 'first', 66),
	(254, 'سلمى علي حبيب محمد', '', '2000-01-01', 2, NULL, 111, 11, 1, 393, 2020, 'morning', NULL, 'first', 69),
	(255, 'دموع عماد رزاق عبدالنبي', '', '2000-01-01', 2, NULL, 111, 12, 1, 396, 2020, 'morning', NULL, 'first', 67),
	(256, 'زينب محمد حسين محمد', '', '2000-01-01', 2, NULL, 111, 12, 1, 396, 2020, 'morning', NULL, 'first', 65),
	(257, 'محمد فؤاد غالب كاطع', '', '2000-01-01', 2, NULL, 111, 11, 1, NULL, 2020, 'morning', NULL, 'first', 70),
	(258, 'شمس ميثم عبدالحسن كاظم', '', '2000-01-01', 2, NULL, 111, 12, 1, 396, 2020, 'morning', NULL, 'first', 66),
	(259, 'هيفاء عبدالرحمن خلف عباس', '', '2000-01-01', 2, NULL, 111, 11, 1, 393, 2020, 'morning', NULL, 'first', 74),
	(260, 'نور الهدى عباس طه ياسين', '', '2000-01-01', 2, NULL, 111, 12, 1, 394, 2020, 'morning', NULL, 'first', 70),
	(261, 'نور محمد جواد عبدالجبار', '', '2000-01-01', 2, NULL, 111, 12, 1, 396, 2020, 'morning', NULL, 'first', 68),
	(262, 'علي ضياء نور مهدي', '', '2000-01-01', 2, NULL, 111, 11, 1, 393, 2020, 'morning', NULL, 'first', 65),
	(263, 'عفاف كفاء رحمان داخل', '', '2000-01-01', 2, NULL, 111, 12, 1, 396, 2020, 'morning', NULL, 'first', 68),
	(264, 'سجى عدنان كاظم وادي', '', '2000-01-01', 2, NULL, 111, 11, 1, 400, 2020, 'evening', NULL, 'first', 72),
	(265, 'عذراء فاضل عباس', '', '2000-01-01', 2, NULL, 111, 11, 1, 402, 2020, 'evening', NULL, 'first', 69),
	(266, 'مخلد محمد مصطفى جعفر', '', '2000-01-01', 2, NULL, 111, 11, 1, 393, 2020, 'morning', NULL, 'first', 68),
	(267, 'سجاد علي حسن محيسن', '', '2000-01-01', 2, NULL, 111, 12, 1, 394, 2020, 'morning', NULL, 'first', 67),
	(268, 'ميساء جاسم محسن عبد', '', '2000-01-01', 2, NULL, 111, 12, 1, 396, 2020, 'morning', NULL, 'first', 69),
	(269, 'زين العابدين فتحي سلمان عطا', '', '2000-01-01', 2, NULL, 111, 11, 1, 400, 2020, 'evening', NULL, 'first', 72),
	(270, 'زهراء عبدالامير علي حسين', '', '2000-01-01', 2, NULL, 111, 11, 1, 386, 2019, 'morning', NULL, 'first', 69),
	(271, 'زينب شفيق جاسم محمد', '', '2000-01-01', 2, NULL, 111, 12, 1, 396, 2020, 'morning', NULL, 'first', 63),
	(272, 'ضحى خير الله خزعل حواس', '', '2000-01-01', 2, NULL, 111, 12, 1, 396, 2020, 'morning', NULL, 'first', 66),
	(273, 'داليا فاروق فؤاد عبداللطيف', 'abs', '2000-01-01', 2, NULL, 111, 12, 1, 396, 2020, 'morning', NULL, 'first', 69),
	(274, 'زينب عبدالكريم حامد صالح', 'Zainab Abdulkarim Hamed', '2000-01-01', 2, NULL, 111, 11, 1, 393, 2020, 'morning', NULL, 'first', 71),
	(275, 'سجاد عبدالعزيز كاطع عزيز', '', '2000-01-01', 2, NULL, 111, 11, 1, 393, 2020, 'morning', NULL, 'first', 68),
	(276, 'هدى عادل عبدالصمد جنعان', '', '2000-01-01', 2, NULL, 111, 11, 1, 393, 2020, 'morning', NULL, 'first', 69),
	(277, 'نور امين عبد محمد', '', '2000-01-01', 2, NULL, 111, 11, 1, 393, 2020, 'morning', NULL, 'first', 71),
	(278, 'يوسف شاكر يعقوب يوسف', '', '2000-01-01', 2, NULL, 111, 12, 1, 403, 2020, 'evening', NULL, 'first', 65),
	(279, 'اسماء حيدر سلمان جابر', '', '2000-01-01', 2, NULL, 111, 11, 1, 393, 2020, 'morning', NULL, 'first', 67),
	(280, 'نور الهدى عقيل خميس ياسر', '', '2000-01-01', 2, NULL, 111, 11, 1, 393, 2020, 'morning', NULL, 'first', 65),
	(281, 'ايات عبدالامير احمد حسن', '', '2000-01-01', 2, NULL, 111, 11, 1, 386, 2019, 'morning', NULL, 'first', 67),
	(282, 'جذلاء مهند عبدالجليل خليل', '', '2000-01-01', 2, NULL, 111, 12, 1, 403, 2020, 'evening', NULL, 'first', 65),
	(283, 'هاجر نعمان عبود جابر', '', '2000-01-01', 2, NULL, 111, 12, 1, 396, 2020, 'morning', NULL, 'first', 69),
	(284, 'زينة محمد مصطفى جاسم', '', '2000-01-01', 2, NULL, 111, 12, 1, 396, 2020, 'morning', NULL, 'first', 66),
	(285, 'لينا عدنان اسماعيل نجم', '', '2000-01-01', 2, NULL, 111, 11, 1, 393, 2020, 'morning', NULL, 'first', 69),
	(286, 'فاطمه احمد عبدالكاظم سلطان', '', '2000-01-01', 2, NULL, 111, 11, 1, NULL, 2021, 'morning', NULL, 'first', 63),
	(287, 'سيف الدين رافع هيلي لعيبي', 'Saif Aldain Rafea Haili AL-Asadi', '2000-01-01', 2, NULL, 111, 12, 1, 409, 2021, 'morning', NULL, 'first', 79),
	(288, 'حسين حيدر محمد عبد علي', '', '2000-01-01', 2, NULL, 111, 11, 1, 412, 2021, 'evening', NULL, 'first', 65),
	(289, 'هاجر فيصل محمود عبدالغفار', '', '2000-01-01', 2, NULL, 111, 11, 1, 408, 2021, 'morning', NULL, 'first', 70),
	(290, 'روان وليد عبدالكريم عباس', '', '2000-01-01', 2, NULL, 111, 12, 1, 409, 2021, 'morning', NULL, 'first', 68),
	(291, 'ختام عبدالحسن عبدالحميد محمد', '', '2000-01-01', 2, NULL, 111, 11, 1, 408, 2021, 'morning', NULL, 'first', 69),
	(292, 'علي زكي طاهر عطاالله', '', '2000-01-01', 2, NULL, 111, 12, 1, 413, 2021, 'evening', NULL, 'first', 63),
	(293, 'محمد قاسم رحيم مسلم', '', '2000-01-01', 2, NULL, 111, 12, 1, 413, 2021, 'evening', NULL, 'first', 71),
	(294, 'احلام وليد عبود فارس', 'AHLAM WALEED ABOOD AL-KHAFAJI', '2000-01-01', 2, NULL, 111, 11, 1, 408, 2021, 'morning', NULL, 'first', 67),
	(295, 'ياسين يعقوب يوسف خلف', '', '2000-01-01', 2, NULL, 111, 12, 1, 409, 2021, 'morning', NULL, 'first', 71),
	(296, 'مصطفى احمد مهدي جبار', 'Mustafa Ahmed Mahdi Albahr', '2000-01-01', 2, NULL, 111, 12, 1, 409, 2021, 'morning', NULL, 'first', 68),
	(297, 'فاطمه عبدالرضا عبدالحسن عبدالرضا', '', '2000-01-01', 2, NULL, 111, 11, 1, 408, 2021, 'morning', NULL, 'first', 70),
	(298, 'علي الاكبر عبدالامير داود سلمان', '', '2000-01-01', 2, NULL, 111, 12, 1, 413, 2021, 'evening', NULL, 'first', 73),
	(299, 'ليلى سالم محمد شرهان', '', '2000-01-01', 2, NULL, 111, 12, 1, 409, 2021, 'morning', NULL, 'first', 69),
	(300, 'ندى عادل صاحب داود', 'Nada Adil Sahib Al-Hamdawee', '2000-01-01', 2, NULL, 111, 12, 1, 409, 2021, 'morning', NULL, 'first', 77),
	(301, 'زينب حميد محمود عاشور', '', '2000-01-01', 2, NULL, 111, 12, 1, 409, 2021, 'morning', NULL, 'first', 68),
	(302, 'سالم عامر فاروق علي', '', '2000-01-01', 2, NULL, 111, 12, 1, 409, 2021, 'morning', NULL, 'first', 70),
	(303, 'سارة عبدالجبار عبداللطيف عبدالرزاق', '', '2000-01-01', 2, NULL, 111, 12, 1, 409, 2021, 'morning', NULL, 'first', 67),
	(304, 'اماني عقيل عبدالواحد عبدالسيد', '', '2000-01-01', 2, NULL, 111, 12, 1, 409, 2021, 'morning', NULL, 'first', 76),
	(305, 'حسين رياض موزان هاشم', '', '2000-01-01', 2, NULL, 111, 12, 1, 409, 2021, 'morning', NULL, 'first', 67),
	(306, 'منتظر جمعه دعيم شغاتي', '', '2000-01-01', 2, NULL, 111, 12, 1, 409, 2021, 'morning', NULL, 'first', 69),
	(307, 'مريم رعد عبدالسادة حافظ', '', '2000-01-01', 2, NULL, 111, 12, 1, 409, 2021, 'morning', NULL, 'first', 72),
	(308, 'زينب نوري عبدالكريم مطلك', '', '2000-01-01', 2, NULL, 111, 12, 1, 409, 2021, 'morning', NULL, 'first', 67),
	(309, 'حسين محمد حسين تقي', '', '2000-01-01', 2, NULL, 111, 11, 1, 412, 2021, 'evening', NULL, 'first', 60),
	(310, 'عبدالله عماد علي محمد', 'Abdullah Imad Ali Al-Raheem', '2000-01-01', 2, NULL, 111, 12, 1, 409, 2021, 'morning', NULL, 'first', 72),
	(311, 'حوراء واثق هادي محسن', '', '2000-01-01', 2, NULL, 111, 12, 1, 409, 2021, 'morning', NULL, 'first', 64),
	(312, 'نهران كاظم مناتي تايه', '', '2000-01-01', 2, NULL, 111, 11, 1, 408, 2021, 'morning', NULL, 'first', 68),
	(313, 'بنين عباس فاضل يوسف', '', '2000-01-01', 2, NULL, 111, 11, 1, 408, 2021, 'morning', NULL, 'first', 71),
	(314, 'سارة كمال الدين مهلهل عبد', '', '2000-01-01', 2, NULL, 111, 12, 1, 409, 2021, 'morning', NULL, 'first', 69),
	(315, 'حسين جبار كريم خضير', '', '2000-01-01', 2, NULL, 111, 11, 1, 408, 2021, 'morning', NULL, 'first', 65),
	(316, 'عباس محمد هادي عجرش', '', '2000-01-01', 2, NULL, 111, 11, 1, 408, 2021, 'morning', NULL, 'first', 66),
	(317, 'روسن كرم مسافر كرم', '', '2000-01-01', 2, NULL, 111, 12, 1, 409, 2021, 'morning', NULL, 'first', 65),
	(318, 'علي ماجد جميل علاوي', '', '2000-01-01', 2, NULL, 111, 12, 1, 413, 2021, 'evening', NULL, 'first', 69),
	(319, 'ايات اسامه عامر جابر', '', '2000-01-01', 2, NULL, 111, 11, 1, 408, 2021, 'morning', NULL, 'first', 64),
	(320, 'محمود باسل طه حمود', 'Mahmoud Basil Taha Al-Mahmoud', '2000-01-01', 2, NULL, 111, 12, 1, 409, 2021, 'morning', NULL, 'first', 76),
	(321, 'ياسر نعمان منذر عبداللطيف', 'Yaser Numan Monther Al-Ali', '2000-01-01', 2, NULL, 111, 12, 1, 409, 2021, 'morning', NULL, 'first', 73),
	(322, 'خنساء احمد عبدالله حنيش', '', '2000-01-01', 2, NULL, 111, 11, 1, 412, 2021, 'evening', NULL, 'first', 72),
	(323, 'شهد احمد عبدالعزيز حسن', '', '2000-01-01', 2, NULL, 111, 12, 1, 396, 2020, 'morning', NULL, 'first', 67),
	(324, 'نور سعد حسان مسلم', '', '2000-01-01', 2, NULL, 111, 12, 1, 409, 2021, 'morning', NULL, 'first', 65),
	(325, 'فاطمه محمد هاشم خليل', '', '2000-01-01', 2, NULL, 111, 12, 1, 409, 2021, 'morning', NULL, 'first', 64),
	(326, 'نرجس حسن نصر مهجر', '', '2000-01-01', 2, NULL, 111, 12, 1, 409, 2021, 'morning', NULL, 'first', 67),
	(327, 'طه ياسين محمد مزعل', 'Taha Yaseen Mohammed Alkhaleefah', '2000-01-01', 2, NULL, 111, 12, 1, 409, 2021, 'morning', NULL, 'first', 80),
	(328, 'حسن خالد حميد احمد', 'Hasan Khalid Hameed Al-Karnosy', '2000-01-01', 2, NULL, 111, 11, 1, 412, 2021, 'evening', NULL, 'first', 82),
	(329, 'الزهراء جاسم كاظم حالوب', '', '2000-01-01', 2, NULL, 111, 11, 1, 408, 2021, 'morning', NULL, 'first', 68),
	(330, 'مهند عبدالصمد حافظ عبدالباري', '', '2000-01-01', 2, NULL, 111, 11, 1, 412, 2021, 'evening', NULL, 'first', 74),
	(331, 'هبه عبدالصمد حافظ عبدالباري', '', '2000-01-01', 2, NULL, 111, 11, 1, 412, 2021, 'evening', NULL, 'first', 75),
	(332, 'سكينة عباس مهدي ناصح', '', '2000-01-01', 2, NULL, 111, 12, 1, 409, 2021, 'morning', NULL, 'first', 65),
	(333, 'بتول عبدالباقر صادق ناصر', '', '2000-01-01', 2, NULL, 111, 11, 1, 408, 2021, 'morning', NULL, 'first', 77),
	(334, 'حسام حيدر عبدالرزاق فياض', '', '2000-01-01', 2, NULL, 111, 11, 1, 412, 2021, 'evening', NULL, 'first', 72),
	(335, 'ايمان حامد يعقوب يوسف', '', '2000-01-01', 2, NULL, 111, 12, 1, 409, 2021, 'morning', NULL, 'first', 69),
	(336, 'حسين خير لله مظلوم اسحاق', 'HUSSEIN KHAIRULLAH MADHLOOM', '2000-01-01', 2, NULL, 111, 11, 1, 408, 2021, 'morning', NULL, 'first', 82),
	(337, 'نور احمد ناصر محمود', '', '2000-01-01', 2, NULL, 111, 11, 1, 408, 2021, 'morning', NULL, 'first', 65),
	(338, 'بيادر محمد ناسي جوده', '', '2000-01-01', 2, NULL, 111, 11, 1, 408, 2021, 'morning', NULL, 'first', 70),
	(339, 'حسناء عباس جمعه عباس', '', '2000-01-01', 2, NULL, 111, 11, 1, 408, 2021, 'morning', NULL, 'first', 82),
	(340, 'ملاك عبدالعظيم خميس هاشم', '', '2000-01-01', 2, NULL, 111, 11, 1, 408, 2021, 'morning', NULL, 'first', 76),
	(341, 'حسن لفته علي زعلان', '', '2000-01-01', 2, NULL, 111, 11, 1, 408, 2021, 'morning', NULL, 'first', 63),
	(342, 'عليين امجد سليم عبدالقادر', '', '2000-01-01', 2, NULL, 111, 11, 1, 408, 2021, 'morning', NULL, 'first', 64),
	(343, 'علي احمد خليل ابراهيم', '', '2000-01-01', 2, NULL, 111, 11, 1, 414, 2021, 'evening', NULL, 'first', 58),
	(344, 'رويده عبدعلي طعيمه حسن', '', '2000-01-01', 2, NULL, 111, 11, 1, 408, 2021, 'morning', NULL, 'first', 80),
	(345, 'حسن مالك عبدالرحيم رمام', '', '2000-01-01', 2, NULL, 111, 11, 1, 408, 2021, 'morning', NULL, 'first', 60),
	(346, 'فاطمة احمد حسين علي', 'Fatimah Ahmed Hussein Algawi', '2000-01-01', 2, NULL, 111, 11, 1, 393, 2020, 'morning', NULL, 'first', 70),
	(347, 'زهراء هيثم لطيف صباح', '', '2000-01-01', 2, NULL, 111, 11, 1, 408, 2021, 'morning', NULL, 'first', 66),
	(348, 'زينب امجد لطيف مزيد', '', '2000-01-01', 2, NULL, 111, 11, 1, 408, 2021, 'morning', NULL, 'first', 78),
	(349, 'محمد مهدي كاظم مزعل', '', '2000-01-01', 2, NULL, 111, 11, 1, 408, 2021, 'morning', NULL, 'first', 70),
	(350, 'اديان نبيل جمعه مخيمر', '', '2000-01-01', 2, NULL, 111, 12, 1, 409, 2021, 'morning', NULL, 'first', 68),
	(351, 'مهدي شاكر احمد جاسم', '', '2000-01-01', 2, NULL, 111, 11, 1, 408, 2021, 'morning', NULL, 'first', 72),
	(352, 'مروة حيدر عبدالرضا احمد', '', '2000-01-01', 2, NULL, 111, 11, 1, 408, 2021, 'morning', NULL, 'first', 68),
	(353, 'نور الهدى احمد مسلم محمد', '', '2000-01-01', 2, NULL, 111, 11, 1, 408, 2021, 'morning', NULL, 'first', 65),
	(354, 'حنين عبدالكريم شاكر احمد', '', '2000-01-01', 2, NULL, 111, 12, 1, 409, 2021, 'morning', NULL, 'first', 78),
	(355, 'مريم طه ياسين اسماعيل', '', '2000-01-01', 2, NULL, 111, 12, 1, 409, 2021, 'morning', NULL, 'first', 74),
	(356, 'حسن هادي مولى جابر', '', '2000-01-01', 2, NULL, 111, 11, 1, 408, 2021, 'morning', NULL, 'first', 69),
	(357, 'عباس عبدالرضا عبدالزهره علي', '', '2000-01-01', 2, NULL, 111, 11, 1, 408, 2021, 'morning', NULL, 'first', 75),
	(358, 'علي فؤاد فالح سعدون', '', '2000-01-01', 2, NULL, 111, 11, 1, 408, 2021, 'morning', NULL, 'first', 69),
	(359, 'امير بشير عبدالزهره حسن', '', '2000-01-01', 2, NULL, 111, 11, 1, 408, 2021, 'morning', NULL, 'first', 69),
	(360, 'حسن حازم جداوي سالم', '', '2000-01-01', 2, NULL, 111, 11, 1, 412, 2021, 'evening', NULL, 'first', 74),
	(361, 'حسين عثمان محمد مشوح', 'HUSSEIN OTHMAN MOHAMMED SHTAIWI', '2000-01-01', 2, NULL, 111, 11, 1, 408, 2021, 'morning', NULL, 'first', 61),
	(362, 'زينب هاشم جواد علي', '', '2000-01-01', 2, NULL, 111, 11, 1, 408, 2021, 'morning', NULL, 'first', 66),
	(363, 'دعاء عبدالباسط احمد خليل', '', '2000-01-01', 2, NULL, 111, 11, 1, 408, 2021, 'morning', NULL, 'first', 69),
	(364, 'نور الهدى عبد الامير زكي عداي', '', '2000-01-01', 2, NULL, 111, 12, 1, 409, 2021, 'morning', NULL, 'first', 68),
	(365, 'دنيا واثق قاسم عباس', '', '2000-01-01', 2, NULL, 111, 11, 1, 408, 2021, 'morning', NULL, 'first', 63),
	(366, 'سحر ناجي طراد عويد', '', '2000-01-01', 2, NULL, 111, 11, 1, 408, 2021, 'morning', NULL, 'first', 65),
	(367, 'زينب حسين محمد كريم', '', '2000-01-01', 2, NULL, 111, 11, 1, 408, 2021, 'morning', NULL, 'first', 65),
	(368, 'زينب حسين محمد جواد عبدالزهرة', '', '2000-01-01', 2, NULL, 111, 12, 1, 409, 2021, 'morning', NULL, 'first', 68),
	(369, 'اسراء كاظم حمود لفته', '', '2000-01-01', 2, NULL, 111, 11, 1, 408, 2021, 'morning', NULL, 'first', 69),
	(370, 'مها حسين مصطفى علي', '', '2000-01-01', 2, NULL, 111, 11, 1, 408, 2021, 'morning', NULL, 'first', 70),
	(371, 'مؤمن طيف صبري حميد', '', '2000-01-01', 2, NULL, 111, 11, 1, 408, 2021, 'morning', NULL, 'first', 67),
	(372, 'انوار محمد باقر حسن قاسم', '', '2000-01-01', 2, NULL, 111, 11, 1, 408, 2021, 'morning', NULL, 'first', 66),
	(373, 'مصطفى محمد عبدالعزيز خزعل', '', '2000-01-01', 2, NULL, 111, 11, 1, 408, 2021, 'morning', NULL, 'first', 64),
	(374, 'نور الهدى عبدالسلام سامي رجب', '', '2000-01-01', 2, NULL, 111, 12, 1, 396, 2020, 'morning', NULL, 'first', 66),
	(375, 'زينب ناصر سالم فارس', '', '2000-01-01', 2, NULL, 111, 11, 1, 408, 2021, 'morning', NULL, 'first', 71),
	(376, 'شيرين جميل عبيد مطير', '', '2000-01-01', 2, NULL, 111, 11, 1, 408, 2021, 'morning', NULL, 'first', 71),
	(377, 'محمد هاشم منصور نور', '', '2000-01-01', 2, NULL, 111, 12, 1, 413, 2021, 'evening', NULL, 'first', 67),
	(378, 'زينب عبيد فلاح نبات', '', '2000-01-01', 2, NULL, 111, 11, 1, 408, 2021, 'morning', NULL, 'first', 77),
	(379, 'زينب علي حسن عبيد', '', '2000-01-01', 2, NULL, 111, 11, 1, 408, 2021, 'morning', NULL, 'first', 70),
	(380, 'عذراء محسن قاسم محسن', '', '2000-01-01', 2, NULL, 111, 11, 1, 408, 2021, 'morning', NULL, 'first', 72),
	(381, 'مصطفى فاضل عباس طالب', '', '2000-01-01', 2, NULL, 111, 11, 1, 408, 2021, 'morning', NULL, 'first', 70),
	(382, 'علي عدنان عزيز موسى', '', '2000-01-01', 2, NULL, 111, 11, 1, 408, 2021, 'morning', NULL, 'first', 68),
	(383, 'محمد ريسان عزيز بندر', '', '2000-01-01', 2, NULL, 111, 11, 1, 408, 2021, 'morning', NULL, 'first', 63),
	(384, 'محمد تحسين علي عبدالرحيم', '', '2000-01-01', 2, NULL, 111, 11, 1, 408, 2021, 'morning', NULL, 'first', 69),
	(385, 'ابراهيم ناهض محمد عطب', '', '2000-01-01', 2, NULL, 111, 11, 1, 408, 2021, 'morning', NULL, 'first', 64),
	(386, 'حسين عبدالاله طالب جاسم', '', '2000-01-01', 2, NULL, 111, 11, 1, 412, 2021, 'evening', NULL, 'first', 61),
	(387, 'بيادر فيصل قاسم حسين', '', '2000-01-01', 2, NULL, 111, 11, 1, 412, 2021, 'evening', NULL, 'first', 67),
	(388, 'صباح نوري طالب غضيب', '', '2000-01-01', 2, NULL, 111, 11, 1, 408, 2021, 'morning', NULL, 'first', 64),
	(389, 'زينب احمد حنتوش محمود', '', '2000-01-01', 2, NULL, 111, 11, 1, 412, 2021, 'evening', NULL, 'first', 64),
	(390, 'كوثر محمد ثجيل عوده', '', '2000-01-01', 2, NULL, 111, 11, 1, 408, 2021, 'morning', NULL, 'first', 65),
	(391, 'بتول عبود حسن عبود', '', '2000-01-01', 2, NULL, 111, 11, 1, 408, 2021, 'morning', NULL, 'first', 67),
	(392, 'محمد عادل محمد ابراهيم', '', '2000-01-01', 2, NULL, 111, 11, 1, 412, 2021, 'evening', NULL, 'first', 60),
	(393, 'حسين عارف حميد حسين', '', '2000-01-01', 2, NULL, 111, 11, 1, 395, 2020, 'morning', NULL, 'first', 65),
	(394, 'حمزه حمادي موسى ظاهر', '', '2000-01-01', 2, NULL, 111, 11, 1, 408, 2021, 'morning', NULL, 'first', 67),
	(395, 'حكيم عبداللطيف لازم معتوك', '', '2000-01-01', 2, NULL, 111, 11, 1, 408, 2021, 'morning', NULL, 'first', 67),
	(396, 'دعاء هادي صالح كاظم', '', '2000-01-01', 2, NULL, 111, 11, 1, 386, 2019, 'morning', NULL, 'first', 66),
	(397, 'مهدي مصطفى شياع كريم', '', '2000-01-01', 2, NULL, 111, 11, 1, 412, 2021, 'evening', NULL, 'first', 57),
	(398, 'نوال قصي محمد فالح', '', '2000-01-01', 2, NULL, 111, 12, 1, 409, 2021, 'morning', NULL, 'first', 69),
	(399, 'زهراء جواد كاظم اسماعيل', '', '2000-01-01', 2, NULL, 111, 12, 1, 409, 2021, 'morning', NULL, 'first', 69),
	(400, 'محمد المهدي جاسم محمد راضي', '', '2000-01-01', 2, NULL, 111, 11, 1, 412, 2021, 'evening', NULL, 'first', 62),
	(401, 'ايمان نبيل ضياء احمد', '', '2000-01-01', 2, NULL, 111, 11, 1, 408, 2021, 'morning', NULL, 'first', 71),
	(402, 'ضحى عدنان حسين خضير', '', '2000-01-01', 2, NULL, 111, 11, 1, 408, 2021, 'morning', NULL, 'first', 70),
	(403, 'مريم كريم طاهر جبر', '', '2000-01-01', 2, NULL, 111, 11, 1, 408, 2021, 'morning', NULL, 'first', 69),
	(404, 'احمد قحطان يوسف ايوب', '', '2000-01-01', 2, NULL, 111, 11, 1, 408, 2021, 'morning', NULL, 'first', 63),
	(405, 'محمد سجاد كنعان جاسم', '', '2000-01-01', 2, NULL, 111, 11, 1, 408, 2021, 'morning', NULL, 'first', 68),
	(406, 'زينب جاسم محمد طاهر', '', '2000-01-01', 2, NULL, 111, 11, 1, 412, 2021, 'evening', NULL, 'first', 60),
	(407, 'ميثاق لطيف شياع مجيد', '', '2000-01-01', 2, NULL, 111, 11, 1, 412, 2021, 'evening', NULL, 'first', 63),
	(408, 'افياء نوري سعيد علي', '', '2000-01-01', 2, NULL, 111, 11, 1, 408, 2021, 'morning', NULL, 'first', 62),
	(409, 'تبارك مكي عبد اللطيف زعلان', '', '2000-01-01', 2, NULL, 111, 11, 1, 408, 2021, 'morning', NULL, 'first', 67),
	(410, 'مؤمل قاسم عبدالزهرة مبارك', 'Moamel Qasim Abdulzahra Alqatrani', '2000-01-01', 2, NULL, 111, 12, 1, 413, 2021, 'evening', NULL, 'first', 73),
	(411, 'اشجان حسن عبيد محيسن', '', '2000-01-01', 2, NULL, 111, 11, 1, 408, 2021, 'morning', NULL, 'first', 68),
	(412, 'ظاهر فاضل محمود مطشر', '', '2000-01-01', 2, NULL, 111, 12, 1, 413, 2021, 'evening', NULL, 'first', 62),
	(413, 'ابرار عادل جاسم يوسف', 'Abrar Adil Jasim Alnashe', '2000-01-01', 2, NULL, 111, 12, 1, 409, 2021, 'morning', NULL, 'first', 66),
	(414, 'احمد لطيف غالي كاطع', '', '2000-01-01', 2, NULL, 111, 11, 1, 408, 2021, 'morning', NULL, 'first', 60),
	(415, 'الحسن علي خضير ابراهيم', '', '2000-01-01', 2, NULL, 111, 11, 1, 408, 2021, 'morning', NULL, 'first', 64),
	(416, 'احمد شهيد هاشم زغير', '', '2000-01-01', 2, NULL, 111, 11, 1, 408, 2021, 'morning', NULL, 'first', 68),
	(417, 'رواء ياسين هاشم محمد', '', '2000-01-01', 2, NULL, 111, 11, 1, 410, 2021, 'morning', NULL, 'first', 58),
	(418, 'موسى معروف صباح حاجم', '', '2000-01-01', 2, NULL, 111, 12, 1, 415, 2021, 'evening', NULL, 'first', 59),
	(419, 'محمد عدي صدام مزيد', '', '2000-01-01', 2, NULL, 111, 11, 1, 412, 2021, 'evening', NULL, 'first', 64),
	(420, 'ميس مؤيد غازي فيصل', '', '2000-01-01', 2, NULL, 111, 11, 1, 410, 2021, 'morning', NULL, 'first', 68),
	(421, 'حيدر محمد عبدالزهره خلف', '', '2000-01-01', 2, NULL, 111, 11, 1, 410, 2021, 'morning', NULL, 'first', 69),
	(422, 'عبدالله علي عبدالله عيسى', '', '2000-01-01', 2, NULL, 111, 11, 1, 410, 2021, 'morning', NULL, 'first', 62),
	(423, 'بنين سامي مهدي صالح', '', '2000-01-01', 2, NULL, 111, 11, 1, 410, 2021, 'morning', NULL, 'first', 59),
	(424, 'ايمان اشراق صالح جعفر', '', '2000-01-01', 2, NULL, 111, 11, 1, 410, 2021, 'morning', NULL, 'first', 63),
	(425, 'سرى حسين موحان رهين', 'SURA HUSSEIN MOHAN MOHAN', '2000-01-01', 2, NULL, 111, 12, 1, 415, 2021, 'evening', NULL, 'first', 65),
	(426, 'سوزان عبدالودود عبد الساده حمزه', '', '2000-01-01', 2, NULL, 111, 11, 1, 408, 2021, 'morning', NULL, 'first', 63),
	(427, 'حسين فاضل شهاب داود', '', '2000-01-01', 2, NULL, 111, 12, 1, 411, 2021, 'morning', NULL, 'first', 63),
	(428, 'زهراء ناهي عجيل عبدالعالي', '', '2000-01-01', 2, NULL, 111, 12, 1, 409, 2021, 'morning', NULL, 'first', 70),
	(429, 'فاطمة طه طالب عبود', '', '2000-01-01', 2, NULL, 111, 12, 1, 413, 2021, 'evening', NULL, 'first', 72),
	(430, 'علي عدنان بكري علي', '', '2000-01-01', 2, NULL, 111, 12, 1, 415, 2021, 'evening', NULL, 'first', 67),
	(431, 'حيدر فؤاد شهيد عبدالرضا', '', '2000-01-01', 2, NULL, 111, 12, 1, 415, 2021, 'evening', NULL, 'first', 64),
	(432, 'فواز فيصل غازي احمد', '', '2000-01-01', 2, NULL, 111, 12, 1, 415, 2021, 'evening', NULL, 'first', 58),
	(433, 'حسن عبدالكريم بندر فرج', '', '2000-01-01', 2, NULL, 111, 11, 1, 410, 2021, 'morning', NULL, 'first', 59),
	(434, 'منتظر معن حمد قاسم', '', '2000-01-01', 2, NULL, 111, 11, 1, 402, 2020, 'evening', NULL, 'first', 67),
	(435, 'علي خيري عودة وحيد', '', '2000-01-01', 2, NULL, 111, 12, 1, 415, 2021, 'evening', NULL, 'first', 65),
	(436, 'حسين عبدالحسين شياع محسن', '', '2000-01-01', 2, NULL, 111, 12, 1, 415, 2021, 'evening', NULL, 'first', 62),
	(437, 'احمد عدنان عبدالحسين عبود', '', '2000-01-01', 2, NULL, 111, 12, 1, 415, 2021, 'evening', NULL, 'first', 63),
	(438, 'علي محمد احمد محمد', '', '2000-01-01', 2, NULL, 111, 12, 1, 415, 2021, 'evening', NULL, 'first', 65),
	(439, 'زهراء محمود عباس علي', '', '2000-01-01', 2, NULL, 111, 11, 1, 408, 2021, 'morning', NULL, 'first', 78),
	(440, 'ايات خير الله صبري عبدالامام', '', '2000-01-01', 2, NULL, 111, 11, 1, 408, 2021, 'morning', NULL, 'first', 64),
	(441, 'ضحى صلاح عبدالرحيم محمد', '', '2000-01-01', 2, NULL, 111, 12, 1, 409, 2021, 'morning', NULL, 'first', 68),
	(442, 'محمد احسان راضي عبد', '', '2000-01-01', 2, NULL, 111, 11, 1, 414, 2021, 'evening', NULL, 'first', 67),
	(443, 'علي جمعة قاسم زبون', '', '2000-01-01', 2, NULL, 111, 11, 1, 414, 2021, 'evening', NULL, 'first', 64),
	(444, 'محمد عبدالزهرة هاشم عبدالساده', '', '2000-01-01', 2, NULL, 111, 12, 1, 411, 2021, 'morning', NULL, 'first', 66),
	(445, 'علي مبارك خشان مطر', '', '2000-01-01', 2, NULL, 111, 12, 1, 411, 2021, 'morning', NULL, 'first', 63),
	(446, 'محمد صباح محسن حسن', '', '2000-01-01', 2, NULL, 111, 12, 1, 415, 2021, 'evening', NULL, 'first', 60),
	(447, 'علي كريم رحيمة زامل', '', '2000-01-01', 2, NULL, 111, 12, 1, 413, 2021, 'evening', NULL, 'first', 63),
	(448, 'صادق محمد جليل داخل', '', '2000-01-01', 2, NULL, 111, 11, 1, 400, 2020, 'evening', NULL, 'first', 74),
	(449, 'براء شاكر هواش عبدالصاحب', '', '2000-01-01', 2, NULL, 111, 12, 1, 411, 2021, 'morning', NULL, 'first', 66),
	(450, 'يوسف عبدالحسين مهدي ابراهيم', '', '2000-01-01', 2, NULL, 111, 12, 1, 415, 2021, 'evening', NULL, 'first', 65),
	(451, 'علي وائل علي سوادي', 'ALI WAEL ALI AL-WAELY', '2000-01-01', 2, NULL, 111, 12, 1, 409, 2021, 'morning', NULL, 'first', 75),
	(452, 'سارة صلاح قاسم نجم', '', '2000-01-01', 2, NULL, 111, 11, 1, 393, 2020, 'morning', NULL, 'first', 68),
	(453, 'كاظم جميل عجيل عكيلي', '', '2000-01-01', 2, NULL, 111, 11, 1, 408, 2021, 'morning', NULL, 'first', 61),
	(454, 'عباس حيدر عوده ظاهر', '', '2000-01-01', 2, NULL, 111, 11, 1, 408, 2021, 'morning', NULL, 'first', 65),
	(455, 'نهرين بديع عبدالرحيم جعفر', '', '2000-01-01', 2, NULL, 111, 11, 1, 408, 2021, 'morning', NULL, 'first', 65),
	(456, 'عبدالامير جواد كاظم غنيم', '', '2000-01-01', 2, NULL, 111, 12, 1, 415, 2021, 'evening', NULL, 'first', 64),
	(457, 'حسين محسن عبد والي', '', '2000-01-01', 2, NULL, 111, 12, 1, 415, 2021, 'evening', NULL, 'first', 64),
	(458, 'زين العابدين علي حسين خليفة', '', '2000-01-01', 2, NULL, 111, 12, 1, 415, 2021, 'evening', NULL, 'first', 64),
	(459, 'مصطفى حامد عباس حاجم', '', '2000-01-01', 2, NULL, 111, 12, 1, 413, 2021, 'evening', NULL, 'first', 64),
	(460, 'شهد عباس بائع شندي', '', '2000-01-01', 2, NULL, 111, 11, 1, 408, 2021, 'morning', NULL, 'first', 67),
	(461, 'هدى مكي دحام حاتم', '', '2000-01-01', 2, NULL, 111, 11, 1, 408, 2021, 'morning', NULL, 'first', 67),
	(462, 'حيدر عبدالكريم مجاهد ياسين', '', '2000-01-01', 2, NULL, 111, 12, 1, 411, 2021, 'morning', NULL, 'first', 65),
	(463, 'ايات كاظم عبد فدعم', '', '2000-01-01', 2, NULL, 111, 12, 1, 409, 2021, 'morning', NULL, 'first', 64),
	(464, 'الحسن مناف حسن عبدالرزاق', '', '2000-01-01', 2, NULL, 111, 11, 1, 410, 2021, 'morning', NULL, 'first', 62),
	(465, 'حسن كاظم هاشم كاظم', '', '2000-01-01', 2, NULL, 111, 12, 1, 415, 2021, 'evening', NULL, 'first', 63),
	(466, 'محمد جمال فاضل عبد', '', '2000-01-01', 2, NULL, 111, 11, 1, 410, 2021, 'morning', NULL, 'first', 61),
	(467, 'عذراء باسم محمد شرهان', '', '2000-01-01', 2, NULL, 111, 11, 1, 408, 2021, 'morning', NULL, 'first', 68),
	(468, 'محمد باقر احمد فاضل سرهنك', '', '2000-01-01', 2, NULL, 111, 12, 1, 415, 2021, 'evening', NULL, 'first', 62),
	(469, 'حيدر عبود سلمان ياسين', '', '2000-01-01', 2, NULL, 111, 11, 1, 414, 2021, 'evening', NULL, 'first', 57),
	(470, 'فاطمة عادل علي دشر', '', '2000-01-01', 2, NULL, 111, 12, 1, 411, 2021, 'morning', NULL, 'first', 68),
	(471, 'اركان كريم عرمش مونس', '', '2000-01-01', 2, NULL, 111, 12, 1, 415, 2021, 'evening', NULL, 'first', 63),
	(472, 'شهد حسن عبادي كريم', '', '2000-01-01', 2, NULL, 111, 12, 1, 415, 2021, 'evening', NULL, 'first', 66),
	(473, 'محمد اركان محمد رضا', '', '2000-01-01', 2, NULL, 111, 12, 1, 415, 2021, 'evening', NULL, 'first', 60),
	(474, 'فهد خالد ثويني محمد', '', '2000-01-01', 2, NULL, 111, 12, 1, 415, 2021, 'evening', NULL, 'first', 58),
	(475, 'حسين كريم حلوزي عبد', '', '2000-01-01', 2, NULL, 111, 12, 1, 415, 2021, 'evening', NULL, 'first', 62),
	(476, 'هدى عيسى غضبان وطبان', '', '2000-01-01', 2, NULL, 111, 12, 1, 411, 2021, 'morning', NULL, 'first', 68),
	(477, 'مصطفى رافد حميد قدوري', 'Mustafa Rafid Hameed Alanees', '2000-01-01', 2, NULL, 111, 12, 1, 411, 2021, 'morning', NULL, 'first', 67),
	(478, 'مهدي جاسم حميد مزهر', '', '2000-01-01', 2, NULL, 111, 12, 1, 411, 2021, 'morning', NULL, 'first', 62),
	(479, 'منتظر احمد مانع حسن', '', '2000-01-01', 2, NULL, 111, 12, 1, 415, 2021, 'evening', NULL, 'first', 57),
	(480, 'حيدر سعدون جبار شاتي', '', '2000-01-01', 2, NULL, 111, 11, 1, 408, 2021, 'morning', NULL, 'first', 62),
	(481, 'زينب عباس فاضل ناجي', '', '2000-01-01', 2, NULL, 111, 12, 1, 411, 2021, 'morning', NULL, 'first', 64),
	(482, 'سناء اكرم محمد رضا', 'SANAA AKRAM MOHAMMED MOHAMMED', '2000-01-01', 2, NULL, 111, 12, 1, 409, 2021, 'morning', NULL, 'first', 70),
	(483, 'مريم ماجد محمد امين غالب', '', '2000-01-01', 2, NULL, 111, 12, 1, 411, 2021, 'morning', NULL, 'first', 68),
	(484, 'شمس مجيد معتوق مجيد', '', '2000-01-01', 2, NULL, 111, 12, 1, 411, 2021, 'morning', NULL, 'first', 63),
	(485, 'نرجس سالم عبدالحسين نزال', '', '2000-01-01', 2, NULL, 111, 11, 1, 408, 2021, 'morning', NULL, 'first', 65),
	(486, 'عقيل محمد عبدالمحسن عبدالزهرة', '', '2000-01-01', 2, NULL, 111, 12, 1, 415, 2021, 'evening', NULL, 'first', 65),
	(487, 'ابراهيم عبدالوهاب ابراهيم حسين', '', '2000-01-01', 2, NULL, 111, 11, 1, 414, 2021, 'evening', NULL, 'first', 66),
	(488, 'مريم محمد يساس عامر', '', '2000-01-01', 2, NULL, 111, 12, 1, 411, 2021, 'morning', NULL, 'first', 64),
	(489, 'جنان عوده محسن علي', '', '2000-01-01', 2, NULL, 111, 12, 1, 409, 2021, 'morning', NULL, 'first', 67),
	(490, 'تقى حيدر محمد عبد', '', '2000-01-01', 2, NULL, 111, 11, 1, 410, 2021, 'morning', NULL, 'first', 61),
	(491, 'فاطمه فوزي هليل لازم', '', '2000-01-01', 2, NULL, 111, 11, 1, 410, 2021, 'morning', NULL, 'first', 63),
	(492, 'نور عبدالجبار حسن حمود', '', '2000-01-01', 2, NULL, 111, 11, 1, 410, 2021, 'morning', NULL, 'first', 62),
	(493, 'ام البنين ظاهر عبدالواحد عبدالمحسن', '', '2000-01-01', 2, NULL, 111, 11, 1, 408, 2021, 'morning', NULL, 'first', 66),
	(494, 'يوسف وارد صكر منذور', '', '2000-01-01', 2, NULL, 111, 11, 1, 408, 2021, 'morning', NULL, 'first', 64),
	(495, 'نوال علاء ثامر خلف', '', '2000-01-01', 2, NULL, 111, 12, 1, 411, 2021, 'morning', NULL, 'first', 70),
	(496, 'دره رحيم بدن حسين', '', '2000-01-01', 2, NULL, 111, 11, 1, 408, 2021, 'morning', NULL, 'first', 71),
	(497, 'كاظم جواد كاظم علي', '', '2000-01-01', 2, NULL, 111, 11, 1, 412, 2021, 'evening', NULL, 'first', 65),
	(498, 'بنين كريم لازم فهد', '', '2000-01-01', 2, NULL, 111, 12, 1, 411, 2021, 'morning', NULL, 'first', 68),
	(499, 'زهراء عبدالحسن ازياره عبود', '', '2000-01-01', 2, NULL, 111, 12, 1, 409, 2021, 'morning', NULL, 'first', 69),
	(500, 'بنين حازم بدر حبش', '', '2000-01-01', 2, NULL, 111, 12, 1, 411, 2021, 'morning', NULL, 'first', 64),
	(501, 'مصطفى ميثم فاضل مرتضى', 'MUSTAFA MAYTHAM FADHIL AL-HUSSEINI', '2000-01-01', 2, NULL, 111, 12, 1, 415, 2021, 'evening', NULL, 'first', 65),
	(502, 'اريج احمد كاظم جلود', '', '2000-01-01', 2, NULL, 111, 11, 1, 410, 2021, 'morning', NULL, 'first', 62),
	(503, 'حسنين علاء حميد عبدالامام', '', '2000-01-01', 2, NULL, 111, 11, 1, 393, 2020, 'morning', NULL, 'first', 69),
	(504, 'بتول محمد ايوب يوسف', '', '2000-01-01', 2, NULL, 111, 11, 1, 412, 2021, 'evening', NULL, 'first', 59),
	(505, 'اسراء عباس عبدالحسين نجم', 'ISRAA ABBAS ABDULHUSSEIN AL-DANEEN', '2000-01-01', 2, NULL, 111, 11, 1, 408, 2021, 'morning', NULL, 'first', 60),
	(506, 'مخلد زكي عبدالصمد مبارك', '', '2000-01-01', 2, NULL, 111, 11, 1, 410, 2021, 'morning', NULL, 'first', 61),
	(507, 'مصطفى قيس مهودر لعيبي', '', '2000-01-01', 2, NULL, 111, 11, 1, 410, 2021, 'morning', NULL, 'first', 59),
	(508, 'ضحى صفاء لفتة يعقوب', '', '2000-01-01', 2, NULL, 111, 12, 1, 415, 2021, 'evening', NULL, 'first', 66),
	(509, 'انفال حامد ابراهيم نجم', 'ANFAL HAMID IBRAHIM ALDANEEN', '2000-01-01', 2, NULL, 111, 12, 1, 411, 2021, 'morning', NULL, 'first', 66),
	(510, 'حوراء احمد نديم شهف', '', '2000-01-01', 2, NULL, 111, 12, 1, 411, 2021, 'morning', NULL, 'first', 65),
	(511, 'بتول عدنان حسين غلوم', '', '2000-01-01', 2, NULL, 111, 12, 1, 411, 2021, 'morning', NULL, 'first', 65),
	(512, 'خديجة احمد جاسم محمد', '', '2000-01-01', 2, NULL, 111, 12, 1, 411, 2021, 'morning', NULL, 'first', 61),
	(513, 'عذراء قاسم محمد قاسم', '', '2000-01-01', 2, NULL, 111, 11, 1, 410, 2021, 'morning', NULL, 'first', 63),
	(514, 'قاسم محمد حسين عبدالنبي', '', '2000-01-01', 2, NULL, 111, 12, 1, 409, 2021, 'morning', NULL, 'first', 70),
	(515, 'احمد سعيد جبار احمد', '', '2000-01-01', 2, NULL, 111, 12, 1, 411, 2021, 'morning', NULL, 'first', 65),
	(516, 'نور مازن حميد احمد', 'Noor Mazin Hameed Alqarnosy', '2000-01-01', 2, NULL, 111, 11, 1, 410, 2021, 'morning', NULL, 'first', 68),
	(517, 'هدى فراس يوسف حسين', '', '2000-01-01', 2, NULL, 111, 11, 1, 408, 2021, 'morning', NULL, 'first', 69),
	(518, 'رضا محمد حسن سنسل', '', '2000-01-01', 2, NULL, 111, 11, 1, 412, 2021, 'evening', NULL, 'first', 63),
	(519, 'محمد فراس جاسم عبدالصاحب', '', '2000-01-01', 2, NULL, 111, 11, 1, 408, 2021, 'morning', NULL, 'first', 65),
	(520, 'هديل فرقد عبود مشرف', '', '2000-01-01', 2, NULL, 111, 11, 1, 414, 2021, 'evening', NULL, 'first', 66),
	(521, 'حنان جعفر جواد محمد', 'HANAN JAAFAR JAWAD AL-MUSAWI', '2000-01-01', 2, NULL, 111, 12, 1, 411, 2021, 'morning', NULL, 'first', 66),
	(522, 'غدير عبدالجبار عبدالامير هاني', '', '2000-01-01', 2, NULL, 111, 12, 1, 411, 2021, 'morning', NULL, 'first', 62),
	(523, 'جله نار عبدالرحمن خلف مجلي', '', '2000-01-01', 2, NULL, 111, 12, 1, 411, 2021, 'morning', NULL, 'first', 67),
	(524, 'شهد عبدالعباس عيدان عبدالمهدي', '', '2000-01-01', 2, NULL, 111, 11, 1, 410, 2021, 'morning', NULL, 'first', 62),
	(525, 'زهراء جعفر صالح موسى', '', '2000-01-01', 2, NULL, 111, 11, 1, 410, 2021, 'morning', NULL, 'first', 64),
	(526, 'ايات عماد عجيل معجب', '', '2000-01-01', 2, NULL, 111, 11, 1, 410, 2021, 'morning', NULL, 'first', 57),
	(527, 'امنة حسن ياسين خضير', '', '2000-01-01', 2, NULL, 111, 12, 1, 411, 2021, 'morning', NULL, 'first', 65),
	(528, 'امير ظاهر غاوي عبيد', '', '2000-01-01', 2, NULL, 111, 11, 1, 410, 2021, 'morning', NULL, 'first', 63),
	(529, 'هديل محمد غالي عليوي', '', '2000-01-01', 2, NULL, 111, 11, 1, 414, 2021, 'evening', NULL, 'first', 63),
	(530, 'ايمان جواد كاظم عبدالنبي', '', '2000-01-01', 2, NULL, 111, 12, 1, 411, 2021, 'morning', NULL, 'first', 65),
	(531, 'زينب هيثم عبد جاسم', '', '2000-01-01', 2, NULL, 111, 12, 1, 411, 2021, 'morning', NULL, 'first', 64),
	(532, 'ايات عدنان نعيم مجلي', '', '2000-01-01', 2, NULL, 111, 12, 1, 411, 2021, 'morning', NULL, 'first', 64),
	(533, 'جنان كاظم يوسف محسن', '', '2000-01-01', 2, NULL, 111, 12, 1, 411, 2021, 'morning', NULL, 'first', 64),
	(534, 'كرار علي طعمة نعاس', '', '2000-01-01', 2, NULL, 111, 12, 1, 415, 2021, 'evening', NULL, 'first', 66),
	(535, 'عبدالله محمد خليل خلف', '', '2000-01-01', 2, NULL, 111, 12, 1, 415, 2021, 'evening', NULL, 'first', 65),
	(536, 'حسين جاسم محمد عامر', '', '2000-01-01', 2, NULL, 111, 11, 1, 412, 2021, 'evening', NULL, 'first', 62),
	(537, 'يوسف خالد نجيب مهودر', '', '2000-01-01', 2, NULL, 111, 11, 1, 414, 2021, 'evening', NULL, 'first', 61),
	(538, 'كرار حيدر عمران موسى', '', '2000-01-01', 2, NULL, 111, 11, 1, 412, 2021, 'evening', NULL, 'first', 64),
	(539, 'بتول شاكر علي حسين', '', '2000-01-01', 2, NULL, 111, 12, 1, 411, 2021, 'morning', NULL, 'first', 67),
	(540, 'علي ساجت صبيح عبد', '', '2000-01-01', 2, NULL, 111, 12, 1, 409, 2021, 'morning', NULL, 'first', 72),
	(541, 'زهراء كاظم حسين خضير', '', '2000-01-01', 2, NULL, 111, 11, 1, 408, 2021, 'morning', NULL, 'first', 70),
	(542, 'صفاء عباس ياسين فرج', '', '2000-01-01', 2, NULL, 111, 11, 1, 414, 2021, 'evening', NULL, 'first', 62),
	(543, 'زينب عبدالكريم حسين موسى', '', '2000-01-01', 2, NULL, 111, 11, 1, 408, 2021, 'morning', NULL, 'first', 71),
	(544, 'منار جمال سليم عبدالمجيد', '', '2000-01-01', 2, NULL, 111, 11, 1, 408, 2021, 'morning', NULL, 'first', 64),
	(545, 'زهراء حليم عودة عنيس', '', '2000-01-01', 2, NULL, 111, 12, 1, 396, 2020, 'morning', NULL, 'first', 69),
	(546, 'مصطفى فراس جميل عبدالحسين', '', '2000-01-01', 2, NULL, 111, 12, 1, 415, 2021, 'evening', NULL, 'first', 61),
	(547, 'مسلم صادق عبدالحسين محيل', '', '2000-01-01', 2, NULL, 111, 12, 1, 415, 2021, 'evening', NULL, 'first', 62),
	(548, 'سارة جعفر مسلم محمد', '', '2000-01-01', 2, NULL, 111, 11, 1, 393, 2020, 'morning', NULL, 'first', 69),
	(549, 'علي جمعة عنيد شويش', '', '2000-01-01', 2, NULL, 111, 11, 1, 414, 2021, 'evening', NULL, 'first', 64),
	(550, 'الاء جبار بخيت ذياب', '', '2000-01-01', 2, NULL, 111, 12, 1, 411, 2021, 'morning', NULL, 'first', 66),
	(551, 'رغد طلال هاشم عبادي', '', '2000-01-01', 2, NULL, 111, 12, 1, 411, 2021, 'morning', NULL, 'first', 64),
	(552, 'حسين علي رحيم مسلم', '', '2000-01-01', 2, NULL, 111, 12, 1, 415, 2021, 'evening', NULL, 'first', 67),
	(553, 'دعاء اياد كاظم زنبور', '', '2000-01-01', 2, NULL, 111, 12, 1, 411, 2021, 'morning', NULL, 'first', 59),
	(554, 'اديان جهاد ساجت عبدالكريم', '', '2000-01-01', 2, NULL, 111, 12, 1, 411, 2021, 'morning', NULL, 'first', 65),
	(555, 'هبه محمد حسون مناتي', '', '2000-01-01', 2, NULL, 111, 12, 1, 411, 2021, 'morning', NULL, 'first', 60),
	(556, 'محمد مهدي عبدالزهرة حسين', '', '2000-01-01', 2, NULL, 111, 12, 1, 415, 2021, 'evening', NULL, 'first', 72),
	(557, 'صفا جلال حسين علي', '', '2000-01-01', 2, NULL, 111, 11, 1, 408, 2021, 'morning', NULL, 'first', 67),
	(558, 'فاطمة منذر عبدالواحد مزيد', '', '2000-01-01', 2, NULL, 111, 12, 1, 409, 2021, 'morning', NULL, 'first', 64),
	(559, 'فاطمة حيدر خميس غدير', '', '2000-01-01', 2, NULL, 111, 12, 1, 409, 2021, 'morning', NULL, 'first', 63),
	(560, 'علي طالب فلس شملان', '', '2000-01-01', 2, NULL, 111, 11, 1, 414, 2021, 'evening', NULL, 'first', 58),
	(561, 'علي عبدالباقي هاشم عيسى', '', '2000-01-01', 2, NULL, 111, 12, 1, 415, 2021, 'evening', NULL, 'first', 63),
	(562, 'حوراء عوده هاتو اخزام', '', '2000-01-01', 2, NULL, 111, 11, 1, 410, 2021, 'morning', NULL, 'first', 57),
	(563, 'طيبة صلاح حسن محمد', 'Tiba Salah Hasan Al-Buhamad', '2000-01-01', 2, NULL, 111, 11, 1, 408, 2021, 'morning', NULL, 'first', 64),
	(564, 'امنة نشات حسن غضبان', '', '2000-01-01', 2, NULL, 111, 11, 1, 393, 2020, 'morning', NULL, 'first', 70),
	(565, 'عباس علي محمد عباس', '', '2000-01-01', 2, NULL, 111, 12, 1, 396, 2020, 'morning', NULL, 'first', 69),
	(566, 'اسراء طعمه عريبي عبد', '', '2000-01-01', 2, NULL, 111, 12, 1, 411, 2021, 'morning', NULL, 'first', 64),
	(567, 'سالي عبدالرحمن جنزيل جارح', '', '2000-01-01', 2, NULL, 111, 11, 1, 412, 2021, 'evening', NULL, 'first', 60),
	(568, 'شفاء كاظم حرب سبتي', '', '2000-01-01', 2, NULL, 111, 12, 1, 411, 2021, 'morning', NULL, 'first', 66),
	(569, 'حيدر باسم حميد علي', '', '2000-01-01', 2, NULL, 111, 11, 1, 410, 2021, 'morning', NULL, 'first', 64),
	(570, 'جاسم محمد كريم محمد', '', '2000-01-01', 2, NULL, 111, 12, 1, 403, 2020, 'evening', NULL, 'first', 65),
	(571, 'علي حسين علي حسين', '', '2000-01-01', 2, NULL, 111, 11, 1, 410, 2021, 'morning', NULL, 'first', 66),
	(572, 'فاطمة الزهراء علي محمد خضير', '', '2000-01-01', 2, NULL, 111, 11, 1, 408, 2021, 'morning', NULL, 'first', 60),
	(573, 'محمد نائل فؤاد محمد', '', '2000-01-01', 2, NULL, 111, 12, 1, 415, 2021, 'evening', NULL, 'first', 61),
	(574, 'زهراء عامر حمود شاوي', '', '2000-01-01', 2, NULL, 111, 12, 1, 409, 2021, 'morning', NULL, 'first', 57),
	(575, 'الاء حيدر حميد علي', '', '2000-01-01', 2, NULL, 111, 12, 1, 411, 2021, 'morning', NULL, 'first', 63),
	(576, 'هدى جواد عبدالغفار عبدالرزاق', '', '2000-01-01', 2, NULL, 111, 11, 1, 410, 2021, 'morning', NULL, 'first', 63),
	(577, 'فادية فاضل عاشور عبدالواحد', '', '2000-01-01', 2, NULL, 111, 12, 1, 409, 2021, 'morning', NULL, 'first', 66),
	(578, 'ساره محمد عبدالرضا عبدالرحيم', '', '2000-01-01', 2, NULL, 111, 11, 1, 408, 2021, 'morning', NULL, 'first', 65),
	(579, 'زينب عمار محمد علي محمد جواد', '', '2000-01-01', 2, NULL, 111, 11, 1, 412, 2021, 'evening', NULL, 'first', 69),
	(580, 'منار عارف عبدالحسن شاطي', '', '2000-01-01', 2, NULL, 111, 12, 1, 411, 2021, 'morning', NULL, 'first', 63),
	(581, 'فاطمه فاضل عبدالوهاب جاسم', '', '2000-01-01', 2, NULL, 111, 11, 1, 410, 2021, 'morning', NULL, 'first', 63),
	(582, 'زينب اياد عبدالجليل خلف', '', '2000-01-01', 2, NULL, 111, 11, 1, 412, 2021, 'evening', NULL, 'first', 66),
	(583, 'حيدر عباس كاطع سرحان', '', '2000-01-01', 2, NULL, 111, 11, 1, 412, 2021, 'evening', NULL, 'first', 66),
	(584, 'ناديه خالد نعيم علاوي', '', '2000-01-01', 2, NULL, 111, 11, 1, 408, 2021, 'morning', NULL, 'first', 61),
	(585, 'زين العابدين حامد قاسم حميد', '', '2000-01-01', 2, NULL, 111, 11, 1, 414, 2021, 'evening', NULL, 'first', 64),
	(586, 'مسلم فاخر سلمان مسلم', '', '2000-01-01', 2, NULL, 111, 12, 1, 403, 2020, 'evening', NULL, 'first', 66),
	(587, 'محمد باقر ثامر صبار جياد', '', '2000-01-01', 2, NULL, 111, 12, 1, 409, 2021, 'morning', NULL, 'first', 65),
	(588, 'علي بدران شوقي', '', '2000-01-01', 2, NULL, 111, 12, 1, 383, 2019, 'morning', NULL, 'first', 88),
	(589, 'صادق جعفر صبري شبر', '', '2000-01-01', 2, NULL, 111, 11, 1, 408, 2021, 'morning', NULL, 'first', 71),
	(590, 'مريم ميثاق ناظم عيال', '', '2000-01-01', 2, NULL, 111, 11, 1, 408, 2021, 'morning', NULL, 'first', 71),
	(591, 'حنان جعفر حنظل حسن', '', '2000-01-01', 2, NULL, 111, 12, 1, 389, 2019, 'morning', NULL, 'first', 68),
	(592, 'نور خلف رسن سابط', '', '2000-01-01', 2, NULL, 111, 11, 1, 408, 2021, 'morning', NULL, 'first', 66),
	(593, 'هاشم عبدالكريم احمد علي', '', '2000-01-01', 2, NULL, 111, 11, 1, 414, 2021, 'evening', NULL, 'first', 65),
	(594, 'مريم ميثاق ناظم عيال', '', '2000-01-01', 2, NULL, 111, 11, 1, 408, 2021, 'morning', NULL, 'first', 71),
	(595, 'صادق مهدي لازم ياسين', '', '2000-01-01', 2, NULL, 111, 11, 1, 393, 2020, 'morning', NULL, 'first', 65),
	(596, 'زينب سيف الدين علي حسن', '', '2000-01-01', 2, NULL, 111, 12, 1, 409, 2021, 'morning', NULL, 'first', 70),
	(597, 'تبارك احمد عبدالرزاق محمد', '', '2000-01-01', 2, NULL, 111, 12, 1, 409, 2021, 'morning', NULL, 'first', 60),
	(598, 'علي علي علي علي', '', '2000-01-01', 2, NULL, 111, 11, 1, 408, 2021, 'morning', NULL, 'first', 99),
	(599, 'غفران هادي بندر حسون', '', '2000-01-01', 2, NULL, 111, 11, 1, 410, 2021, 'morning', NULL, 'first', 68),
	(600, 'رشا لطيف داود سلمان', '', '2000-01-01', 2, NULL, 111, 11, 1, 410, 2021, 'morning', NULL, 'first', 65),
	(601, 'زهراء يوسف محسن يوسف', '', '2000-01-01', 2, NULL, 111, 11, 1, 410, 2021, 'morning', NULL, 'first', 66),
	(602, 'حمود عادل خلف كاظم', '', '2000-01-01', 2, NULL, 111, 11, 1, 410, 2021, 'morning', NULL, 'first', 63),
	(603, 'اسراء احمد عبدالامير زباله', '', '2000-01-01', 2, NULL, 111, 11, 1, 410, 2021, 'morning', NULL, 'first', 63),
	(604, 'ايات محي مانع كاطع', 'AYAT MUHI MANEA ALAWAGI', '2000-01-01', 2, NULL, 111, 11, 1, 410, 2021, 'morning', NULL, 'first', 63),
	(605, 'ثائر طالب ريسان خضير', '', '2000-01-01', 2, NULL, 111, 11, 1, 410, 2021, 'morning', NULL, 'first', 62),
	(606, 'داود شمس الدين هاتو عبدعلي', '', '2000-01-01', 2, NULL, 111, 11, 1, 410, 2021, 'morning', NULL, 'first', 62),
	(607, 'غفران محمود شاكر عاصي', '', '2000-01-01', 2, NULL, 111, 11, 1, 410, 2021, 'morning', NULL, 'first', 62),
	(608, 'رمله عبدالزهرة ثجيل غضبان', '', '2000-01-01', 2, NULL, 111, 11, 1, 410, 2021, 'morning', NULL, 'first', 61),
	(609, 'هيام نجم كاظم نعيمه', '', '2000-01-01', 2, NULL, 111, 11, 1, 410, 2021, 'morning', NULL, 'first', 61),
	(610, 'محمد عبدالمنعم جمعه حسين', '', '2000-01-01', 2, NULL, 111, 11, 1, 410, 2021, 'morning', NULL, 'first', 59),
	(611, 'رسل مانع جبار عوده', '', '2000-01-01', 2, NULL, 111, 12, 1, 411, 2021, 'morning', NULL, 'first', 69),
	(612, 'روان عبدالكريم عبدالجليل حميد', '', '2000-01-01', 2, NULL, 111, 12, 1, 411, 2021, 'morning', NULL, 'first', 68),
	(613, 'حنان ميثاق صلاح عبدالكريم', '', '2000-01-01', 2, NULL, 111, 12, 1, 411, 2021, 'morning', NULL, 'first', 65),
	(614, 'بنين احمد قاسم كاظم', '', '2000-01-01', 2, NULL, 111, 12, 1, 411, 2021, 'morning', NULL, 'first', 64),
	(615, 'محمد حافظ زكي خلف', '', '2000-01-01', 2, NULL, 111, 12, 1, 411, 2021, 'morning', NULL, 'first', 64),
	(616, 'كوثر سمير عبدالجبار كاظم', '', '2000-01-01', 2, NULL, 111, 12, 1, 411, 2021, 'morning', NULL, 'first', 64),
	(617, 'حوراء عبدعلي مرزوك موزان', '', '2000-01-01', 2, NULL, 111, 12, 1, 411, 2021, 'morning', NULL, 'first', 64),
	(618, 'فاطمة مناف محمد مجيد', '', '2000-01-01', 2, NULL, 111, 12, 1, 411, 2021, 'morning', NULL, 'first', 63),
	(619, 'مصطفى مهدي محمد ساجت', '', '2000-01-01', 2, NULL, 111, 12, 1, 411, 2021, 'morning', NULL, 'first', 63),
	(620, 'ضحى بهجت عبدالوهاب محمد', '', '2000-01-01', 2, NULL, 111, 12, 1, 411, 2021, 'morning', NULL, 'first', 56),
	(621, 'فاطمة احمد عبدالوهاب علي', '', '2000-01-01', 2, NULL, 111, 12, 1, 409, 2021, 'morning', NULL, 'first', 66),
	(622, 'نور طه محمود سبهان', '', '2000-01-01', 2, NULL, 111, 12, 1, 409, 2021, 'morning', NULL, 'first', 69),
	(623, 'البتول نبيل جواد كاظم', '', '2000-01-01', 2, NULL, 111, 12, 1, 409, 2021, 'morning', NULL, 'first', 69),
	(624, 'سجاد عمار محمد هادي', 'Sajjad Ammar Mohammed Hadi Al-Musawi', '2000-01-01', 2, NULL, 111, 11, 1, 414, 2021, 'evening', NULL, 'first', 63),
	(625, 'محمد موفق ياسين فاضل', '', '2000-01-01', 2, NULL, 111, 11, 1, 412, 2021, 'evening', NULL, 'first', 67),
	(626, 'ايات ستار جبار مزعل', '', '2000-01-01', 2, NULL, 111, 11, 1, 408, 2021, 'morning', NULL, 'first', 65),
	(627, 'داود شمس الدين هاتو عبد علي', '', '2000-01-01', 2, NULL, 111, 11, 1, 410, 2021, 'morning', NULL, 'first', 62),
	(628, 'كرار كريم بريسم حافظ', '', '2000-01-01', 2, NULL, 111, 11, 1, 402, 2020, 'evening', NULL, 'first', 64),
	(629, 'محمود محمد ناصر عوجان', '', '2000-01-01', 2, NULL, 111, 11, 1, 400, 2020, 'evening', NULL, 'first', 73),
	(630, 'هبة شهاب احمد درجال', '', '2000-01-01', 2, NULL, 111, 12, 1, 415, 2021, 'evening', NULL, 'first', 63),
	(631, 'زهراء حمزة عبدالباقي ناصر', '', '2000-01-01', 2, NULL, 111, 11, 1, 408, 2021, 'morning', NULL, 'first', 62),
	(632, 'اسماء عبدالوهاب عبدالرزاق', '', '2000-01-01', 2, NULL, 111, 12, 1, 409, 2021, 'morning', NULL, 'first', 70),
	(633, 'بتول قاسم كاظم عبدالوهاب', '', '2000-01-01', 2, NULL, 111, 11, 1, 408, 2021, 'morning', NULL, 'first', 66),
	(634, 'امنة كاظم شحيت كريم', '', '2000-01-01', 2, NULL, 111, 11, 1, 408, 2021, 'morning', NULL, 'first', 63),
	(635, 'رباب عادل علوان حسون', '', '2000-01-01', 2, NULL, 111, 12, 1, 409, 2021, 'morning', NULL, 'first', 69),
	(636, 'غدير طلال بريس زويد', '', '2000-01-01', 2, NULL, 111, 11, 1, 414, 2021, 'evening', NULL, 'first', 62),
	(637, 'نادية عقيل عبدالصاحب عبدالحسين', '', '2000-01-01', 2, NULL, 111, 12, 1, 409, 2021, 'morning', NULL, 'first', 64),
	(638, 'زينب جاسم محمد مهدي', '', '2000-01-01', 2, NULL, 111, 12, 1, 409, 2021, 'morning', NULL, 'first', 70),
	(639, 'عباس حافظ احمد قادر', '', '2000-01-01', 2, NULL, 111, 11, 1, 393, 2020, 'morning', NULL, 'first', 78),
	(640, 'زينب عبدالمنعم عبد عبدالوهاب', '', '2000-01-01', 2, NULL, 111, 12, 1, 396, 2020, 'morning', NULL, 'first', 65),
	(641, 'اسراء فاضل عبد لازم', 'israa fadel abd', '2000-01-01', 2, NULL, 111, 12, 1, 383, 2018, 'morning', NULL, 'first', 71),
	(642, 'معصومة علي عباس جعفر', '', '2000-01-01', 2, NULL, 111, 12, 1, 409, 2021, 'morning', NULL, 'first', 71),
	(643, 'سجى ظاهر محمد مغامس', '', '2000-01-01', 2, NULL, 111, 11, 1, 386, 2019, 'morning', NULL, 'first', 71),
	(644, 'زينب ستار جابر كريم', '', '2000-01-01', 2, NULL, 111, 11, 1, 386, 2019, 'morning', NULL, 'first', 76),
	(645, 'عذراء حسين فاضل عباس', '', '2000-01-01', 2, NULL, 111, 11, 1, 386, 2019, 'morning', NULL, 'first', 68),
	(646, 'حيدر زكي عبادي سعيد', 'HAYDER ZAKI IBADI AL-IEDANI', '2000-01-01', 2, NULL, 111, 11, 1, 414, 2021, 'evening', NULL, 'first', 59),
	(647, 'حياة اسماعيل عبدالصمد موسى', '', '2000-01-01', 2, NULL, 111, 11, 1, 393, 2020, 'morning', NULL, 'first', 67),
	(648, 'غدير محمد احمد محمد', '', '2000-01-01', 2, NULL, 111, 12, 1, 396, 2020, 'morning', NULL, 'first', 63),
	(649, 'محمود ساجد صاحب لفتة', '', '2000-01-01', 2, NULL, 111, 11, 1, 414, 2021, 'evening', NULL, 'first', 56),
	(650, 'نور جبار كاطع حاجي', '', '2000-01-01', 2, NULL, 111, 12, 1, 416, 2022, 'morning', NULL, 'first', 72),
	(651, 'نور الهدى وداد محمد جواد حميد', '', '2000-01-01', 2, NULL, 111, 12, 1, 416, 2022, 'morning', NULL, 'first', 66),
	(652, 'ابرار ناجي مجيد هارون', '', '2000-01-01', 2, NULL, 111, 12, 1, 416, 2022, 'morning', NULL, 'first', 69),
	(653, 'فاطمه مجاهد خالد صالح', 'FATIMAH MUJAHED KHALID AL-SADOON', '2000-01-01', 2, NULL, 111, 12, 1, 416, 2022, 'morning', NULL, 'first', 67),
	(654, 'مؤيد يوسف فرج لفتة', '', '2000-01-01', 2, NULL, 111, 11, 1, 419, 2022, 'evening', NULL, 'first', 65),
	(655, 'مها رومي غالي رومي', '', '2000-01-01', 2, NULL, 111, 12, 1, 416, 2022, 'morning', NULL, 'first', 75),
	(656, 'زينه حسين علي جابر', '', '2000-01-01', 2, NULL, 111, 11, 1, 408, 2021, 'morning', NULL, 'first', 63),
	(657, 'منتظر عيدان جبار علي', '', '2000-01-01', 2, NULL, 111, 11, 1, 419, 2022, 'evening', NULL, 'first', 60),
	(658, 'محمد رضا عبدالرحمن خضير حمزة', '', '2000-01-01', 2, NULL, 111, 11, 1, 419, 2022, 'evening', NULL, 'first', 78),
	(659, 'ياسر اسعد محمد علي', '', '2000-01-01', 2, NULL, 111, 11, 1, 417, 2022, 'morning', NULL, 'first', 62),
	(660, 'زينب زاهد خزعل طعمه', '', '2000-01-01', 2, NULL, 111, 11, 1, 417, 2022, 'morning', NULL, 'first', 71),
	(661, 'مروة محمد مشاي نفس', '', '2000-01-01', 2, NULL, 111, 11, 1, 417, 2022, 'morning', NULL, 'first', 71),
	(662, 'حوراء محسن جاسم محمد', '', '2000-01-01', 2, NULL, 111, 11, 1, 417, 2022, 'morning', NULL, 'first', 70),
	(663, 'بنين قاسم محمد جواد', '', '2000-01-01', 2, NULL, 111, 12, 1, 416, 2022, 'morning', NULL, 'first', 66),
	(664, 'محمد فالح عباس سيد', '', '2000-01-01', 2, NULL, 111, 11, 1, 419, 2022, 'evening', NULL, 'first', 69),
	(665, 'فاطمة نوفل عبدالرزاق موسى', '', '2000-01-01', 2, NULL, 111, 11, 1, 417, 2022, 'morning', NULL, 'first', 68),
	(666, 'ندى عبدالوهاب رزوقي جمعه', '', '2000-01-01', 2, NULL, 111, 11, 1, 417, 2022, 'morning', NULL, 'first', 65),
	(667, 'محمد علي فيصل سلمان', '', '2000-01-01', 2, NULL, 111, 12, 1, 416, 2022, 'morning', NULL, 'first', 66),
	(668, 'حيدر وسام ياس خضير', 'HAYDER WISAM YAS AL-RUBAYE', '2000-01-01', 2, NULL, 111, 12, 1, 416, 2022, 'morning', NULL, 'first', 79),
	(669, 'محمد احمد عواد عبود', '', '2000-01-01', 2, NULL, 111, 12, 1, 416, 2022, 'morning', NULL, 'first', 68),
	(670, 'احمد كريم مطر فياض', '', '2000-01-01', 2, NULL, 111, 12, 1, 418, 2022, 'evening', NULL, 'first', 59),
	(671, 'ضحى حامد علي حسين', '', '2000-01-01', 2, NULL, 111, 11, 1, 417, 2022, 'morning', NULL, 'first', 68),
	(672, 'مريم زهيرعزيز ايوز', '', '2000-01-01', 2, NULL, 111, 12, 1, 416, 2022, 'morning', NULL, 'first', 65),
	(673, 'ايات احمد ناصر جابر', '', '2000-01-01', 2, NULL, 111, 11, 1, 417, 2022, 'morning', NULL, 'first', 63),
	(674, 'هجران ظاهر غضبان منصور', '', '2000-01-01', 2, NULL, 111, 12, 1, 416, 2022, 'morning', NULL, 'first', 67),
	(675, 'حوراء رسمي علوان كاظم', '', '2000-01-01', 2, NULL, 111, 12, 1, 416, 2022, 'morning', NULL, 'first', 69),
	(676, 'نور عدنان جاسم محمد', '', '2000-01-01', 2, NULL, 111, 12, 1, 416, 2022, 'morning', NULL, 'first', 64),
	(677, 'خلف غازي حنون خلف', '', '2000-01-01', 2, NULL, 111, 12, 1, 416, 2022, 'morning', NULL, 'first', 70),
	(678, 'علي كاظم ناصر مناتي', '', '2000-01-01', 2, NULL, 111, 11, 1, 419, 2022, 'evening', NULL, 'first', 63),
	(679, 'حسين عدنان وهيب خلف', '', '2000-01-01', 2, NULL, 111, 11, 1, 419, 2022, 'evening', NULL, 'first', 65),
	(680, 'مصطفى فاروق محمد خلف', '', '2000-01-01', 2, NULL, 111, 11, 1, 419, 2022, 'evening', NULL, 'first', 68),
	(681, 'ايثار هاني سالم ماضي', '', '2000-01-01', 2, NULL, 111, 12, 1, 418, 2022, 'evening', NULL, 'first', 70),
	(682, 'محمد عبدالزهرة حسن حسين', 'MOHAMMED ABDULZAHRA HASAN ALSAIMARI', '2000-01-01', 2, NULL, 111, 11, 1, 419, 2022, 'evening', NULL, 'first', 71),
	(683, 'علي حسنين علي جوني', '', '2000-01-01', 2, NULL, 111, 12, 1, 403, 2020, 'evening', NULL, 'first', 64),
	(684, 'اماني عماد عبدالحسن لازم', '', '2000-01-01', 2, NULL, 111, 11, 1, 417, 2022, 'morning', NULL, 'first', 73),
	(685, 'ميثم عقيل محمد عبد', '', '2000-01-01', 2, NULL, 111, 12, 1, 418, 2022, 'evening', NULL, 'first', 63),
	(686, 'محمد صباح عبدالخالق طاهر', '', '2000-01-01', 2, NULL, 111, 12, 1, 416, 2022, 'morning', NULL, 'first', 73),
	(687, 'مصطفى محمود شاكر لازم', '', '2000-01-01', 2, NULL, 111, 12, 1, 418, 2022, 'evening', NULL, 'first', 78),
	(688, 'زهراء محمد لعيبي طعمة', '', '2000-01-01', 2, NULL, 111, 11, 1, 417, 2022, 'morning', NULL, 'first', 63),
	(689, 'نور الهدى ضياء حسن كاطع', '', '2000-01-01', 2, NULL, 111, 11, 1, 417, 2022, 'morning', NULL, 'first', 76),
	(690, 'منتظر مالك ضايف علي', '', '2000-01-01', 2, NULL, 111, 11, 1, 417, 2022, 'morning', NULL, 'first', 72),
	(691, 'فاطمه حسين شاكر عبدالحسين', '', '2000-01-01', 2, NULL, 111, 11, 1, 417, 2022, 'morning', NULL, 'first', 68),
	(692, 'علي بسام محسن علي', 'ALI BASSAM MOHSIN JBARAH', '2000-01-01', 2, NULL, 111, 11, 1, 417, 2022, 'morning', NULL, 'first', 83),
	(693, 'فاطمة علي حميد صنكور', '', '2000-01-01', 2, NULL, 111, 11, 1, 417, 2022, 'morning', NULL, 'first', 81),
	(694, 'زهراء ماجد محمد صنكور', '', '2000-01-01', 2, NULL, 111, 11, 1, 417, 2022, 'morning', NULL, 'first', 79),
	(695, 'زهراء علاء عبدالرزاق عودة', '', '2000-01-01', 2, NULL, 111, 11, 1, 417, 2022, 'morning', NULL, 'first', 74),
	(696, 'شهد عبدالحسن محمد عايش', '', '2000-01-01', 2, NULL, 111, 11, 1, 417, 2022, 'morning', NULL, 'first', 73),
	(697, 'محمد حسام خلف زاجي', 'MOHAMMED HUSAM KHALAF AL-HALAFI', '2000-01-01', 2, NULL, 111, 11, 1, 417, 2022, 'morning', NULL, 'first', 72),
	(698, 'شهد جواد كاظم لفتة', '', '2000-01-01', 2, NULL, 111, 11, 1, 417, 2022, 'morning', NULL, 'first', 72),
	(699, 'نور باسم احمد كاطع', '', '2000-01-01', 2, NULL, 111, 11, 1, 417, 2022, 'morning', NULL, 'first', 72),
	(700, 'مريم باسم صالح مطلك', '', '2000-01-01', 2, NULL, 111, 11, 1, 417, 2022, 'morning', NULL, 'first', 71),
	(701, 'زينب فوزي حميد ماري', '', '2000-01-01', 2, NULL, 111, 11, 1, 417, 2022, 'morning', NULL, 'first', 69),
	(702, 'دلال حسين لازم صخي', 'DALAL HUSSEIN LAZIM ALFADHIL', '2000-01-01', 2, NULL, 111, 11, 1, 417, 2022, 'morning', NULL, 'first', 69),
	(703, 'حوراء عدنان محمد رضا حسن', '', '2000-01-01', 2, NULL, 111, 11, 1, 417, 2022, 'morning', NULL, 'first', 69),
	(704, 'فاطمة شاكر صالح مهدي', '', '2000-01-01', 2, NULL, 111, 11, 1, 417, 2022, 'morning', NULL, 'first', 64),
	(705, 'بنين كريم عبدالسيد حسن', '', '2000-01-01', 2, NULL, 111, 11, 1, 417, 2022, 'morning', NULL, 'first', 69),
	(706, 'رويدة علي حسين محمد', '', '2000-01-01', 2, NULL, 111, 11, 1, 417, 2022, 'morning', NULL, 'first', 68),
	(707, 'انغام مأمون احمد نصار', '', '2000-01-01', 2, NULL, 111, 11, 1, 417, 2022, 'morning', NULL, 'first', 68),
	(708, 'زينب حسني عبدالحسين سلمان', '', '2000-01-01', 2, NULL, 111, 11, 1, 417, 2022, 'morning', NULL, 'first', 68),
	(709, 'حسن قاسم محمد موسى', '', '2000-01-01', 2, NULL, 111, 11, 1, 417, 2022, 'morning', NULL, 'first', 68),
	(710, 'محمد جميل عبدالزهرة عبود', '', '2000-01-01', 2, NULL, 111, 11, 1, 417, 2022, 'morning', NULL, 'first', 68),
	(711, 'بنين طارق حسين علي', '', '2000-01-01', 2, NULL, 111, 11, 1, 417, 2022, 'morning', NULL, 'first', 67),
	(712, 'نورالدين محمود شاكر هاشم', '', '2000-01-01', 2, NULL, 111, 11, 1, 417, 2022, 'morning', NULL, 'first', 67),
	(713, 'بسام سمير فليح محمد', '', '2000-01-01', 2, NULL, 111, 12, 1, 418, 2022, 'evening', NULL, 'first', 61),
	(714, 'هدى حامد حمود جاسم', '', '2000-01-01', 2, NULL, 111, 12, 1, 418, 2022, 'evening', NULL, 'first', 63),
	(715, 'حيدر عباس هاشم سعد', '', '2000-01-01', 2, NULL, 111, 11, 1, 419, 2022, 'evening', NULL, 'first', 68),
	(716, 'زينب موحي عوده جابر', '', '2000-01-01', 2, NULL, 111, 12, 1, 416, 2022, 'morning', NULL, 'first', 68),
	(717, 'ايات مهند عبدالخالق تعبان', '', '2000-01-01', 2, NULL, 111, 11, 1, 417, 2022, 'morning', NULL, 'first', 66),
	(718, 'علي مرتضى عبدالوهاب عبدالحسين', '', '2000-01-01', 2, NULL, 111, 11, 1, 417, 2022, 'morning', NULL, 'first', 65),
	(719, 'شهد جعفر كاظم جواد', '', '2000-01-01', 2, NULL, 111, 11, 1, 417, 2022, 'morning', NULL, 'first', 65),
	(720, 'ضحى موسى عطوان حسين', '', '2000-01-01', 2, NULL, 111, 11, 1, 417, 2022, 'morning', NULL, 'first', 65),
	(721, 'فاطمة كاظم عبود حسن', '', '2000-01-01', 2, NULL, 111, 11, 1, 417, 2022, 'morning', NULL, 'first', 64),
	(722, 'حوراء محمد عبدالزهره خميس', '', '2000-01-01', 2, NULL, 111, 11, 1, 417, 2022, 'morning', NULL, 'first', 64),
	(723, 'سجاد جعفر عسكر غالي', '', '2000-01-01', 2, NULL, 111, 11, 1, 417, 2022, 'morning', NULL, 'first', 64),
	(724, 'شهد علي عامر سالم', '', '2000-01-01', 2, NULL, 111, 11, 1, 417, 2022, 'morning', NULL, 'first', 63),
	(725, 'زهراء حكمت محمد نعمه', '', '2000-01-01', 2, NULL, 111, 11, 1, 417, 2022, 'morning', NULL, 'first', 63),
	(726, 'كرار مازن سوادي كاطع', '', '2000-01-01', 2, NULL, 111, 11, 1, 417, 2022, 'morning', NULL, 'first', 63),
	(727, 'حسن راضي حمود مبارك', '', '2000-01-01', 2, NULL, 111, 11, 1, 417, 2022, 'morning', NULL, 'first', 63),
	(728, 'ساره ستار جاسم مخيلف', '', '2000-01-01', 2, NULL, 111, 11, 1, 417, 2022, 'morning', NULL, 'first', 62),
	(729, 'هدى خالد طاهر حسين', '', '2000-01-01', 2, NULL, 111, 11, 1, 417, 2022, 'morning', NULL, 'first', 61),
	(730, 'سجى جمال عبدالرزاق حسن', '', '2000-01-01', 2, NULL, 111, 11, 1, 417, 2022, 'morning', NULL, 'first', 61),
	(731, 'علي رعد حميد زاير', '', '2000-01-01', 2, NULL, 111, 11, 1, 417, 2022, 'morning', NULL, 'first', 59),
	(732, 'زينب عبدالحميد جبر كاظم', '', '2000-01-01', 2, NULL, 111, 11, 1, 417, 2022, 'morning', NULL, 'first', 59),
	(733, 'حسن صلاح نعيم حميد', '', '2000-01-01', 2, NULL, 111, 11, 1, 417, 2022, 'morning', NULL, 'first', 58),
	(734, 'زين الدين عبدالرحمن حسين ياسين', '', '2000-01-01', 2, NULL, 111, 12, 1, 416, 2022, 'morning', NULL, 'first', 78),
	(735, 'تبارك عماد كاظم جاسم', '', '2000-01-01', 2, NULL, 111, 12, 1, 416, 2022, 'morning', NULL, 'first', 77),
	(736, 'احمد حردان سعدون زعبول', 'AHMED HARDAN SAADOON ALSHAWI', '2000-01-01', 2, NULL, 111, 12, 1, 416, 2022, 'morning', NULL, 'first', 76),
	(737, 'منار عبدالحسين ناصر طاهر', '', '2000-01-01', 2, NULL, 111, 12, 1, 416, 2022, 'morning', NULL, 'first', 75),
	(738, 'ايات رائد حمود جايد', '', '2000-01-01', 2, NULL, 111, 12, 1, 416, 2022, 'morning', NULL, 'first', 74),
	(739, 'زينب شاكر لطيف عبدالرزاق', '', '2000-01-01', 2, NULL, 111, 12, 1, 416, 2022, 'morning', NULL, 'first', 74),
	(740, 'اسراء عبدالهادي صالح عبدالرضا', '', '2000-01-01', 2, NULL, 111, 12, 1, 416, 2022, 'morning', NULL, 'first', 72),
	(741, 'ابتهال عبدالحسين عبدالسيد مطلب', '', '2000-01-01', 2, NULL, 111, 12, 1, 416, 2022, 'morning', NULL, 'first', 72),
	(742, 'فهد جاسم فهد عبدالكريم', '', '2000-01-01', 2, NULL, 111, 12, 1, 416, 2022, 'morning', NULL, 'first', 69),
	(743, 'بنين ياسر لعيوس علوان', '', '2000-01-01', 2, NULL, 111, 12, 1, 416, 2022, 'morning', NULL, 'first', 68),
	(744, 'بنين علي لازم ثامر', '', '2000-01-01', 2, NULL, 111, 12, 1, 416, 2022, 'morning', NULL, 'first', 67),
	(745, 'ضحى جواد كاظم داود', '', '2000-01-01', 2, NULL, 111, 12, 1, 416, 2022, 'morning', NULL, 'first', 67),
	(746, 'رواء عدنان عطشان كاصد', '', '2000-01-01', 2, NULL, 111, 12, 1, 416, 2022, 'morning', NULL, 'first', 64),
	(747, 'سجاد ناجي شنيور هيول', '', '2000-01-01', 2, NULL, 111, 12, 1, 416, 2022, 'morning', NULL, 'first', 64),
	(748, 'ايلاف فخري عبدالحسين عبدالرسول', '', '2000-01-01', 2, NULL, 111, 12, 1, 416, 2022, 'morning', NULL, 'first', 64),
	(749, 'صفا مقداد حميد عباس', '', '2000-01-01', 2, NULL, 111, 12, 1, 416, 2022, 'morning', NULL, 'first', 65),
	(750, 'اسراء اكرم نعمة كليب', '', '2000-01-01', 2, NULL, 111, 12, 1, 416, 2022, 'morning', NULL, 'first', 65),
	(751, 'مبادئ اثير فاضل محمد', '', '2000-01-01', 2, NULL, 111, 12, 1, 416, 2022, 'morning', NULL, 'first', 66),
	(752, 'نوال مسلم حمود علاوي', '', '2000-01-01', 2, NULL, 111, 11, 1, 419, 2022, 'evening', NULL, 'first', 80),
	(753, 'الاء حسين محمد حسين', '', '2000-01-01', 2, NULL, 111, 11, 1, 419, 2022, 'evening', NULL, 'first', 74),
	(754, 'محمد قاسم عاشور خزعل', '', '2000-01-01', 2, NULL, 111, 11, 1, 419, 2022, 'evening', NULL, 'first', 69),
	(755, 'سجاد صلاح مهلهل يوسف', '', '2000-01-01', 2, NULL, 111, 11, 1, 419, 2022, 'evening', NULL, 'first', 67),
	(756, 'محمد ماجد مجيد علي', '', '2000-01-01', 2, NULL, 111, 11, 1, 419, 2022, 'evening', NULL, 'first', 66),
	(757, 'حسين عبدالزهرة نجدي عجيمي', '', '2000-01-01', 2, NULL, 111, 11, 1, 419, 2022, 'evening', NULL, 'first', 66),
	(758, 'مجتبى عبدالرحمن عبدالرضا قاسم', '', '2000-01-01', 2, NULL, 111, 11, 1, 419, 2022, 'evening', NULL, 'first', 64),
	(759, 'نهى علي زبون محمد', '', '2000-01-01', 2, NULL, 111, 11, 1, 419, 2022, 'evening', NULL, 'first', 63),
	(760, 'عباس عصام خريبط فرج', '', '2000-01-01', 2, NULL, 111, 11, 1, 419, 2022, 'evening', NULL, 'first', 62),
	(761, 'نور علي محمد عبدالرحيم', '', '2000-01-01', 2, NULL, 111, 11, 1, 419, 2022, 'evening', NULL, 'first', 62),
	(762, 'تقى ماجد حسين طاهر', '', '2000-01-01', 2, NULL, 111, 11, 1, 419, 2022, 'evening', NULL, 'first', 68),
	(763, 'كرار كريم زغير حيال', '', '2000-01-01', 2, NULL, 111, 11, 1, 419, 2022, 'evening', NULL, 'first', 61),
	(764, 'محمد بسام شاكر عبدالرضا', '', '2000-01-01', 2, NULL, 111, 11, 1, 419, 2022, 'evening', NULL, 'first', 60),
	(765, 'ليث مرتضى حاتم يسر', '', '2000-01-01', 2, NULL, 111, 11, 1, 419, 2022, 'evening', NULL, 'first', 59),
	(766, 'حيدر فاضل خضير حمزة', '', '2000-01-01', 2, NULL, 111, 11, 1, 419, 2022, 'evening', NULL, 'first', 58),
	(767, 'حسين عبدالنبي كاظم جاسم', 'HUSSEIN ABDULNABI KADHIM AL-HILFI', '2000-01-01', 2, NULL, 111, 11, 1, 419, 2022, 'evening', NULL, 'first', 57),
	(768, 'امة الزهراء جبار محمد كرم', '', '2000-01-01', 2, NULL, 111, 11, 1, 419, 2022, 'evening', NULL, 'first', 57),
	(769, 'اديان محمود خليل ابراهيم', '', '2000-01-01', 2, NULL, 111, 12, 1, 418, 2022, 'evening', NULL, 'first', 65),
	(770, 'مصطفى خلف عبدعلي عيسى', '', '2000-01-01', 2, NULL, 111, 12, 1, 418, 2022, 'evening', NULL, 'first', 65),
	(771, 'حسين خالد هاشم ثاني', 'hhhhhhhhhhhhh', '2000-01-01', 2, NULL, 111, 12, 1, 413, 2021, 'evening', NULL, 'first', 79),
	(772, 'نور الهدى علاء عبدالرضا حسن', '', '2000-01-01', 2, NULL, 111, 11, 1, 412, 2021, 'evening', NULL, 'first', 60),
	(773, 'نور الهدى حبيب مجيد خزعل', '', '2000-01-01', 2, NULL, 111, 11, 1, 400, 2020, 'evening', NULL, 'first', 71),
	(774, 'كرار حيدر عبدالصمد حسين', '', '2000-01-01', 2, NULL, 111, 12, 1, 418, 2022, 'evening', NULL, 'first', 68),
	(775, 'ايمان ماجد يحيى ابراهيم', '', '2000-01-01', 2, NULL, 111, 11, 1, 393, 2020, 'morning', NULL, 'first', 72),
	(776, 'عذراء حيدر طالب فالح', '', '2000-01-01', 2, NULL, 111, 12, 1, 396, 2020, 'morning', NULL, 'first', 66),
	(777, 'فاطمة عبدالامير عباس محمد', '', '2000-01-01', 2, NULL, 111, 12, 1, 409, 2021, 'morning', NULL, 'first', 65),
	(778, 'نور الهدى محمد مزعل سعيد', '', '2000-01-01', 2, NULL, 111, 11, 1, 417, 2022, 'morning', NULL, 'first', 67),
	(779, 'ايات ضياء كريم حمزة', '', '2000-01-01', 2, NULL, 111, 12, 1, 418, 2022, 'evening', NULL, 'first', 68),
	(780, 'حسين مناف سعيد مايع', '', '2000-01-01', 2, NULL, 111, 12, 1, 418, 2022, 'evening', NULL, 'first', 62),
	(781, 'زينب حسين نوري عبود', '', '2000-01-01', 2, NULL, 111, 11, 1, 421, 2022, 'morning', NULL, 'first', 60),
	(782, 'زهراء اسعد عبدالحسين سوادي', '', '2000-01-01', 2, NULL, 111, 12, 1, 418, 2022, 'evening', NULL, 'first', 70),
	(783, 'سرى باسل محمد مشتت', '', '2000-01-01', 2, NULL, 111, 11, 1, 408, 2021, 'morning', NULL, 'first', 65),
	(784, 'بنين عقيل خميس جابر', '', '2000-01-01', 2, NULL, 111, 12, 1, 403, 2020, 'evening', NULL, 'first', 66),
	(785, 'نور الهدى خالد محمد ابراهيم', '', '2000-01-01', 2, NULL, 111, 12, 1, 420, 2022, 'morning', NULL, 'first', 63),
	(786, 'نور حسن عبد محسن', '', '2000-01-01', 2, NULL, 111, 11, 1, 386, 2019, 'morning', NULL, 'first', 66),
	(787, 'ندى عيدان سيلان والي', '', '2000-01-01', 2, NULL, 111, 11, 1, 412, 2021, 'evening', NULL, 'first', 71),
	(788, 'نبأ ابراهيم خليل ابراهيم', '', '2000-01-01', 2, NULL, 111, 11, 1, 386, 2019, 'morning', NULL, 'first', 70),
	(789, 'يعقوب فهد معله ناصر', '', '2000-01-01', 2, NULL, 111, 12, 1, 409, 2021, 'morning', NULL, 'first', 69),
	(790, 'بتول باسم يوسف فالح', '', '2000-01-01', 2, NULL, 111, 12, 1, 409, 2021, 'morning', NULL, 'first', 67),
	(791, 'ايمان عماد مصطفى حسون', '', '2000-01-01', 2, NULL, 111, 12, 1, 420, 2022, 'morning', NULL, 'first', 65),
	(792, 'نور الدين نجاح سلمان نعمه', 'NOORALDEEN NAJAH SALMAN ALABBOODA', '2000-01-01', 2, NULL, 111, 12, 1, 422, 2022, 'evening', NULL, 'first', 67),
	(793, 'ضحى بهجت عبدالواحد محمد', '', '2000-01-01', 2, NULL, 111, 12, 1, 411, 2021, 'morning', NULL, 'first', 59),
	(794, 'رضا عامر ياسر عجيل', '', '2000-01-01', 2, NULL, 111, 12, 1, 422, 2022, 'evening', NULL, 'first', 60),
	(795, 'مسار رياض بدران عباس', '', '2000-01-01', 2, NULL, 111, 11, 1, 417, 2022, 'morning', NULL, 'first', 67),
	(796, 'حنين مكي جواد عبدالكاظم', '', '2000-01-01', 2, NULL, 111, 12, 1, 420, 2022, 'morning', NULL, 'first', 63),
	(797, 'ايات كريم كاظم طاهر', '', '2000-01-01', 2, NULL, 111, 12, 1, 420, 2022, 'morning', NULL, 'first', 62),
	(798, 'حسين علاء عبدالباري عواد', '', '2000-01-01', 2, NULL, 111, 12, 1, 420, 2022, 'morning', NULL, 'first', 68),
	(799, 'حيدر محمد عاشور عيسى', '', '2000-01-01', 2, NULL, 111, 12, 1, 420, 2022, 'morning', NULL, 'first', 66),
	(800, 'مصطفى عدنان هادي جعاز', '', '2000-01-01', 2, NULL, 111, 12, 1, 420, 2022, 'morning', NULL, 'first', 64),
	(801, 'امير خالد مسافر كرم', '', '2000-01-01', 2, NULL, 111, 12, 1, 420, 2022, 'morning', NULL, 'first', 62),
	(802, 'ايه عادل كاظم عواد', '', '2000-01-01', 2, NULL, 111, 12, 1, 420, 2022, 'morning', NULL, 'first', 62),
	(803, 'حسن عبدالكريم عاشور سلمان', '', '2000-01-01', 2, NULL, 111, 11, 1, 423, 2022, 'evening', NULL, 'first', 57),
	(804, 'حسن عبدالكريم عبدالغني عباس', '', '2000-01-01', 2, NULL, 111, 11, 1, 412, 2021, 'evening', NULL, 'first', 74),
	(805, 'شهد خليل ابراهيم صالح', '', '2000-01-01', 2, NULL, 111, 12, 1, 420, 2022, 'morning', NULL, 'first', 64),
	(806, 'كمال الدين مهدي ضيدان اعبيد', '', '2000-01-01', 2, NULL, 111, 12, 1, 420, 2022, 'morning', NULL, 'first', 62),
	(807, 'ايات عبدالستار عبدالرحيم عبود', '', '2000-01-01', 2, NULL, 111, 11, 1, 393, 2020, 'morning', NULL, 'first', 70),
	(808, 'زينب كريم عباس زامل', 'ZAINAB KAREEM ABBAS AL-ZAMIL', '2000-01-01', 2, NULL, 111, 12, 1, 418, 2022, 'evening', NULL, 'first', 67),
	(809, 'جيهان رياض ابراهيم يوسف', '', '2000-01-01', 2, NULL, 111, 11, 1, 423, 2022, 'evening', NULL, 'first', 59),
	(810, 'فاطمة لعواص جلوب عامر', '', '2000-01-01', 2, NULL, 111, 12, 1, 396, 2020, 'morning', NULL, 'first', 70),
	(811, 'ايه حسين علي جازع', '', '2000-01-01', 2, NULL, 111, 11, 1, 408, 2021, 'morning', NULL, 'first', 65),
	(812, 'اية عبدالمحسن محمد محسن', '', '2000-01-01', 2, NULL, 111, 11, 1, 421, 2022, 'morning', NULL, 'first', 69),
	(813, 'رائد سالم محبس حسين', '', '2000-01-01', 2, NULL, 111, 11, 1, 421, 2022, 'morning', NULL, 'first', 63),
	(814, 'مناف جاسم محمد عبد احمد', 'MUNAF JASIM MOHAMMED ALSMARI', '2000-01-01', 2, NULL, 111, 12, 1, 418, 2022, 'evening', NULL, 'first', 72),
	(815, 'اسامة احمد غازي عكاف', '', '2000-01-01', 2, NULL, 111, 12, 1, 422, 2022, 'evening', NULL, 'first', 60),
	(816, 'مصطفى ابراهيم جامل عبيد', '', '2000-01-01', 2, NULL, 111, 11, 1, 421, 2022, 'morning', NULL, 'first', 61),
	(817, 'ديانى لفتة حسين عبد علي', '', '2000-01-01', 2, NULL, 111, 11, 1, 421, 2022, 'morning', NULL, 'first', 62),
	(818, 'علي الهادي محمود عبدالهادي عبود', '', '2000-01-01', 2, NULL, 111, 11, 1, 423, 2022, 'evening', NULL, 'first', 69),
	(819, 'احمد ماجد حميد علي', '', '2000-01-01', 2, NULL, 111, 12, 1, 418, 2022, 'evening', NULL, 'first', 69),
	(820, 'مريم جبر علي جحيل', '', '2000-01-01', 2, NULL, 111, 12, 1, 420, 2022, 'morning', NULL, 'first', 62),
	(821, 'حوراء موسى حريجة شاني', '', '2000-01-01', 2, NULL, 111, 11, 1, 421, 2022, 'morning', NULL, 'first', 63),
	(822, 'محمد حازم عبدالحق عبيد', '', '2000-01-01', 2, NULL, 111, 11, 1, 423, 2022, 'evening', NULL, 'first', 61),
	(823, 'شهد عصام شريف عجيل', '', '2000-01-01', 2, NULL, 111, 12, 1, 420, 2022, 'morning', NULL, 'first', 61),
	(824, 'نبأ حسن صبار طالب', '', '2000-01-01', 2, NULL, 111, 11, 1, 423, 2022, 'evening', NULL, 'first', 64),
	(825, 'مروة مهدي غازي عبدالزهرة', '', '2000-01-01', 2, NULL, 111, 12, 1, 420, 2022, 'morning', NULL, 'first', 64),
	(826, 'عماد كاظم عيسى محمد', '', '2000-01-01', 2, NULL, 111, 11, 1, 423, 2022, 'evening', NULL, 'first', 62),
	(827, 'ود كريم شريف طاهر', '', '2000-01-01', 2, NULL, 111, 11, 1, 421, 2022, 'morning', NULL, 'first', 66),
	(828, 'نور الهدى عماد جعفر عريبي', '', '2000-01-01', 2, NULL, 111, 12, 1, 420, 2022, 'morning', NULL, 'first', 63),
	(829, 'مسلم عاشور نظير عبدالحسين', 'MUSLIM ASHOUR NADHIR', '2000-01-01', 2, NULL, 111, 11, 1, 421, 2022, 'morning', NULL, 'first', 60),
	(830, 'نور حسن شنيت جودة', '', '2000-01-01', 2, NULL, 111, 11, 1, 421, 2022, 'morning', NULL, 'first', 59),
	(831, 'فاطمة طه ياسين عبدالزهرة', '', '2000-01-01', 2, NULL, 111, 11, 1, 412, 2021, 'evening', NULL, 'first', 66),
	(832, 'انوار كاظم وهيب لعيبي', '', '2000-01-01', 2, NULL, 111, 11, 1, 421, 2022, 'morning', NULL, 'first', 60),
	(833, 'هبه جواد كاظم ابراهيم', '', '2000-01-01', 2, NULL, 111, 12, 1, 396, 2020, 'morning', NULL, 'first', 68),
	(834, 'علي بشير عبيد كاظم', '', '2000-01-01', 2, NULL, 111, 12, 1, 422, 2022, 'evening', NULL, 'first', 61),
	(835, 'زينب عماد جاسم محمد', '', '2000-01-01', 2, NULL, 111, 12, 1, 420, 2022, 'morning', NULL, 'first', 59),
	(836, 'ميس احسان علي كاظم', '', '2000-01-01', 2, NULL, 111, 12, 1, 409, 2021, 'morning', NULL, 'first', 66),
	(837, 'تبارك رياض موزان هاشم', '', '2000-01-01', 2, NULL, 111, 12, 1, 389, 2019, 'morning', NULL, 'first', 70),
	(838, 'منار وسام حسين لعيوس', '', '2000-01-01', 2, NULL, 111, 12, 1, 420, 2022, 'morning', NULL, 'first', 67),
	(839, 'ابو الحسن محمود عودة جعفر', '', '2000-01-01', 2, NULL, 111, 12, 1, 422, 2022, 'evening', NULL, 'first', 59),
	(840, 'حسن مجيد عبدالرزاق راضي', '', '2000-01-01', 2, NULL, 111, 12, 1, 422, 2022, 'evening', NULL, 'first', 64),
	(841, 'مرتضى حسين محمود احمد', '', '2000-01-01', 2, NULL, 111, 12, 1, 420, 2022, 'morning', NULL, 'first', 63),
	(842, 'سلام خالد دريول خويط', '', '2000-01-01', 2, NULL, 111, 11, 1, 386, 2019, 'morning', NULL, 'first', 81),
	(843, 'رسل اسعد عبدالمنعم احمد', '', '2000-01-01', 2, NULL, 111, 11, 1, 421, 2022, 'morning', NULL, 'first', 63),
	(844, 'مريم اسعد حيدر خلف', '', '2000-01-01', 2, NULL, 111, 12, 1, 409, 2021, 'morning', NULL, 'first', 63),
	(845, 'حسين عبدالرضا حبش سرحان', '', '2000-01-01', 2, NULL, 111, 12, 1, 420, 2022, 'morning', NULL, 'first', 73),
	(846, 'حسين ثائر جمعه شهاب', '', '2000-01-01', 2, NULL, 111, 12, 1, 420, 2022, 'morning', NULL, 'first', 64),
	(847, 'نور موسى نعمه ناصر', '', '2000-01-01', 2, NULL, 111, 12, 1, 420, 2022, 'morning', NULL, 'first', 64),
	(848, 'نور الهدى ميثم عبدالله علي', 'NORALHUDA MAYTHAM ABDALA AL-SHANAWA', '2000-01-01', 2, NULL, 111, 12, 1, 420, 2022, 'morning', NULL, 'first', 66),
	(849, 'حسين علي عوفي علي', '', '2000-01-01', 2, NULL, 111, 12, 1, 420, 2022, 'morning', NULL, 'first', 63),
	(850, 'الاء ابراهيم عبدالرحمن سعد', '', '2000-01-01', 2, NULL, 111, 11, 1, 421, 2022, 'morning', NULL, 'first', 64),
	(851, 'زينب محمد صالح حاجم', '', '2000-01-01', 2, NULL, 111, 11, 1, 421, 2022, 'morning', NULL, 'first', 66),
	(852, 'امجد بهاء ناجي عبد الباري', '', '2000-01-01', 2, NULL, 111, 12, 1, 420, 2022, 'morning', NULL, 'first', 63),
	(853, 'مريم علي عودة كاظم', '', '2000-01-01', 2, NULL, 111, 11, 1, 421, 2022, 'morning', NULL, 'first', 67),
	(854, 'بشير عباس سعدون عبدالحافظ', '', '2000-01-01', 2, NULL, 111, 12, 1, 422, 2022, 'evening', NULL, 'first', 62),
	(855, 'حسين محمد علي جاسم', '', '2000-01-01', 2, NULL, 111, 12, 1, 422, 2022, 'evening', NULL, 'first', 64),
	(856, 'عبدالحسين وليد محمود خلف', '', '2000-01-01', 2, NULL, 111, 12, 1, 422, 2022, 'evening', NULL, 'first', 59),
	(857, 'مسلم حسن احمد جاسم', '', '2000-01-01', 2, NULL, 111, 12, 1, 420, 2022, 'morning', NULL, 'first', 63),
	(858, 'محمد مزهر عامر مزهر', '', '2000-01-01', 2, NULL, 111, 12, 1, 420, 2022, 'morning', NULL, 'first', 65),
	(859, 'سجاد عبد الرسول علي بدر', '', '2000-01-01', 2, NULL, 111, 11, 1, 423, 2022, 'evening', NULL, 'first', 63),
	(860, 'نهله عبدالرزاق غالب لفته', '', '2000-01-01', 2, NULL, 111, 12, 1, 420, 2022, 'morning', NULL, 'first', 64),
	(861, 'ملكوت عدنان خيون محمد', '', '2000-01-01', 2, NULL, 111, 12, 1, 389, 2019, 'morning', NULL, 'first', 72),
	(862, 'زينب علي احمد علي', '', '2000-01-01', 2, NULL, 111, 12, 1, 422, 2022, 'evening', NULL, 'first', 62),
	(863, 'حنين سالم محمد مزعل', '', '2000-01-01', 2, NULL, 111, 12, 1, 420, 2022, 'morning', NULL, 'first', 62),
	(864, 'فاطمه علي عبدالرضا زاير', 'FATIMAH ALI ABDULRIDHA ATABI', '2000-01-01', 2, NULL, 111, 12, 1, 420, 2022, 'morning', NULL, 'first', 60),
	(865, 'زينب عبدالامير جميل حمد', '', '2000-01-01', 2, NULL, 111, 12, 1, 420, 2022, 'morning', NULL, 'first', 63),
	(866, 'صالح مهدي حسين مهدي', '', '2000-01-01', 2, NULL, 111, 11, 1, 386, 2019, 'morning', NULL, 'first', 75),
	(867, 'محمد علي طه عبدالامير حسين', '', '2000-01-01', 2, NULL, 111, 12, 1, 422, 2022, 'evening', NULL, 'first', 62),
	(868, 'عبدالعزيز ياسين طه نعمه', '', '2000-01-01', 2, NULL, 111, 11, 1, 421, 2022, 'morning', NULL, 'first', 64),
	(869, 'زينب صالح مهدي محمد', '', '2000-01-01', 2, NULL, 111, 12, 1, 409, 2021, 'morning', NULL, 'first', 68),
	(870, 'عبدالعزيز احمد مصطفى محمد', '', '2000-01-01', 2, NULL, 111, 11, 1, 423, 2022, 'evening', NULL, 'first', 63),
	(871, 'بنين رعد كاظم علي', '', '2000-01-01', 2, NULL, 111, 11, 1, 421, 2022, 'morning', NULL, 'first', 62),
	(872, 'جنات عدنان شاهين حمادي', '', '2000-01-01', 2, NULL, 111, 11, 1, 421, 2022, 'morning', NULL, 'first', 63),
	(873, 'مريم مرتضى كطافه عبدالسادة', '', '2000-01-01', 2, NULL, 111, 12, 1, 420, 2022, 'morning', NULL, 'first', 61),
	(874, 'حسين خزعل زغير حمود', '', '2000-01-01', 2, NULL, 111, 11, 1, 421, 2022, 'morning', NULL, 'first', 63),
	(875, 'هبه قاسم لازم غانم', '', '2000-01-01', 2, NULL, 111, 11, 1, 421, 2022, 'morning', NULL, 'first', 66),
	(876, 'رباب مصطفى جميل عبد الزهرة', '', '2000-01-01', 2, NULL, 111, 11, 1, 421, 2022, 'morning', NULL, 'first', 65),
	(877, 'اماني اسحاق طعمه كرنوص', '', '2000-01-01', 2, NULL, 111, 11, 1, 421, 2022, 'morning', NULL, 'first', 63),
	(878, 'محمود عبدالقادر حسين حسن', '', '2000-01-01', 2, NULL, 111, 11, 1, 421, 2022, 'morning', NULL, 'first', 63),
	(879, 'نبأ ماجد حسن صالح', '', '2000-01-01', 2, NULL, 111, 11, 1, 421, 2022, 'morning', NULL, 'first', 62),
	(880, 'علي نجم كريم عاشور', '', '2000-01-01', 2, NULL, 111, 11, 1, 421, 2022, 'morning', NULL, 'first', 62),
	(881, 'مصطفى معتز حاتم هاشم', '', '2000-01-01', 2, NULL, 111, 11, 1, 421, 2022, 'morning', NULL, 'first', 58),
	(882, 'حسين محمد حبل عذافة', '', '2000-01-01', 2, NULL, 111, 12, 1, 413, 2021, 'evening', NULL, 'first', 61),
	(883, 'ايمان قوي حربي صباح', '', '2000-01-01', 2, NULL, 111, 12, 1, 420, 2022, 'morning', NULL, 'first', 70),
	(884, 'تبارك ناجي هاشم حاتم', '', '2000-01-01', 2, NULL, 111, 12, 1, 420, 2022, 'morning', NULL, 'first', 65),
	(885, 'سجى طالب ظاهر مهدي', '', '2000-01-01', 2, NULL, 111, 12, 1, 409, 2021, 'morning', NULL, 'first', 61),
	(886, 'فاطمة حمزة عاشور مكي', '', '2000-01-01', 2, NULL, 111, 11, 1, 386, 2019, 'morning', NULL, 'first', 81),
	(887, 'فاطمه محمد علي طوينه عوده', 'FATIMAH MOHAMMED ALI TWAYNA AL-HAMEED', '2000-01-01', 2, NULL, 111, 12, 1, 420, 2022, 'morning', NULL, 'first', 63),
	(888, 'احمد علي عاصي مبارك', '', '2000-01-01', 2, NULL, 111, 11, 1, 417, 2022, 'morning', NULL, 'first', 66),
	(889, 'احمد شريف عباس جودة', '', '2000-01-01', 2, NULL, 111, 11, 1, 423, 2022, 'evening', NULL, 'first', 57),
	(890, 'زهرة ظاهر حبيب عبود', '', '2000-01-01', 2, NULL, 111, 11, 1, 393, 2020, 'morning', NULL, 'first', 77),
	(891, 'احمد داود سلمان داود', '', '2000-01-01', 2, NULL, 111, 11, 1, 386, 2019, 'morning', NULL, 'first', 74),
	(892, 'بتول حسين كامل عبدالعباس', '', '2000-01-01', 2, NULL, 111, 12, 1, 389, 2019, 'morning', NULL, 'first', 75),
	(893, 'احمد عبد العباس راضي ذياب', '', '2000-01-01', 2, NULL, 111, 11, 1, 423, 2022, 'evening', NULL, 'first', 60),
	(894, 'وائل عبد علي عبدالحليم غليطه', '', '2000-01-01', 2, NULL, 111, 12, 1, 420, 2022, 'morning', NULL, 'first', 63),
	(895, 'شهد باسم ناجح يازع', '', '2000-01-01', 2, NULL, 111, 12, 1, 420, 2022, 'morning', NULL, 'first', 64),
	(896, 'نور الدين محمود شاكر هاشم', '', '2000-01-01', 2, NULL, 111, 11, 1, 417, 2022, 'morning', NULL, 'first', 67),
	(897, 'حسن هاني طه جايد', '', '2000-01-01', 2, NULL, 111, 11, 1, 425, 2023, 'evening', NULL, 'first', 58),
	(898, 'دلال كاتب محبس مجلي', 'DALAL KATEB MAHBAS ALSALEMI', '2000-01-01', 2, NULL, 111, 12, 1, 426, 2023, 'morning', NULL, 'first', 60),
	(899, 'كرار كاظم حسن جبر', '', '2000-01-01', 2, NULL, 111, 11, 1, 426, 2023, 'morning', NULL, 'first', 70),
	(900, 'صلاح مهدي خنجر عذير', 'SALAH MAHDI KHANJAR AL-SHUWAILI', '2000-01-01', 2, NULL, 111, 11, 1, 427, 2023, 'morning', NULL, 'first', 61),
	(901, 'يوسف فاضل عبدالعباس عبود', '', '2000-01-01', 2, NULL, 111, 11, 1, 423, 2022, 'evening', NULL, 'first', 65),
	(902, 'منتظر حيدر عبدالخالق كاظم', '', '2000-01-01', 2, NULL, 111, 11, 1, 425, 2023, 'evening', NULL, 'first', 59),
	(903, 'علي رعد عبدالخضر عباس', '', '2000-01-01', 2, NULL, 111, 12, 1, 428, 2023, 'evening', NULL, 'first', 67),
	(904, 'علي بهاء عبد المحسن دراج', '', '2000-01-01', 2, NULL, 111, 11, 1, 427, 2023, 'morning', NULL, 'first', 64),
	(905, 'ام البنين ضياء رعد قاسم', '', '2000-01-01', 2, NULL, 111, 11, 1, 426, 2023, 'morning', NULL, 'first', 65),
	(906, 'علي كاظم جاسم مكي', '', '2000-01-01', 2, NULL, 111, 12, 1, 426, 2023, 'morning', NULL, 'first', 65),
	(907, 'غصون حافظ جاسم راضي', '', '2000-01-01', 2, NULL, 111, 12, 1, 426, 2023, 'morning', NULL, 'first', 64),
	(908, 'حسن جهاد فالح حسين', '', '2000-01-01', 2, NULL, 111, 12, 1, 428, 2023, 'evening', NULL, 'first', 70),
	(909, 'مروه منذر خليل باقر', '', '2000-01-01', 2, NULL, 111, 12, 1, 426, 2023, 'morning', NULL, 'first', 61),
	(910, 'خالد عبدالرحمن عاصي جادر', '', '2000-01-01', 2, NULL, 111, 11, 1, 425, 2023, 'evening', NULL, 'first', 71),
	(911, 'عمار عقيل ماهود جويد', '', '2000-01-01', 2, NULL, 111, 11, 1, 426, 2023, 'morning', NULL, 'first', 61),
	(912, 'فاطمة محمد سعيد مطر', '', '2000-01-01', 2, NULL, 111, 11, 1, 426, 2023, 'morning', NULL, 'first', 67),
	(913, 'سجاد ريسان مردان كاظم', '', '2000-01-01', 2, NULL, 111, 12, 1, 426, 2023, 'morning', NULL, 'first', 60),
	(914, 'حسن علي حسن معتوك', '', '2000-01-01', 2, NULL, 111, 11, 1, 425, 2023, 'evening', NULL, 'first', 84),
	(915, 'ام البنين علاء مهدي عبود', '', '2000-01-01', 2, NULL, 111, 11, 1, 426, 2023, 'morning', NULL, 'first', 65),
	(916, 'نرجس علاء صبيح عريبي', '', '2000-01-01', 2, NULL, 111, 11, 1, 427, 2023, 'morning', NULL, 'first', 63),
	(917, 'عمر اسعد عبدالقادر فالح', '', '2000-01-01', 2, NULL, 111, 11, 1, 425, 2023, 'evening', NULL, 'first', 71),
	(918, 'كرار حازم عبد قاسم', '', '2000-01-01', 2, NULL, 111, 12, 1, 426, 2023, 'morning', NULL, 'first', 65),
	(919, 'حسن فؤاد عبدالحسن عباس', '', '2000-01-01', 2, NULL, 111, 12, 1, 426, 2023, 'morning', NULL, 'first', 67),
	(920, 'فاضل عقيل عوده فاضل', '', '2000-01-01', 2, NULL, 111, 12, 1, 426, 2023, 'morning', NULL, 'first', 62),
	(921, 'جنات اياد محسن حمود', '', '2000-01-01', 2, NULL, 111, 11, 1, 426, 2023, 'morning', NULL, 'first', 61),
	(922, 'هادي عبدالصاحب عبدالعباس محمد', '', '2000-01-01', 2, NULL, 111, 12, 1, 426, 2023, 'morning', NULL, 'first', 63),
	(923, 'حسين محسن ساجت فارس', '', '2000-01-01', 2, NULL, 111, 12, 1, 428, 2023, 'evening', NULL, 'first', 64),
	(924, 'احمد منعثر سكر سويهي', '', '2000-01-01', 2, NULL, 111, 12, 1, 426, 2023, 'morning', NULL, 'first', 72),
	(925, 'غدير محسن عبد الحسن عبد العالي', '', '2000-01-01', 2, NULL, 111, 11, 1, 427, 2023, 'morning', NULL, 'first', 61),
	(926, 'سجى عبدالرضا كريم محمد', '', '2000-01-01', 2, NULL, 111, 12, 1, 426, 2023, 'morning', NULL, 'first', 65),
	(927, 'علي جاسم محمد مجبل', '', '2000-01-01', 2, NULL, 111, 12, 1, 428, 2023, 'evening', NULL, 'first', 63),
	(928, 'زينب حازم عباس شبيب', 'ZAINAB HAZIM ABBAS AL-LUAIBI', '2000-01-01', 2, NULL, 111, 11, 1, 427, 2023, 'morning', NULL, 'first', 88),
	(929, 'نور احمد سالم محمد', '', '2000-01-01', 2, NULL, 111, 11, 1, 427, 2023, 'morning', NULL, 'first', 79),
	(930, 'بنت الهدى جواد كاظم أبريدي', '', '2000-01-01', 2, NULL, 111, 11, 1, 426, 2023, 'morning', NULL, 'first', 61),
	(931, 'اسراء عبدالجبار علي حسين', '', '2000-01-01', 2, NULL, 111, 11, 1, 423, 2022, 'evening', NULL, 'first', 60),
	(932, 'مرلايم عمران حميد محمود', '', '2000-01-01', 2, NULL, 111, 11, 1, 426, 2023, 'morning', NULL, 'first', 76),
	(933, 'مريم عمران حميد محمود', '', '2000-01-01', 2, NULL, 111, 11, 1, 427, 2023, 'morning', NULL, 'first', 76),
	(934, 'انعام احمد محمد عبدالرحمن', '', '2000-01-01', 2, NULL, 111, 12, 1, 426, 2023, 'morning', NULL, 'first', 66),
	(935, 'انصاف احمد محمد عبدالرحمن', '', '2000-01-01', 2, NULL, 111, 11, 1, 427, 2023, 'morning', NULL, 'first', 72),
	(936, 'منتظر حامد هادي راضي', '', '2000-01-01', 2, NULL, 111, 11, 1, 425, 2023, 'evening', NULL, 'first', 73),
	(937, 'زهراء جاسم محمد ظاهر', '', '2000-01-01', 2, NULL, 111, 11, 1, 427, 2023, 'morning', NULL, 'first', 78),
	(938, 'زينب اسماعيل ابراهيم عباس', '', '2000-01-01', 2, NULL, 111, 11, 1, 427, 2023, 'morning', NULL, 'first', 67),
	(939, 'نبأ عبد العزيز عبد الرزاق طه', '', '2000-01-01', 2, NULL, 111, 11, 1, 427, 2023, 'morning', NULL, 'first', 67),
	(940, 'علي خالد خوام شاهين', '', '2000-01-01', 2, NULL, 111, 11, 1, 427, 2023, 'morning', NULL, 'first', 67),
	(941, 'تهاني عذبي موسى خواف', '', '2000-01-01', 2, NULL, 111, 12, 1, 426, 2023, 'morning', NULL, 'first', 86),
	(942, 'ابرار خالد باقر عبد السيد', '', '2000-01-01', 2, NULL, 111, 11, 1, 427, 2023, 'morning', NULL, 'first', 62),
	(943, 'هديل صباح قمندار حسون', '', '2000-01-01', 2, NULL, 111, 11, 1, 425, 2023, 'evening', NULL, 'first', 80),
	(944, 'الحسن مازن عبدالحميد عبدالمعبود', 'ALHASAN MAZIN ABDULHAMEED AL-HAMID', '2000-01-01', 2, NULL, 111, 12, 1, 426, 2023, 'morning', NULL, 'first', 76),
	(945, 'نور الدين ناهي سباهي علي', '', '2000-01-01', 2, NULL, 111, 12, 1, 426, 2023, 'morning', NULL, 'first', 77),
	(946, 'زينب ضياء كاظم علي', '', '2000-01-01', 2, NULL, 111, 11, 1, 427, 2023, 'morning', NULL, 'first', 69),
	(947, 'علي احمد سبتي سلمان', '', '2000-01-01', 2, NULL, 111, 12, 1, 428, 2023, 'evening', NULL, 'first', 64),
	(948, 'علي توفيق سلمان محمد', '', '2000-01-01', 2, NULL, 111, 12, 1, 428, 2023, 'evening', NULL, 'first', 75),
	(949, 'لمى عادل زويد خلف', '', '2000-01-01', 2, NULL, 111, 11, 1, 425, 2023, 'evening', NULL, 'first', 65),
	(950, 'جاسم طه ياسين لفته', '', '2000-01-01', 2, NULL, 111, 11, 1, 427, 2023, 'morning', NULL, 'first', 66),
	(951, 'امير لايذ باهض ديوان', '', '2000-01-01', 2, NULL, 111, 11, 1, 427, 2023, 'morning', NULL, 'first', 62),
	(952, 'علي سعد عوني شنيور', '', '2000-01-01', 2, NULL, 111, 12, 1, 426, 2023, 'morning', NULL, 'first', 59),
	(953, 'احمد محمد عبدالزهرة عيدان', '', '2000-01-01', 2, NULL, 111, 12, 1, 426, 2023, 'morning', NULL, 'first', 61),
	(954, 'بنين ظافر ناصر عبود', '', '2000-01-01', 2, NULL, 111, 12, 1, 426, 2023, 'morning', NULL, 'first', 73),
	(955, 'محمد رائد محي نور', 'MOHAMMED RAED MUHI HILLAWI', '2000-01-01', 2, NULL, 111, 12, 1, 426, 2023, 'morning', NULL, 'first', 70),
	(956, 'كلثوم حازم عبدالكريم حاجم', '', '2000-01-01', 2, NULL, 111, 12, 1, 426, 2023, 'morning', NULL, 'first', 70),
	(957, 'احمد جعفر باقر عبدالباري', '', '2000-01-01', 2, NULL, 111, 12, 1, 426, 2023, 'morning', NULL, 'first', 84),
	(959, 'بنين رفعت محمد رضا', '', '2000-01-01', 2, NULL, 111, 12, 1, 426, 2023, 'morning', NULL, 'first', 74),
	(960, 'حسن رعد عبدالرضا احزيم', '', '2000-01-01', 2, NULL, 111, 12, 1, 426, 2023, 'morning', NULL, 'first', 76),
	(961, 'نسرين جابر كاظم نصر', '', '2000-01-01', 2, NULL, 111, 12, 1, 426, 2023, 'morning', NULL, 'first', 71),
	(962, 'زيد فليح حسين هوى', 'ZAID FLAYYIH HUSSEIN AL MALIKI', '2000-01-01', 2, NULL, 111, 12, 1, 426, 2023, 'morning', NULL, 'first', 71),
	(963, 'ايه عطيه عبود خضير', '', '2000-01-01', 2, NULL, 111, 12, 1, 426, 2023, 'morning', NULL, 'first', 72),
	(964, 'ابراهيم مصطفى عدنان حليم', 'IBRAHIM MUSTAFA ADNAN ALGUBILI', '2000-01-01', 2, NULL, 111, 12, 1, 426, 2023, 'morning', NULL, 'first', 59),
	(965, 'محمد الباقر اسماعيل حبيب شلال', 'MOHAMMED ALBAQER ISMAEL HABEEB ZWAYEN', '2000-01-01', 2, NULL, 111, 11, 1, 425, 2023, 'evening', NULL, 'first', 80),
	(966, 'ايات رعد جمعة حطاب', '', '2000-01-01', 2, NULL, 111, 11, 1, 427, 2023, 'morning', NULL, 'first', 81),
	(967, 'رقية اسعد جاسم محمد', '', '2000-01-01', 2, NULL, 111, 12, 1, 426, 2023, 'morning', NULL, 'first', 63),
	(968, 'رقية عدنان خلف ثجيل', '', '2000-01-01', 2, NULL, 111, 11, 1, 425, 2023, 'evening', NULL, 'first', 65),
	(969, 'احمد صالح مهدي حاجم', '', '2000-01-01', 2, NULL, 111, 12, 1, 426, 2023, 'morning', NULL, 'first', 60),
	(970, 'علي احمد راضي ابراهيم', '', '2000-01-01', 2, NULL, 111, 12, 1, 426, 2023, 'morning', NULL, 'first', 61),
	(971, 'اية سعد هادي ابراهيم', '', '2000-01-01', 2, NULL, 111, 12, 1, 426, 2023, 'morning', NULL, 'first', 65),
	(972, 'عذراء حيال جعفر كطان', '', '2000-01-01', 2, NULL, 111, 12, 1, 426, 2023, 'morning', NULL, 'first', 66),
	(973, 'زين العابدين عماد جاسم محمد', '', '2000-01-01', 2, NULL, 111, 11, 1, 386, 2019, 'morning', NULL, 'first', 72),
	(974, 'محمد باقر امجد محمد نعمه', '', '2000-01-01', 2, NULL, 111, 11, 1, 427, 2023, 'morning', NULL, 'first', 73),
	(975, 'زهراء عباس محمد علي عبدالرزاق', '', '2000-01-01', 2, NULL, 111, 12, 1, 426, 2023, 'morning', NULL, 'first', 62),
	(976, 'علي جواد كاظم داود', '', '2000-01-01', 2, NULL, 111, 12, 1, 428, 2023, 'evening', NULL, 'first', 61),
	(977, 'نجلاء فاضل عبدالامير حمود', '', '2000-01-01', 2, NULL, 111, 11, 1, 425, 2023, 'evening', NULL, 'first', 79),
	(978, 'امنه عبد الحسن كريم محسن', '', '2000-01-01', 2, NULL, 111, 11, 1, 427, 2023, 'morning', NULL, 'first', 61),
	(979, 'حوراء نجم عبد الزهرة محمد', '', '2000-01-01', 2, NULL, 111, 11, 1, 427, 2023, 'morning', NULL, 'first', 64),
	(980, 'نور صباح نوري عبد الكريم', '', '2000-01-01', 2, NULL, 111, 11, 1, 427, 2023, 'morning', NULL, 'first', 71),
	(981, 'حنين خضر عباس يعقوب', '', '2000-01-01', 2, NULL, 111, 12, 1, 426, 2023, 'morning', NULL, 'first', 62),
	(982, 'ام البنين عباس احمد حسن', '', '2000-01-01', 2, NULL, 111, 11, 1, 427, 2023, 'morning', NULL, 'first', 59),
	(983, 'ام البنين عباس علي محمد', '', '2000-01-01', 2, NULL, 111, 11, 1, 427, 2023, 'morning', NULL, 'first', 64),
	(984, 'تبارك علاء خشان سلطان', '', '2000-01-01', 2, NULL, 111, 11, 1, 427, 2023, 'morning', NULL, 'first', 67),
	(985, 'لفتة منخي لفتة هاني', '', '2000-01-01', 2, NULL, 111, 12, 1, 428, 2023, 'evening', NULL, 'first', 61),
	(986, 'ايات امير خضير عباس', '', '2000-01-01', 2, NULL, 111, 12, 1, 428, 2023, 'evening', NULL, 'first', 61),
	(987, 'زينب حازم علي خليل', '', '2000-01-01', 2, NULL, 111, 11, 1, 427, 2023, 'morning', NULL, 'first', 67),
	(988, 'تبارك عباس طه منصور', '', '2000-01-01', 2, NULL, 111, 12, 1, 426, 2023, 'morning', NULL, 'first', 60),
	(989, 'زينب مازن غازي عبدالكريم', 'ZAINAB MAZIN GHAZI AL-ABBOOD', '2000-01-01', 2, NULL, 111, 11, 1, 393, 2023, 'morning', NULL, 'first', 67),
	(990, 'مصطفى عباس رشك شذر', '', '2000-01-01', 2, NULL, 111, 12, 1, 430, 2023, 'evening', NULL, 'first', 59),
	(991, 'زهراء مرتضى حسين علي', '', '2000-01-01', 2, NULL, 111, 12, 1, 394, 2023, 'morning', NULL, 'first', 68),
	(992, 'حسين احمد صابر محسن', '', '2000-01-01', 2, NULL, 111, 12, 1, 426, 2023, 'morning', NULL, 'first', 69),
	(993, 'منتظر خلف جابر صالح', '', '2000-01-01', 2, NULL, 111, 11, 1, 429, 2023, 'evening', NULL, 'first', 64),
	(994, 'هبه سالم نجم هواز', '', '2000-01-01', 2, NULL, 111, 12, 1, 394, 2020, 'morning', NULL, 'first', 69),
	(995, 'مروه عدنان عبد الحسين عبد الرضا', '', '2000-01-01', 2, NULL, 111, 11, 1, 393, 2023, 'morning', NULL, 'first', 57),
	(996, 'فاطمة اياد فاضل علي', '', '2000-01-01', 2, NULL, 111, 12, 1, 394, 2023, 'morning', NULL, 'first', 62),
	(997, 'فاطمة عيسى مونس علي', '', '2000-01-01', 2, NULL, 111, 11, 1, 393, 2023, 'morning', NULL, 'first', 60),
	(998, 'بنين محمد عبودي صالح', '', '2000-01-01', 2, NULL, 111, 11, 1, 427, 2023, 'morning', NULL, 'first', 63),
	(999, 'حسين ناجي رحمة عزيز', '', '2000-01-01', 2, NULL, 111, 11, 1, 393, 2023, 'morning', NULL, 'first', 59),
	(1000, 'مرتضى سعدون ثابت فنجان', '', '2000-01-01', 2, NULL, 111, 12, 1, 394, 2023, 'morning', NULL, 'first', 58),
	(1001, 'نور ضياء علي نعمه', '', '2000-01-01', 2, NULL, 111, 11, 1, 427, 2023, 'morning', NULL, 'first', 62),
	(1002, 'علي صلاح الدين عبد الحسين عساف', '', '2000-01-01', 2, NULL, 111, 11, 1, 393, 2023, 'morning', NULL, 'first', 59),
	(1003, 'عبدالله حسين عيدي حسن', '', '2000-01-01', 2, NULL, 111, 11, 1, 393, 2023, 'morning', NULL, 'first', 55),
	(1004, 'محمد عودة ياسين عبد الخضر', '', '2000-01-01', 2, NULL, 111, 11, 1, 427, 2023, 'morning', NULL, 'first', 73),
	(1005, 'ابتهال فيصل غازي جابر', '', '2000-01-01', 2, NULL, 111, 11, 1, 427, 2023, 'morning', NULL, 'first', 79),
	(1006, 'نغم نصير جابر عيسى', '', '2000-01-01', 2, NULL, 111, 11, 1, 427, 2023, 'morning', NULL, 'first', 60),
	(1007, 'احمد شفيق عطيه عجيل', '', '2000-01-01', 2, NULL, 111, 11, 1, 429, 2023, 'evening', NULL, 'first', 59),
	(1008, 'زينب صادق ماهود داود', '', '2000-01-01', 2, NULL, 111, 12, 1, 394, 2023, 'morning', NULL, 'first', 57),
	(1009, 'مصطفى غانم يوسف محمود', '', '2000-01-01', 2, NULL, 111, 11, 1, 393, 2023, 'morning', NULL, 'first', 62),
	(1010, 'علي عبد الزهرة حسن مطلب', '', '2000-01-01', 2, NULL, 111, 11, 1, 429, 2023, 'evening', NULL, 'first', 65),
	(1011, 'باسم حبيب زماط ناصر', '', '2000-01-01', 2, NULL, 111, 11, 1, 429, 2023, 'evening', NULL, 'first', 63),
	(1012, 'فيصل فلاح فيصل فاضل', '', '2000-01-01', 2, NULL, 111, 11, 1, 393, 2023, 'morning', NULL, 'first', 63),
	(1013, 'مسرة حليم سلمان غريب', '', '2000-01-01', 2, NULL, 111, 11, 1, 427, 2023, 'morning', NULL, 'first', 71),
	(1014, 'علي عبدالباري حاتم صيوان', '', '2000-01-01', 2, NULL, 111, 12, 1, 426, 2023, 'morning', NULL, 'first', 63),
	(1015, 'ساره مازن واثق طلاب', '', '2000-01-01', 2, NULL, 111, 12, 1, 426, 2023, 'morning', NULL, 'first', 61),
	(1016, 'فففففففففف', '', '2000-01-01', 2, NULL, 111, 12, 1, 394, 2020, 'morning', NULL, 'first', 68),
	(1017, 'احمد صادق ماجد خلف', '', '2000-01-01', 2, NULL, 111, 11, 1, 425, 2023, 'evening', NULL, 'first', 70),
	(1018, 'زين العابدين عذب كنش عبد السادة', '', '2000-01-01', 2, NULL, 111, 11, 1, 427, 2023, 'morning', NULL, 'first', 65),
	(1019, 'فاطمة رائد كامل دينار', '', '2000-01-01', 2, NULL, 111, 12, 1, 430, 2023, 'evening', NULL, 'first', 61),
	(1020, 'محمود عامر عبدالواحد عبدالمجيد', '', '2000-01-01', 2, NULL, 111, 12, 1, 426, 2023, 'morning', NULL, 'first', 63),
	(1021, 'رهام حسين عباس عطيه', '', '2000-01-01', 2, NULL, 111, 11, 1, 393, 2023, 'morning', NULL, 'first', 58),
	(1022, 'زهراء محمود شاكر عبد الله', 'ZAHRAA MHMOOD SHAKIR ALALI', '2000-01-01', 2, NULL, 111, 12, 1, 409, 2021, 'morning', NULL, 'first', 66),
	(1023, 'زينب تقي فاضل حسن', '', '2000-01-01', 2, NULL, 111, 11, 1, 427, 2023, 'morning', NULL, 'first', 65),
	(1024, 'محمد فلاح نوري كاظم', '', '2000-01-01', 2, NULL, 111, 11, 1, 427, 2023, 'morning', NULL, 'first', 70),
	(1025, 'كرار علي عباس حسن', 'KARRAR ALI ABBAS AL-TAMEEMI', '2000-01-01', 2, NULL, 111, 12, 1, 430, 2023, 'evening', NULL, 'first', 63),
	(1026, 'زينب حسن مجيد علي', '', '2000-01-01', 2, NULL, 111, 11, 1, 393, 2023, 'morning', NULL, 'first', 60),
	(1027, 'تهاني كريم عوده عبيد', '', '2000-01-01', 2, NULL, 111, 12, 1, 426, 2023, 'morning', NULL, 'first', 66),
	(1028, 'سرى علي هودان حميدي', '', '2000-01-01', 2, NULL, 111, 11, 1, 427, 2023, 'morning', NULL, 'first', 60),
	(1029, 'نور عبدالهادي عويد عبدعلي', '', '2000-01-01', 2, NULL, 111, 12, 1, 426, 2023, 'morning', NULL, 'first', 61),
	(1030, 'نورهان صباح محمد عوده', '', '2000-01-01', 2, NULL, 111, 12, 1, 394, 2023, 'morning', NULL, 'first', 58),
	(1031, 'حسين علي حسين علي', '', '2000-01-01', 2, NULL, 111, 12, 1, 430, 2023, 'evening', NULL, 'first', 60),
	(1032, 'امنه قصي يعقوب يوسف', 'AMENAH QUSAY YAQOOB ALRAJEH', '2000-01-01', 2, NULL, 111, 12, 1, 426, 2023, 'morning', NULL, 'first', 60),
	(1033, 'احمد خيري حميد غنتاب', '', '2000-01-01', 2, NULL, 111, 11, 1, 427, 2023, 'morning', NULL, 'first', 59),
	(1034, 'زين الدين عبد اللطيف عبدالاله عبداللطيف', '', '2000-01-01', 2, NULL, 111, 11, 1, 427, 2023, 'morning', NULL, 'first', 60),
	(1035, 'زهراء عبد الصادق جاسم صبيح', '', '2000-01-01', 2, NULL, 111, 11, 1, 393, 2023, 'morning', NULL, 'first', 59),
	(1036, 'محمد عوين علي رومي', '', '2000-01-01', 2, NULL, 111, 12, 1, 426, 2023, 'morning', NULL, 'first', 63),
	(1037, 'حنين علي مزهر تايه', '', '2000-01-01', 2, NULL, 111, 12, 1, 394, 2023, 'morning', NULL, 'first', 57),
	(1038, 'محمود ثائر محمود عثمان', '', '2000-01-01', 2, NULL, 111, 11, 1, 427, 2023, 'morning', NULL, 'first', 61),
	(1039, 'رواء عبدالعزيز عبدالوهاب عبدالعزيز', '', '2000-01-01', 2, NULL, 111, 12, 1, 426, 2023, 'morning', NULL, 'first', 68),
	(1040, 'بنين وارد حنون ابو الهيل', '', '2000-01-01', 2, NULL, 111, 11, 1, 393, 2023, 'morning', NULL, 'first', 60),
	(1041, 'عباس عماد قاسم عبود', '', '2000-01-01', 2, NULL, 111, 12, 1, 394, 2023, 'morning', NULL, 'first', 58),
	(1042, 'شهد لؤي يحيى عبد', '', '2000-01-01', 2, NULL, 111, 12, 1, 394, 2023, 'morning', NULL, 'first', 57),
	(1043, 'هبة حسين جمعة ناصر', '', '2000-01-01', 2, NULL, 111, 12, 1, 413, 2021, 'evening', NULL, 'first', 64),
	(1044, 'ميسم فهمي ناجي مبارك', '', '2000-01-01', 2, NULL, 111, 11, 1, 393, 2023, 'morning', NULL, 'first', 60),
	(1045, 'مبين نبيل ازيارة عبود', '', '2000-01-01', 2, NULL, 111, 11, 1, 423, 2022, 'evening', NULL, 'first', 68),
	(1046, 'الحسين وعد محمد هاشم', '', '2000-01-01', 2, NULL, 111, 12, 1, 426, 2023, 'morning', NULL, 'first', 63),
	(1047, 'علي قاسم خلف عطيه', '', '2000-01-01', 2, NULL, 111, 11, 1, 393, 2023, 'morning', NULL, 'first', 62),
	(1048, 'احمد محمد سالم كاظم', '', '2000-01-01', 2, NULL, 111, 11, 1, 427, 2023, 'morning', NULL, 'first', 62),
	(1049, 'بتول ابراهيم فيصل جبارة', '', '2000-01-01', 2, NULL, 111, 11, 1, 427, 2023, 'morning', NULL, 'first', 70),
	(1050, 'زينب حيدر عبدالكريم جاسم', '', '2000-01-01', 2, NULL, 111, 12, 1, 426, 2023, 'morning', NULL, 'first', 61),
	(1051, 'مصطفى حسن زاكي فايز', '', '2000-01-01', 2, NULL, 111, 11, 1, 427, 2023, 'morning', NULL, 'first', 69),
	(1052, 'ريهام محمد صباح حسين', '', '2000-01-01', 2, NULL, 111, 12, 1, 394, 2023, 'morning', NULL, 'first', 61),
	(1053, 'فاطمة ساري داود ناصر', '', '2000-01-01', 2, NULL, 111, 12, 1, 394, 2023, 'morning', NULL, 'first', 59),
	(1054, 'رواء سالم علي عبيد', '', '2000-01-01', 2, NULL, 111, 11, 1, 429, 2023, 'evening', NULL, 'first', 62),
	(1055, 'أبرار فاضل عبدالوهاب جاسم', '', '2000-01-01', 2, NULL, 111, 11, 1, 427, 2023, 'morning', NULL, 'first', 62),
	(1056, 'امير رياض كوثر جاسم', '', '2000-01-01', 2, NULL, 111, 11, 1, 425, 2023, 'evening', NULL, 'first', 62),
	(1057, 'زينب عقيل يوسف حسين', '', '2000-01-01', 2, NULL, 111, 12, 1, 394, 2023, 'morning', NULL, 'first', 56),
	(1058, 'زينب سلام جلاب راضي', '', '2000-01-01', 2, NULL, 111, 11, 1, 393, 2023, 'morning', NULL, 'first', 61),
	(1059, 'تبارك نعمه محمد طوفان', '', '2000-01-01', 2, NULL, 111, 12, 1, 426, 2023, 'morning', NULL, 'first', 69),
	(1060, 'موسى محمد ثامر ياسين', '', '2000-01-01', 2, NULL, 111, 11, 1, 429, 2023, 'evening', NULL, 'first', 70),
	(1061, 'سجى ضياء سلمان داود', '', '2000-01-01', 2, NULL, 111, 12, 1, 426, 2023, 'morning', NULL, 'first', 61),
	(1062, 'مروان حسن غالب كاظم', '', '2000-01-01', 2, NULL, 111, 11, 1, 423, 2022, 'evening', NULL, 'first', 61),
	(1063, 'ابو الحسن سليم شريف صالح', '', '2000-01-01', 2, NULL, 111, 11, 1, 427, 2023, 'morning', NULL, 'first', 62),
	(1064, 'علي احمد ناصح احمد حمدان', '', '2000-01-01', 2, NULL, 111, 11, 1, 429, 2023, 'evening', NULL, 'first', 67),
	(1065, 'ايمان خليل ابراهيم سلطان', '', '2000-01-01', 2, NULL, 111, 11, 1, 427, 2023, 'morning', NULL, 'first', 77),
	(1066, 'سيف عبد المطلب شبيب صنكور', '', '2000-01-01', 2, NULL, 111, 11, 1, 429, 2023, 'evening', NULL, 'first', 60),
	(1067, 'علاء عبد المحسن عبد عبد السيد', 'ALAA ABDULMOHSSEIN ABD', '2000-01-01', 2, NULL, 111, 11, 1, 393, 2023, 'morning', NULL, 'first', 62),
	(1068, 'مهند كاظم محسن كاظم', '', '2000-01-01', 2, NULL, 111, 11, 1, 425, 2023, 'evening', NULL, 'first', 65),
	(1069, 'حسن محمود نجم عبد الحسين', '', '2000-01-01', 2, NULL, 111, 11, 1, 427, 2023, 'morning', NULL, 'first', 61),
	(1070, 'هدى نوري عبد القادر حسين', '', '2000-01-01', 2, NULL, 111, 12, 1, 394, 2023, 'morning', NULL, 'first', 57),
	(1071, 'منار كامل نصيف عاصي', '', '2000-01-01', 2, NULL, 111, 12, 1, 394, 2023, 'morning', NULL, 'first', 62),
	(1072, 'اسيل علي جبار مكطوف', '', '2000-01-01', 2, NULL, 111, 11, 1, 427, 2023, 'morning', NULL, 'first', 69),
	(1073, 'محمد عادل عبد الدايم عبد الحسين', '', '2000-01-01', 2, NULL, 111, 11, 1, 427, 2023, 'morning', NULL, 'first', 70),
	(1074, 'سجاد عبدالسلام باقر فنجان', '', '2000-01-01', 2, NULL, 111, 11, 1, 425, 2023, 'evening', NULL, 'first', 61),
	(1075, 'طه عبد الكريم خلف عناد', '', '2000-01-01', 2, NULL, 111, 11, 1, 427, 2023, 'morning', NULL, 'first', 61),
	(1076, 'جعفر طه جعفر حسين', '', '2000-01-01', 2, NULL, 111, 11, 1, 427, 2023, 'morning', NULL, 'first', 61),
	(1077, 'حسين حافظ سالم بغيلي', '', '2000-01-01', 2, NULL, 111, 12, 1, 430, 2023, 'evening', NULL, 'first', 56),
	(1078, 'شاهين وارتان موسيس الكسان', '', '2000-01-01', 2, NULL, 111, 12, 1, 426, 2023, 'morning', NULL, 'first', 65),
	(1079, 'عبدالرحمن حمد علي فرهود', '', '2000-01-01', 2, NULL, 111, 12, 1, 430, 2023, 'evening', NULL, 'first', 60),
	(1080, 'وسام رعد خلف راشد', '', '2000-01-01', 2, NULL, 111, 11, 1, 427, 2023, 'morning', NULL, 'first', 75),
	(1081, 'محمد حسن شنين مقطوف', '', '2000-01-01', 2, NULL, 111, 12, 1, 430, 2023, 'evening', NULL, 'first', 58),
	(1082, 'علي تحسين عبدالواحد عبدالهادي', '', '2000-01-01', 2, NULL, 111, 11, 1, 425, 2023, 'evening', NULL, 'first', 65),
	(1083, 'كرار نزار سلمان يوسف', '', '2000-01-01', 2, NULL, 111, 12, 1, 394, 2023, 'morning', NULL, 'first', 58),
	(1084, 'فاطمه ناصر احمد محمد', '', '2000-01-01', 2, NULL, 111, 11, 1, 425, 2023, 'evening', NULL, 'first', 61),
	(1085, 'حسين عبود ابراهيم عبود', '', '2000-01-01', 2, NULL, 111, 11, 1, 425, 2023, 'evening', NULL, 'first', 60),
	(1086, 'مصطفى دريد صبيح صاحب', '', '2000-01-01', 2, NULL, 111, 11, 1, 423, 2022, 'evening', NULL, 'first', 63),
	(1087, 'محمد حسين علي حسين', '', '2000-01-01', 2, NULL, 111, 11, 1, 427, 2023, 'morning', NULL, 'first', 62),
	(1088, 'سجاد حميد خضير علوان', '', '2000-01-01', 2, NULL, 111, 11, 1, 427, 2023, 'morning', NULL, 'first', 63),
	(1089, 'ايمن احمد جاسم تركي', '', '2000-01-01', 2, NULL, 111, 11, 1, 386, 2019, 'morning', NULL, 'first', 69),
	(1090, 'انفال عبدالرحيم حمود محسن', '', '2000-01-01', 2, NULL, 111, 12, 1, 426, 2023, 'morning', NULL, 'first', 60),
	(1091, 'مهدي داغر زبون عباس', '', '2000-01-01', 2, NULL, 111, 12, 1, 428, 2023, 'evening', NULL, 'first', 64),
	(1092, 'اكرم حسن طعمه عبود', '', '2000-01-01', 2, NULL, 111, 11, 1, 429, 2023, 'evening', NULL, 'first', 62),
	(1093, 'تبارك كاظم جواد طاهر', '', '2000-01-01', 2, NULL, 111, 12, 1, 394, 2023, 'morning', NULL, 'first', 57),
	(1094, 'حسين عباس جواد فلحي', '', '2000-01-01', 2, NULL, 111, 12, 1, 426, 2023, 'morning', NULL, 'first', 67),
	(1095, 'مصطفى هلال زعلان عبود', '', '2000-01-01', 2, NULL, 111, 11, 1, 425, 2023, 'evening', NULL, 'first', 70),
	(1096, 'حسين علي ياسين رجب', '', '2000-01-01', 2, NULL, 111, 11, 1, 427, 2023, 'morning', NULL, 'first', 64),
	(1097, 'اجود حسن حمد خشان', '', '2000-01-01', 2, NULL, 111, 12, 1, 430, 2023, 'evening', NULL, 'first', 58),
	(1098, 'حسين بهجت مهجر حبش', '', '2000-01-01', 2, NULL, 111, 11, 1, 429, 2023, 'evening', NULL, 'first', 61),
	(1099, 'عذراء عبد الرحيم شاوي مطلق', '', '2000-01-01', 2, NULL, 111, 11, 1, 386, 2019, 'morning', NULL, 'first', 66),
	(1100, 'مريم وجدي رحيم عريبي', '', '2000-01-01', 2, NULL, 111, 12, 1, 426, 2023, 'morning', NULL, 'first', 61),
	(1101, 'زين العابدين سعد كاظم جبار', '', '2000-01-01', 2, NULL, 111, 11, 1, 429, 2023, 'evening', NULL, 'first', 60),
	(1102, 'ساره نظام عباس حيدر', '', '2000-01-01', 2, NULL, 111, 12, 1, 426, 2023, 'morning', NULL, 'first', 62),
	(1103, 'حسين حبيب عبد السيد محسن', '', '2000-01-01', 2, NULL, 111, 12, 1, 394, 2023, 'morning', NULL, 'first', 60),
	(1104, 'ستار جبر محسن كرم', '', '2000-01-01', 2, NULL, 111, 12, 1, 426, 2023, 'morning', NULL, 'first', 62),
	(1105, 'حسين علي جاسم محمد', '', '2000-01-01', 2, NULL, 111, 12, 1, 415, 2021, 'evening', NULL, 'first', 61),
	(1106, 'نور الهدى علي عبد الصمد عبيد', '', '2000-01-01', 2, NULL, 111, 12, 1, 396, 2020, 'morning', NULL, 'first', 68),
	(1107, 'هبه ابراهيم كشيش ثجيل', '', '2000-01-01', 2, NULL, 111, 12, 1, 426, 2023, 'morning', NULL, 'first', 63),
	(1108, 'ابوالحسن علي مونس اسماعيل', '', '2000-01-01', 2, NULL, 111, 12, 1, 430, 2023, 'evening', NULL, 'first', 57),
	(1109, 'رضا عقيل محمد علي', '', '2000-01-01', 2, NULL, 111, 11, 1, 429, 2023, 'evening', NULL, 'first', 60),
	(1110, 'تبارك ستار عبد الجبار عبد', '', '2000-01-01', 2, NULL, 111, 11, 1, 393, 2023, 'morning', NULL, 'first', 61),
	(1111, 'منار بهجت مهجر حبش', '', '2000-01-01', 2, NULL, 111, 12, 1, 426, 2023, 'morning', NULL, 'first', 62),
	(1112, 'نور الهدى فؤاد كرم صالح', '', '2000-01-01', 2, NULL, 111, 12, 1, 394, 2023, 'morning', NULL, 'first', 58),
	(1113, 'مصطفى رشيد دوحان جابر', '', '2000-01-01', 2, NULL, 111, 11, 1, 429, 2023, 'evening', NULL, 'first', 61),
	(1114, 'نرجس عدنان صبر سيلان', '', '2000-01-01', 2, NULL, 111, 11, 1, 386, 2019, 'morning', NULL, 'first', 79),
	(1115, 'هديل محسن شميل عواد', '', '2000-01-01', 2, NULL, 111, 12, 1, 426, 2023, 'morning', NULL, 'first', 58),
	(1116, 'بهاء حاتم بندر عبيد', '', '2000-01-01', 2, NULL, 111, 12, 1, 430, 2023, 'evening', NULL, 'first', 58),
	(1117, 'أساور قاسم محمد مكطوف', '', '2000-01-01', 2, NULL, 111, 11, 1, 427, 2023, 'morning', NULL, 'first', 61),
	(1118, 'علي اياد احمد صالح', '', '2000-01-01', 2, NULL, 111, 11, 1, 395, 2020, 'morning', NULL, 'first', 66),
	(1119, 'حسن ماجد عبدالنبي عبدالحسين', '', '2000-01-01', 2, NULL, 111, 12, 1, 428, 2023, 'evening', NULL, 'first', 61),
	(1120, 'نوال عادل عبدالواحد عداي', '', '2000-01-01', 2, NULL, 111, 12, 1, 389, 2019, 'morning', NULL, 'first', 72),
	(1121, 'سجى احمد عبداللطيف اسحاق', '', '2000-01-01', 2, NULL, 111, 12, 1, 426, 2023, 'morning', NULL, 'first', 59),
	(1122, 'حسين عبد الرضا شهيد مجيد', '', '2000-01-01', 2, NULL, 111, 11, 1, 425, 2023, 'evening', NULL, 'first', 65),
	(1123, 'ااا', '', '2000-01-01', 2, NULL, 111, 11, 1, 427, 2023, 'morning', NULL, 'first', 61),
	(1124, 'نجلاء ضياء خليل عبد المجيد', '', '2000-01-01', 2, NULL, 111, 11, 1, 427, 2023, 'morning', NULL, 'first', 66),
	(1125, 'اسراء ناظم كاظم عبد النبي', '', '2000-01-01', 2, NULL, 111, 11, 1, 427, 2023, 'morning', NULL, 'first', 64),
	(1126, 'عبدالرحمن عيسى خلف عيسى', '', '2000-01-01', 2, NULL, 111, 12, 1, 430, 2023, 'evening', NULL, 'first', 59),
	(1127, 'حوراء رعد زعلان حمود', '', '2000-01-01', 2, NULL, 111, 12, 1, 426, 2023, 'morning', NULL, 'first', 59),
	(1128, 'شهد جمال كاظم شاهين', '', '2000-01-01', 2, NULL, 111, 11, 1, 393, 2023, 'morning', NULL, 'first', 57),
	(1129, 'غيث عدنان خيون محمد', '', '2000-01-01', 2, NULL, 111, 12, 1, 430, 2023, 'evening', NULL, 'first', 59),
	(1130, 'فائز جليل محمود طنان', '', '2000-01-01', 2, NULL, 111, 11, 1, 425, 2023, 'evening', NULL, 'first', 64),
	(1131, 'محمد بدر لفتة مريهج', '', '2000-01-01', 2, NULL, 111, 12, 1, 430, 2023, 'evening', NULL, 'first', 61),
	(1132, 'عبدالرحمن نوفل احمد جاسم', '', '2000-01-01', 2, NULL, 111, 12, 1, 426, 2023, 'morning', NULL, 'first', 63),
	(1133, 'عذراء عبدالزهرة عبد الله سلطان', 'ATHRAA ABDULZAHRA ABDULLAH ALGHADHBAN', '2000-01-01', 2, NULL, 111, 11, 1, 427, 2023, 'morning', NULL, 'first', 62),
	(1134, 'بنين زهير يعقوب يوسف', '', '2000-01-01', 2, NULL, 111, 11, 1, 393, 2023, 'morning', NULL, 'first', 62),
	(1135, 'هبة رجاء ابراهيم كاظم', '', '2000-01-01', 2, NULL, 111, 12, 1, 426, 2023, 'morning', NULL, 'first', 62),
	(1136, 'شمس فؤاد عجيل نايف', '', '2000-01-01', 2, NULL, 111, 11, 1, 393, 2023, 'morning', NULL, 'first', 59),
	(1137, 'علي عبد الواحد خضير غريب', '', '2000-01-01', 2, NULL, 111, 11, 1, 429, 2023, 'evening', NULL, 'first', 62),
	(1138, 'ديار هيثم غاوي شريجي', 'DIYAR HAITHAM GHAWI AL-AQEELI', '2000-01-01', 2, NULL, 111, 11, 1, 427, 2023, 'morning', NULL, 'first', 68),
	(1139, 'بان ابراهيم مزعل مناتي', '', '2000-01-01', 2, NULL, 111, 12, 1, 394, 2023, 'morning', NULL, 'first', 59),
	(1140, 'حسين عدنان جبار نجم', '', '2000-01-01', 2, NULL, 111, 12, 1, 428, 2023, 'evening', NULL, 'first', 78),
	(1141, 'آمال عبد الجليل حسن مخور', '', '2000-01-01', 2, NULL, 111, 12, 1, 394, 2023, 'morning', NULL, 'first', 63),
	(1142, 'اسدالله عبدالباسط عبدالرزاق عبداللطيف', 'ASDULAH ABDLBAST ABDLRAZAQ ALABDLATEF', '2000-01-01', 2, NULL, 111, 11, 1, 427, 2023, 'morning', NULL, 'first', 80),
	(1143, 'وليد عوده صالح جبر', '', '2000-01-01', 2, NULL, 111, 11, 1, 429, 2023, 'evening', NULL, 'first', 59),
	(1144, 'علي عبد الرحمن عبد الكريم حسن', '', '2000-01-01', 2, NULL, 111, 11, 1, 429, 2023, 'evening', NULL, 'first', 66),
	(1145, 'رسل ظافر شريف صالح', '', '2000-01-01', 2, NULL, 111, 12, 1, 426, 2023, 'morning', NULL, 'first', 63),
	(1146, 'عباس شاكر طه ناصر', '', '2000-01-01', 2, NULL, 111, 12, 1, 426, 2023, 'morning', NULL, 'first', 58),
	(1147, 'سحر شكري محمود حمدي', '', '2000-01-01', 2, NULL, 111, 12, 1, 426, 2023, 'morning', NULL, 'first', 62),
	(1148, 'زهراء صفاء فاضل جابر', '', '2000-01-01', 2, NULL, 111, 12, 1, 394, 2023, 'morning', NULL, 'first', 63),
	(1149, 'جمال احمد عبد الصمد عبد الواحد', '', '2000-01-01', 2, NULL, 111, 12, 1, 394, 2023, 'morning', NULL, 'first', 57),
	(1150, 'ضحى علي لفتة خلف', '', '2000-01-01', 2, NULL, 111, 11, 1, 427, 2023, 'morning', NULL, 'first', 76),
	(1151, 'عبدالكريم مجبل فرحان هجرس', '', '2000-01-01', 2, NULL, 111, 11, 1, 412, 2021, 'evening', NULL, 'first', 75),
	(1152, 'احمد سالم كاظم حسن', '', '2000-01-01', 2, NULL, 111, 12, 1, 409, 2021, 'morning', NULL, 'first', 65),
	(1153, 'حسين صباح عزيز محمد', '', '2000-01-01', 2, NULL, 111, 12, 1, 430, 2023, 'evening', NULL, 'first', 58),
	(1154, 'ضحى علي عبدالحسين فاضل', '', '2000-01-01', 2, NULL, 111, 11, 1, 386, 2019, 'morning', NULL, 'first', 77),
	(1155, 'مرتجى محمد جابر عبدالسيد', '', '2000-01-01', 2, NULL, 111, 12, 1, 426, 2023, 'morning', NULL, 'first', 65),
	(1156, 'شهد نجم فاضل طاهر', '', '2000-01-01', 2, NULL, 111, 11, 1, 393, 2020, 'morning', NULL, 'first', 68),
	(1157, 'ااااا', '', '2000-01-01', 2, NULL, 111, 12, 1, 389, 2019, 'morning', NULL, 'first', 70),
	(1158, 'زينب صالح عمران عيسى', '', '2000-01-01', 2, NULL, 111, 11, 1, 386, 2019, 'morning', NULL, 'first', 71),
	(1159, 'حسين عبد زيد حسين طاهر', '', '2000-01-01', 2, NULL, 111, 11, 1, 386, 2019, 'morning', NULL, 'first', 69),
	(1160, 'حسن زكي حسن جواد', '', '2000-01-01', 2, NULL, 111, 12, 1, 401, 2020, 'evening', NULL, 'first', 80),
	(1161, 'مازن يوسف جياد زيارة', '', '2000-01-01', 2, NULL, 111, 12, 1, 401, 2020, 'evening', NULL, 'first', 84),
	(1162, 'كرار ميثم ناجح عبود', '', '2000-01-01', 2, NULL, 111, 11, 1, 427, 2023, 'morning', NULL, 'first', 70),
	(1163, 'ثمينة', '', '2000-01-01', 2, NULL, 111, 11, 1, 434, 2024, 'morning', NULL, 'first', 99),
	(1164, 'حيدر عباس فاضل خضير', '', '2000-01-01', 2, NULL, 111, 12, 1, 437, 2024, 'evening', NULL, 'first', 61),
	(1165, 'حيدر عبدالكريم جاسم محمد', '', '2000-01-01', 2, NULL, 111, 11, 1, 434, 2024, 'morning', NULL, 'first', 62),
	(1166, 'علا حسين هود عجيل', '', '2000-01-01', 2, NULL, 111, 12, 1, 394, 2023, 'morning', NULL, 'first', 62),
	(1167, 'زهراء مشتاق عبد الزهرة غافل', '', '2000-01-01', 2, NULL, 111, 12, 1, 435, 2024, 'morning', NULL, 'first', 66),
	(1168, 'امنة عبد الزهرة محمد حسون', '', '2000-01-01', 2, NULL, 111, 12, 1, 435, 2024, 'morning', NULL, 'first', 59),
	(1169, 'زينب باسم عبد الستار كاظم', '', '2000-01-01', 2, NULL, 111, 11, 1, 436, 2024, 'evening', NULL, 'first', 66),
	(1170, 'زهراء سبتي جمعه عباس', '', '2000-01-01', 2, NULL, 111, 11, 1, 436, 2024, 'evening', NULL, 'first', 78),
	(1171, 'حسين عبد الستار جبار خضير', '', '2000-01-01', 2, NULL, 111, 12, 1, 437, 2024, 'evening', NULL, 'first', 61),
	(1172, 'حسين نائل حامد جلاب', '', '2000-01-01', 2, NULL, 111, 12, 1, 435, 2024, 'morning', NULL, 'first', 74),
	(1173, 'احمد علي حبيب محيبس', '', '2000-01-01', 2, NULL, 111, 11, 1, 434, 2024, 'morning', NULL, 'first', 59),
	(1174, '111111', '', '2000-01-01', 2, NULL, 111, 11, 1, 434, 2024, 'morning', NULL, 'first', 70),
	(1175, 'حسين قاسم طاهر سلطان', '', '2000-01-01', 2, NULL, 111, 11, 1, 427, 2023, 'morning', NULL, 'first', 70),
	(1176, 'مريم وليد عبدالجليل ابراهيم', '', '2000-01-01', 2, NULL, 111, 11, 1, 436, 2024, 'evening', NULL, 'first', 69),
	(1177, 'فاطمة مرتضى عبد الحسين جاسم', '', '2000-01-01', 2, NULL, 111, 11, 1, 427, 2023, 'morning', NULL, 'first', 66),
	(1178, 'منتظر ناصر حمود عبد الرضا', '', '2000-01-01', 2, NULL, 111, 12, 1, 437, 2024, 'evening', NULL, 'first', 62),
	(1179, 'حسين مسلم عباس حمد', '', '2000-01-01', 2, NULL, 111, 12, 1, 435, 2024, 'morning', NULL, 'first', 68),
	(1180, 'سجاد محسن علي عنيد', '', '2000-01-01', 2, NULL, 111, 12, 1, 437, 2024, 'evening', NULL, 'first', 73),
	(1181, 'ضرغام هاني عبد الكريم ناصر', '', '2000-01-01', 2, NULL, 111, 12, 1, 437, 2024, 'evening', NULL, 'first', 62),
	(1182, 'علي السجاد محمد عبيد فيروز', '', '2000-01-01', 2, NULL, 111, 12, 1, 435, 2024, 'morning', NULL, 'first', 59),
	(1183, 'هاجر مهدي نبات مصبح', '', '2000-01-01', 2, NULL, 111, 12, 1, 435, 2024, 'morning', NULL, 'first', 59),
	(1184, 'يوسف نعمه عوده شحيتي', '', '2000-01-01', 2, NULL, 111, 11, 1, 436, 2024, 'evening', NULL, 'first', 59),
	(1185, 'مجتبى عدي محمد سويد', '', '2000-01-01', 2, NULL, 111, 11, 1, 434, 2024, 'morning', NULL, 'first', 68),
	(1186, 'كرار احمد غضبان صالح', '', '2000-01-01', 2, NULL, 111, 11, 1, 434, 2024, 'morning', NULL, 'first', 65),
	(1187, 'بنين عدنان طالب جاسم', '', '2000-01-01', 2, NULL, 111, 11, 1, 429, 2023, 'evening', NULL, 'first', 67),
	(1188, 'يوسف حسنين عبد العزيز عبد الواحد', '', '2000-01-01', 2, NULL, 111, 12, 1, 437, 2024, 'evening', NULL, 'first', 64),
	(1189, 'نور الهدى باسم حبيب زماط', '', '2000-01-01', 2, NULL, 111, 11, 1, 434, 2024, 'morning', NULL, 'first', 69),
	(1190, 'ايمان علاوي ناصر عبد الحسين', '', '2000-01-01', 2, NULL, 111, 12, 1, 435, 2024, 'morning', NULL, 'first', 69),
	(1191, 'مصطفى اياد حمود عبد الرضا', '', '2000-01-01', 2, NULL, 111, 12, 1, 435, 2024, 'morning', NULL, 'first', 62),
	(1192, 'عمار قاسم سعود سلوم', '', '2000-01-01', 2, NULL, 111, 11, 1, 427, 2023, 'morning', NULL, 'first', 63),
	(1193, 'نبأ حيدر جعفر فنجان', '', '2000-01-01', 2, NULL, 111, 12, 1, 435, 2024, 'morning', NULL, 'first', 58),
	(1194, 'عباس هشام جبار سلمان', '', '2000-01-01', 2, NULL, 111, 12, 1, 430, 2023, 'evening', NULL, 'first', 58),
	(1195, 'مصطفى حسين عباس حسين', '', '2000-01-01', 2, NULL, 111, 11, 1, 436, 2024, 'evening', NULL, 'first', 71),
	(1196, 'حسين كاظم عزيز زاير', '', '2000-01-01', 2, NULL, 111, 11, 1, 434, 2024, 'morning', NULL, 'first', 73),
	(1197, 'زهراء بسام عبدالوهاب علي', '', '2000-01-01', 2, NULL, 111, 12, 1, 426, 2023, 'morning', NULL, 'first', 71),
	(1198, 'محمد حيدر عبد العزيز عبد الرزاق', '', '2000-01-01', 2, NULL, 111, 12, 1, 435, 2024, 'morning', NULL, 'first', 72),
	(1199, 'صفا علاء راضي لعيبي', '', '2000-01-01', 2, NULL, 111, 12, 1, 426, 2023, 'morning', NULL, 'first', 58),
	(1200, 'فاطمة صباح علي مظلوم', '', '2000-01-01', 2, NULL, 111, 11, 1, 393, 2023, 'morning', NULL, 'first', 58),
	(1201, 'علي ابراهيم عبد اللطيف جميان', '', '2000-01-01', 2, NULL, 111, 12, 1, 437, 2024, 'evening', NULL, 'first', 58),
	(1202, 'عباس كاظم محمود محمد', '', '2000-01-01', 2, NULL, 111, 11, 1, 429, 2023, 'evening', NULL, 'first', 65),
	(1203, 'علي راضي لازم مزبان', '', '2000-01-01', 2, NULL, 111, 12, 1, 437, 2024, 'evening', NULL, 'first', 58),
	(1204, 'اسراء زكي عبد الجبار مرزوق', '', '2000-01-01', 2, NULL, 111, 11, 1, 427, 2023, 'morning', NULL, 'first', 65),
	(1205, 'حسن فاضل عبد الامير عبد الواحد', '', '2000-01-01', 2, NULL, 111, 12, 1, 435, 2024, 'morning', NULL, 'first', 57),
	(1206, 'جمان عبدالكريم جاسم محمد', '', '2000-01-01', 2, NULL, 111, 12, 1, 430, 2023, 'evening', NULL, 'first', 58),
	(1207, 'مصطفى مرتضى توفيق شاطي', '', '2000-01-01', 2, NULL, 111, 12, 1, 437, 2024, 'evening', NULL, 'first', 60),
	(1208, 'ايهاب اياد فهد عبد الكريم', '', '2000-01-01', 2, NULL, 111, 12, 1, 394, 2023, 'morning', NULL, 'first', NULL),
	(1209, 'حسين علي ربح عبد الزهرة', '', '2000-01-01', 2, NULL, 111, 11, 1, 427, 2023, 'morning', NULL, 'first', 69),
	(1210, 'نور الهدى رعد عبد الهادي عبيد', '', '2000-01-01', 2, NULL, 111, 11, 1, 436, 2024, 'evening', NULL, 'first', 65),
	(1211, 'ملاك عادل عبدالسلام عبد علي', '', '2000-01-01', 2, NULL, 111, 11, 1, 425, 2023, 'evening', NULL, 'first', 66),
	(1212, 'منتظر وارد مزهر عمران', '', '2000-01-01', 2, NULL, 111, 12, 1, 435, 2024, 'morning', NULL, 'first', 64),
	(1213, 'فاطمة ضياء صادق راضي', '', '2000-01-01', 2, NULL, 111, 12, 1, 435, 2024, 'morning', NULL, 'first', 67),
	(1214, 'نسرين عبد الحكيم محمد جاسم', '', '2000-01-01', 2, NULL, 111, 11, 1, 434, 2024, 'morning', NULL, 'first', 75),
	(1215, 'علي رحيم عطيه دريعم', '', '2000-01-01', 2, NULL, 111, 12, 1, 430, 2023, 'evening', NULL, 'first', 58),
	(1216, 'حنين طالب عويد درويش', '', '2000-01-01', 2, NULL, 111, 11, 1, 395, 2020, 'morning', NULL, 'first', 64),
	(1217, 'ابتهال طاهر كوشان جاسم', '', '2000-01-01', 2, NULL, 111, 12, 1, 430, 2023, 'evening', NULL, 'first', 64),
	(1218, 'حوراء عباس محمد عبد الزهره', '', '2000-01-01', 2, NULL, 111, 12, 1, 394, 2023, 'morning', NULL, 'first', 57),
	(1219, 'زينب كاظم عبد كاظم', '', '2000-01-01', 2, NULL, 111, 11, 1, 434, 2024, 'morning', NULL, 'first', 67),
	(1220, 'شمس نجم عبد عريم', '', '2000-01-01', 2, NULL, 111, 12, 1, 435, 2024, 'morning', NULL, 'first', 65),
	(1221, 'زينب محمد حسين محسن', '', '2000-01-01', 2, NULL, 111, 12, 1, 394, 2023, 'morning', NULL, 'first', 60),
	(1222, 'مرتضى نعمان سليم هاشم', '', '2000-01-01', 2, NULL, 111, 11, 1, 436, 2024, 'evening', NULL, 'first', 59),
	(1223, 'زهراء واثق سبتي خلف', '', '2000-01-01', 2, NULL, 111, 11, 1, 393, 2023, 'morning', NULL, 'first', 61),
	(1224, 'رضا ناهي حسن عبادي', '', '2000-01-01', 2, NULL, 111, 12, 1, 437, 2024, 'evening', NULL, 'first', 59),
	(1225, 'فاطمة علي عبدالسيد حسين', '', '2000-01-01', 2, NULL, 111, 11, 1, 434, 2024, 'morning', NULL, 'first', 61),
	(1226, 'حمزه طعمه صاحي محمد', '', '2000-01-01', 2, NULL, 111, 12, 1, 435, 2024, 'morning', NULL, 'first', 63),
	(1227, 'انعام محمد عباس هجول', '', '2000-01-01', 2, NULL, 111, 11, 1, 436, 2024, 'evening', NULL, 'first', 71),
	(1228, 'روان عقيل حليم حمود', '', '2000-01-01', 2, NULL, 111, 12, 1, 435, 2024, 'morning', NULL, 'first', 61),
	(1229, 'ايات امين داود سالم', '', '2000-01-01', 2, NULL, 111, 11, 1, 427, 2023, 'morning', NULL, 'first', 65),
	(1230, 'بنين كريم شنين صولاغ', '', '2000-01-01', 2, NULL, 111, 11, 1, 427, 2023, 'morning', NULL, 'first', 62),
	(1231, 'فاطمة صباح كاظم عبيد', '', '2000-01-01', 2, NULL, 111, 12, 1, 394, 2023, 'morning', NULL, 'first', 59),
	(1232, 'فاطمة علي عبد الرسول عبود', '', '2000-01-01', 2, NULL, 111, 12, 1, 394, 2023, 'morning', NULL, 'first', 58),
	(1233, 'محمد حكيم فاخر كلش', '', '2000-01-01', 2, NULL, 111, 12, 1, 437, 2024, 'evening', NULL, 'first', 58),
	(1234, 'احمد اسماعيل جاسم حسين', '', '2000-01-01', 2, NULL, 111, 11, 1, 412, 2021, 'evening', NULL, 'first', 73),
	(1235, 'رفيف رمضان مهلهل سدخان', '', '2000-01-01', 2, NULL, 111, 11, 1, 393, 2023, 'morning', NULL, 'first', 72),
	(1236, 'نبأ قاسم خماس بداي', '', '2000-01-01', 2, NULL, 111, 12, 1, 394, 2023, 'morning', NULL, 'first', 60),
	(1237, 'فاطمه ناظم فهد جاسم', '', '2000-01-01', 2, NULL, 111, 11, 1, 427, 2023, 'morning', NULL, 'first', 58),
	(1238, 'حسين جاسم ابراهيم راضي', '', '2000-01-01', 2, NULL, 111, 11, 1, 434, 2024, 'morning', NULL, 'first', 60),
	(1239, 'مريم ميثم حسين علي', '', '2000-01-01', 2, NULL, 111, 12, 1, 435, 2024, 'morning', NULL, 'first', 57),
	(1240, 'علي سجاد عبيد خضير', '', '2000-01-01', 2, NULL, 111, 11, 1, 429, 2023, 'evening', NULL, 'first', 55),
	(1241, 'محمد جاسم محمد حبيب', '', '2000-01-01', 2, NULL, 111, 11, 1, 427, 2023, 'morning', NULL, 'first', 66),
	(1242, 'ساهرة احمد عبد الحسين عبود', '', '2000-01-01', 2, NULL, 111, 12, 1, 435, 2024, 'morning', NULL, 'first', 76),
	(1243, 'علي صلاح كريم جويد', '', '2000-01-01', 2, NULL, 111, 11, 1, 427, 2023, 'morning', NULL, 'first', 60),
	(1244, 'فاطمة حسن علي حسين', '', '2000-01-01', 2, NULL, 111, 11, 1, 427, 2023, 'morning', NULL, 'first', 68),
	(1245, 'جعفر هاشم خلف نعمه', '', '2000-01-01', 2, NULL, 111, 11, 1, 436, 2024, 'evening', NULL, 'first', 56),
	(1246, 'ابرار سعد خلف خضير', '', '2000-01-01', 2, NULL, 111, 11, 1, 436, 2024, 'evening', NULL, 'first', 61),
	(1247, 'الطيب منير صبري موسى', '', '2000-01-01', 2, NULL, 111, 11, 1, 425, 2023, 'evening', NULL, 'first', 62),
	(1248, 'زين العابدين ناصر صالح مهدي', '', '2000-01-01', 2, NULL, 111, 11, 1, 425, 2023, 'evening', NULL, 'first', 68),
	(1249, 'ضحى اثير سمير كريم', '', '2000-01-01', 2, NULL, 111, 12, 1, 435, 2024, 'morning', NULL, 'first', 64),
	(1250, 'مريم مشرق كاظم عبد', '', '2000-01-01', 2, NULL, 111, 11, 1, 427, 2023, 'morning', NULL, 'first', 65),
	(1251, 'زينب مهند مهدي صالح', '', '2000-01-01', 2, NULL, 111, 11, 1, 434, 2024, 'morning', NULL, 'first', 69),
	(1252, 'اديان عباس محمد طاهر', '', '2000-01-01', 2, NULL, 111, 12, 1, 435, 2024, 'morning', NULL, 'first', 61),
	(1253, 'ميادة محمد ابراهيم خاطر', '', '2000-01-01', 2, NULL, 111, 11, 1, 427, 2023, 'morning', NULL, 'first', 66),
	(1254, 'نور الزهراء صادق زريجي عوده', '', '2000-01-01', 2, NULL, 111, 12, 1, 435, 2024, 'morning', NULL, 'first', 62),
	(1255, 'علي محسن شاكر حسين', '', '2000-01-01', 2, NULL, 111, 12, 1, 426, 2023, 'morning', NULL, 'first', 61),
	(1256, 'فاطمة كاظم قادر درويش', '', '2000-01-01', 2, NULL, 111, 12, 1, 435, 2024, 'morning', NULL, 'first', 63),
	(1257, 'فاطمه سالم جميل رجب', '', '2000-01-01', 2, NULL, 111, 11, 1, 427, 2023, 'morning', NULL, 'first', 75),
	(1258, 'امنة مصطفى شفيق حسن', '', '2000-01-01', 2, NULL, 111, 11, 1, 429, 2023, 'evening', NULL, 'first', 60),
	(1259, 'علا ناظم فاضل خضير', '', '2000-01-01', 2, NULL, 111, 12, 1, 435, 2024, 'morning', NULL, 'first', 64),
	(1260, 'اخلاص لفته شنابه بعير', '', '2000-01-01', 2, NULL, 111, 12, 1, 435, 2024, 'morning', NULL, 'first', 67),
	(1261, 'زينب عزيز هاشم غياض', '', '2000-01-01', 2, NULL, 111, 11, 1, 427, 2023, 'morning', NULL, 'first', 63),
	(1262, 'رقية اسعد كامل مطرود', '', '2000-01-01', 2, NULL, 111, 12, 1, 394, 2023, 'morning', NULL, 'first', 58),
	(1263, 'زهراء جاسم جوحي خنوبة', '', '2000-01-01', 2, NULL, 111, 11, 1, 436, 2024, 'evening', NULL, 'first', 65),
	(1264, 'منتظر ماجد محمد ياسين', '', '2000-01-01', 2, NULL, 111, 12, 1, 430, 2023, 'evening', NULL, 'first', 63),
	(1265, 'جواد كاظم عبد الرزاق فهيد', 'JAWAD KADHIM ABDULRAZZAQ UTUB', '2000-01-01', 2, NULL, 111, 11, 1, 436, 2024, 'evening', NULL, 'first', 70),
	(1266, 'فاطمه عمار عبد السلام عبد الغفور', '', '2000-01-01', 2, NULL, 111, 11, 1, 393, 2023, 'morning', NULL, 'first', 61),
	(1267, 'ايات رشيد مجيد عبدالنبي', '', '2000-01-01', 2, NULL, 111, 11, 1, 393, 2023, 'morning', NULL, 'first', 61),
	(1268, 'عبدالعزيز ماجد حافظ عبد ال', '', '2000-01-01', 2, NULL, 111, 11, 1, 419, 2022, 'evening', NULL, 'first', 70),
	(1269, 'ياسمين عبد الكريم حسين محمد', '', '2000-01-01', 2, NULL, 111, 11, 1, 434, 2024, 'morning', NULL, 'first', 59),
	(1270, 'بتول خالد عبد الواحد كريم', '', '2000-01-01', 2, NULL, 111, 12, 1, 435, 2024, 'morning', NULL, 'first', 70),
	(1271, 'محمد عقيل عبد الحسين حمد', '', '2000-01-01', 2, NULL, 111, 11, 1, 429, 2023, 'evening', NULL, 'first', 61),
	(1272, 'تبارك شاكر عبدلله خنجر', '', '2000-01-01', 2, NULL, 111, 11, 1, 436, 2024, 'evening', NULL, 'first', 60),
	(1273, 'فاطمة علاء عبد الحسن عبد الكريم', '', '2000-01-01', 2, NULL, 111, 12, 1, 435, 2024, 'morning', NULL, 'first', 59),
	(1274, 'حسن عباس احمد عبيد', '', '2000-01-01', 2, NULL, 111, 12, 1, 437, 2024, 'evening', NULL, 'first', 59),
	(1275, 'تبارك عبدالحسين رهيف خلف', '', '2000-01-01', 2, NULL, 111, 11, 1, 436, 2024, 'evening', NULL, 'first', 59),
	(1276, 'حسين حسج شوقي عبد علي', '', '2000-01-01', 2, NULL, 111, 11, 1, 436, 2024, 'evening', NULL, 'first', 65),
	(1277, 'رونق خالد عبد اللطيف شهاب', '', '2000-01-01', 2, NULL, 111, 11, 1, 434, 2024, 'morning', NULL, 'first', 64),
	(1278, 'حوراء موسى عبد السيد علي', '', '2000-01-01', 2, NULL, 111, 11, 1, 421, 2022, 'morning', NULL, 'first', 65),
	(1279, 'زهراء اكرم جاسم محمد جاسم', '', '2000-01-01', 2, NULL, 111, 11, 1, 434, 2024, 'morning', NULL, 'first', 71),
	(1280, 'زهراء علي نعمه رمضان', '', '2000-01-01', 2, NULL, 111, 12, 1, 426, 2023, 'morning', NULL, 'first', 60),
	(1281, 'شمس حازم تاج هاشم', '', '2000-01-01', 2, NULL, 111, 12, 1, 435, 2024, 'morning', NULL, 'first', 76),
	(1282, 'حنين محمد جاسم عودة', '', '2000-01-01', 2, NULL, 111, 12, 1, 426, 2023, 'morning', NULL, 'first', 60),
	(1283, 'طفوف كريم عادل عيسى', '', '2000-01-01', 2, NULL, 111, 12, 1, 435, 2024, 'morning', NULL, 'first', 58),
	(1284, 'هناء محمود جاسم محمد علي', '', '2000-01-01', 2, NULL, 111, 11, 1, 434, 2024, 'morning', NULL, 'first', 68),
	(1285, 'حنين علي لعيبي فليح', '', '2000-01-01', 2, NULL, 111, 11, 1, 434, 2024, 'morning', NULL, 'first', 62),
	(1286, 'حنان عدي فيصل محسن', '', '2000-01-01', 2, NULL, 111, 11, 1, 434, 2024, 'morning', NULL, 'first', 66),
	(1287, 'محمد عماد صالح عباس', '', '2000-01-01', 2, NULL, 111, 12, 1, 437, 2024, 'evening', NULL, 'first', 56),
	(1288, 'منتظر عبدالوهاب عبدالرزاق جبار', '', '2000-01-01', 2, NULL, 111, 11, 1, 436, 2024, 'evening', NULL, 'first', 59),
	(1289, 'احمد عماد جاسم محمد', '', '2000-01-01', 2, NULL, 111, 12, 1, 435, 2024, 'morning', NULL, 'first', 62),
	(1290, 'سجاد احمد كاظم محمود', '', '2000-01-01', 2, NULL, 111, 11, 1, 429, 2023, 'evening', NULL, 'first', 59),
	(1291, 'الاء عبد الجواد امين محمد', '', '2000-01-01', 2, NULL, 111, 12, 1, 394, 2023, 'morning', NULL, 'first', 61),
	(1292, 'كرار جهاد عبدالرضا عبد السيد', '', '2000-01-01', 2, NULL, 111, 11, 1, 434, 2024, 'morning', NULL, 'first', 75),
	(1293, 'حسن احمد قاسم سلمان', '', '2000-01-01', 2, NULL, 111, 11, 1, 434, 2024, 'morning', NULL, 'first', 60),
	(1294, 'بهاء تحسين عواد وادي', '', '2000-01-01', 2, NULL, 111, 11, 1, 434, 2024, 'morning', NULL, 'first', 69),
	(1295, 'كاظم احمد شنت عاشور', '', '2000-01-01', 2, NULL, 111, 11, 1, 434, 2024, 'morning', NULL, 'first', 63),
	(1296, 'ابراهيم عبد الزهرة محمد سلمان', '', '2000-01-01', 2, NULL, 111, 12, 1, 437, 2024, 'evening', NULL, 'first', 58),
	(1297, 'احمد وليد عبدالرزاق خالد', '', '2000-01-01', 2, NULL, 111, 12, 1, 430, 2023, 'evening', NULL, 'first', 59),
	(1298, 'محمد شرف عبد الجليل شرف', '', '2000-01-01', 2, NULL, 111, 12, 1, 437, 2024, 'evening', NULL, 'first', 62),
	(1299, 'فجر شرف عبدالجليل شرف', '', '2000-01-01', 2, NULL, 111, 11, 1, 425, 2023, 'evening', NULL, 'first', 65),
	(1300, 'محمد عبدالرحمن درويش عبيد', '', '2000-01-01', 2, NULL, 111, 11, 1, 436, 2024, 'evening', NULL, 'first', 63),
	(1301, 'سجى اكرم عبدالحسين خالد', '', '2000-01-01', 2, NULL, 111, 11, 1, 425, 2023, 'evening', NULL, 'first', 78),
	(1302, 'فراس جميل عبدالشهيد نعمه', '', '2000-01-01', 2, NULL, 111, 12, 1, 428, 2023, 'evening', NULL, 'first', 64),
	(1303, 'علي احمد جاسم محمد', '', '2000-01-01', 2, NULL, 111, 11, 1, 436, 2024, 'evening', NULL, 'first', 72),
	(1304, 'زينب مفيد عبدالعظيم قاسم', '', '2000-01-01', 2, NULL, 111, 12, 1, 426, 2023, 'morning', NULL, 'first', 59),
	(1305, 'علي سعود حريجة راضي', '', '2000-01-01', 2, NULL, 111, 11, 1, 439, 2024, 'evening', NULL, 'first', 58),
	(1306, 'تبارك محمد شاكر كزار', '', '2000-01-01', 2, NULL, 111, 11, 1, 440, 2024, 'morning', NULL, 'first', 59),
	(1307, 'سجى هيثم شاكر عبد الرزاق', '', '2000-01-01', 2, NULL, 111, 11, 1, 427, 2023, 'morning', NULL, 'first', 66),
	(1308, 'حوراء راضي سوادي عبد', '', '2000-01-01', 2, NULL, 111, 11, 1, 434, 2024, 'morning', NULL, 'first', 66),
	(1309, 'زين العابدين اسعد عبدالكريم عبدالحسن', '', '2000-01-01', 2, NULL, 111, 11, 1, 393, 2023, 'morning', NULL, 'first', 59),
	(1310, 'ياسين رضا ابراهيم كحيط', '', '2000-01-01', 2, NULL, 111, 11, 1, 440, 2024, 'morning', NULL, 'first', 58),
	(1311, 'حسين نجاح شعبان هاشم', '', '2000-01-01', 2, NULL, 111, 11, 1, 436, 2024, 'evening', NULL, 'first', 80),
	(1312, 'حسن فالح حسن عبود', '', '2000-01-01', 2, NULL, 111, 12, 1, 428, 2023, 'evening', NULL, 'first', 71),
	(1313, 'حسين عبدالكريم سلمان داود', '', '2000-01-01', 2, NULL, 111, 12, 1, 430, 2023, 'evening', NULL, 'first', 65),
	(1314, 'نجم الدين تحسين نجم عبد', '', '2000-01-01', 2, NULL, 111, 12, 1, 426, 2023, 'morning', NULL, 'first', 61),
	(1315, 'سبأ فياض حنون علاو', '', '2000-01-01', 2, NULL, 111, 11, 1, 427, 2023, 'morning', NULL, 'first', 65),
	(1316, 'زينب خليل غالي جاسم', '', '2000-01-01', 2, NULL, 111, 11, 1, 427, 2023, 'morning', NULL, 'first', 73),
	(1317, 'نور فؤاد سالم محمد', '', '2000-01-01', 2, NULL, 111, 12, 1, 426, 2023, 'morning', NULL, 'first', 63),
	(1318, 'زينب رجوان عبد الامير علوان', '', '2000-01-01', 2, NULL, 111, 11, 1, 427, 2023, 'morning', NULL, 'first', 60),
	(1319, 'عمر خالد جميل عبد الحليم', '', '2000-01-01', 2, NULL, 111, 11, 1, 434, 2024, 'morning', NULL, 'first', 64),
	(1320, 'خديجة اركان عدنان حسن', '', '2000-01-01', 2, NULL, 111, 11, 1, 440, 2024, 'morning', NULL, 'first', 58),
	(1321, 'يعقوب مازن صالح عبادي', '', '2000-01-01', 2, NULL, 111, 12, 1, 426, 2023, 'morning', NULL, 'first', 61),
	(1322, 'مريم مهنه عبدالباري هاني', '', '2000-01-01', 2, NULL, 111, 12, 1, 435, 2024, 'morning', NULL, 'first', 68),
	(1323, 'محمد كريم موسى طاهر', '', '2000-01-01', 2, NULL, 111, 11, 1, 429, 2023, 'evening', NULL, 'first', 59),
	(1324, 'محمد خالد عبدالحميد عبدالكريم', '', '2000-01-01', 2, NULL, 111, 12, 1, 438, 2024, 'evening', NULL, 'first', 59),
	(1325, 'زهراء علي عاصي محسن', '', '2000-01-01', 2, NULL, 111, 11, 1, 434, 2024, 'morning', NULL, 'first', 73),
	(1326, 'يقين كاظم لازم صالح', '', '2000-01-01', 2, NULL, 111, 12, 1, 394, 2023, 'morning', NULL, 'first', 58),
	(1327, 'غسق قاسم جاسم محمد', '', '2000-01-01', 2, NULL, 111, 12, 1, 435, 2024, 'morning', NULL, 'first', 59),
	(1328, 'محمد عبدالنبي غالب حسين', '', '2000-01-01', 2, NULL, 111, 12, 1, 435, 2024, 'morning', NULL, 'first', 71),
	(1329, 'علي محمد عبدالرسول عبود', '', '2000-01-01', 2, NULL, 111, 11, 1, 440, 2024, 'morning', NULL, 'first', 59),
	(1330, 'سجاد عقيل يعقوب مذخور', '', '2000-01-01', 2, NULL, 111, 12, 1, 435, 2024, 'morning', NULL, 'first', 57),
	(1331, 'زينب زهير عبد الصاحب عبد المهدي', '', '2000-01-01', 2, NULL, 111, 11, 1, 427, 2023, 'morning', NULL, 'first', 67),
	(1332, 'زينب شاكر عبدالامير عباس', '', '2000-01-01', 2, NULL, 111, 11, 1, 436, 2024, 'evening', NULL, 'first', 62),
	(1333, 'منار عبد الرحيم عبد الواحد خضير', '', '2000-01-01', 2, NULL, 111, 12, 1, 437, 2024, 'evening', NULL, 'first', 56),
	(1334, 'هدى فرحان ثجيل منشد', '', '2000-01-01', 2, NULL, 111, 11, 1, 427, 2023, 'morning', NULL, 'first', 71),
	(1335, 'ساره وجدي عطية خضير', '', '2000-01-01', 2, NULL, 111, 11, 1, 434, 2024, 'morning', NULL, 'first', 76),
	(1336, 'بتول ابراهيم طالب محمد', '', '2000-01-01', 2, NULL, 111, 12, 1, 435, 2024, 'morning', NULL, 'first', 72),
	(1337, 'لينة وسام صالح جبار', '', '2000-01-01', 2, NULL, 111, 12, 1, 426, 2023, 'morning', NULL, 'first', 61),
	(1338, 'فاطمه محمد عبد الرحمن عبد المجيد', '', '2000-01-01', 2, NULL, 111, 12, 1, 435, 2024, 'morning', NULL, 'first', 60),
	(1339, 'مريم محمد منان داغر', '', '2000-01-01', 2, NULL, 111, 12, 1, 441, 2024, 'morning', NULL, 'first', 58),
	(1340, 'فاطمه وميض علي حميد', '', '2000-01-01', 2, NULL, 111, 12, 1, 435, 2024, 'morning', NULL, 'first', 60),
	(1341, 'محمد عمار عبدالقادر عاتي', '', '2000-01-01', 2, NULL, 111, 11, 1, 436, 2024, 'evening', NULL, 'first', 60),
	(1342, 'علي داود سلمان فرج', '', '2000-01-01', 2, NULL, 111, 11, 1, 429, 2023, 'evening', NULL, 'first', 65),
	(1343, 'ضياء محمد خلف صابط', '', '2000-01-01', 2, NULL, 111, 12, 1, 438, 2024, 'evening', NULL, 'first', 61),
	(1344, 'نور الهدى ضياء خلف كاطع', '', '2000-01-01', 2, NULL, 111, 11, 1, 440, 2024, 'morning', NULL, 'first', 67),
	(1345, 'فاطمة نبيل جميل جاسم', '', '2000-01-01', 2, NULL, 111, 11, 1, 440, 2024, 'morning', NULL, 'first', 61),
	(1346, 'معصومة ناظم عزيز شيحان', '', '2000-01-01', 2, NULL, 111, 12, 1, 437, 2024, 'evening', NULL, 'first', 58),
	(1347, 'ابراهيم ثائر فاضل يوسف', '', '2000-01-01', 2, NULL, 111, 12, 1, 438, 2024, 'evening', NULL, 'first', 58),
	(1348, 'علي ضياء هاشم صالح', '', '2000-01-01', 2, NULL, 111, 12, 1, 438, 2024, 'evening', NULL, 'first', 60),
	(1349, 'احمد عمار عباس عبدالرضا', '', '2000-01-01', 2, NULL, 111, 11, 1, 434, 2024, 'morning', NULL, 'first', 56),
	(1350, 'زينب حيدر عبد النبي كريم', '', '2000-01-01', 2, NULL, 111, 11, 1, 436, 2024, 'evening', NULL, 'first', 56),
	(1351, 'فاطمة موزان مدلول علك', '', '2000-01-01', 2, NULL, 111, 11, 1, 440, 2024, 'morning', NULL, 'first', 58),
	(1352, 'نورا محمد جاسم محمد', '', '2000-01-01', 2, NULL, 111, 12, 1, 438, 2024, 'evening', NULL, 'first', 58),
	(1353, 'حبيب عبدالمنعم عبدالرحمن مبارك', '', '2000-01-01', 2, NULL, 111, 12, 1, 428, 2023, 'evening', NULL, 'first', 67),
	(1354, 'زهراء علي ابراهيم علي', '', '2000-01-01', 2, NULL, 111, 12, 1, 435, 2024, 'morning', NULL, 'first', 62),
	(1355, 'فاطمة احمد بستان عبود', '', '2000-01-01', 2, NULL, 111, 11, 1, 427, 2023, 'morning', NULL, 'first', 64),
	(1356, 'براء وليد عبد الجبار عبد الحسن', '', '2000-01-01', 2, NULL, 111, 11, 1, 427, 2023, 'morning', NULL, 'first', 67),
	(1357, 'علا حميد سعيد حميدي', '', '2000-01-01', 2, NULL, 111, 12, 1, 426, 2023, 'morning', NULL, 'first', 61),
	(1358, 'رحاب طالب عبد النبي حنون', '', '2000-01-01', 2, NULL, 111, 11, 1, 427, 2023, 'morning', NULL, 'first', 60),
	(1359, 'عباس احمد كاظم احمد', '', '2000-01-01', 2, NULL, 111, 12, 1, 435, 2024, 'morning', NULL, 'first', 68),
	(1360, 'حسين بهجت عبد الواحد كريم', '', '2000-01-01', 2, NULL, 111, 12, 1, 437, 2024, 'evening', NULL, 'first', 62),
	(1361, 'كرار باسم عبدلله شلال', '', '2000-01-01', 2, NULL, 111, 11, 1, 439, 2024, 'evening', NULL, 'first', 56),
	(1362, 'سجاد فرج مجيد زوير', '', '2000-01-01', 2, NULL, 111, 12, 1, 437, 2024, 'evening', NULL, 'first', 61),
	(1363, 'علي حسن عبد الرسول كاطع', '', '2000-01-01', 2, NULL, 111, 12, 1, 435, 2024, 'morning', NULL, 'first', 66),
	(1364, 'ساره علي كاظم حسن', '', '2000-01-01', 2, NULL, 111, 11, 1, 439, 2024, 'evening', NULL, 'first', 58),
	(1365, 'زينب حسني عبد الحسين سلمان', '', '2000-01-01', 2, NULL, 111, 11, 1, 417, 2022, 'morning', NULL, 'first', 68),
	(1366, 'ضرغام علاء كاظم مكطوف', '', '2000-01-01', 2, NULL, 111, 12, 1, 438, 2024, 'evening', NULL, 'first', 56),
	(1367, 'محمد محمود عبد الحسين محمد', '', '2000-01-01', 2, NULL, 111, 12, 1, 435, 2024, 'morning', NULL, 'first', 56),
	(1368, 'حسن محمد شرهان حساني', 'HASAN MOHAMMED SHARHAN', '2000-01-01', 2, NULL, 111, 11, 1, 434, 2024, 'morning', NULL, 'first', 64),
	(1369, 'نورالهدى محمد جاسم حمادي', '', '2000-01-01', 2, NULL, 111, 11, 1, 434, 2024, 'morning', NULL, 'first', 61),
	(1370, 'محمد احمد عدنان حمزة', '', '2000-01-01', 2, NULL, 111, 12, 1, 437, 2024, 'evening', NULL, 'first', 58),
	(1371, 'فاطمة نصير خزعل زناد', '', '2000-01-01', 2, NULL, 111, 11, 1, 427, 2023, 'morning', NULL, 'first', 68),
	(1372, 'حسين عدنان شرشاب عبدالحليم', '', '2000-01-01', 2, NULL, 111, 12, 1, 438, 2024, 'evening', NULL, 'first', 72),
	(1373, 'علي محمد ناصر سلمان', '', '2000-01-01', 2, NULL, 111, 11, 1, 429, 2023, 'evening', NULL, 'first', 64),
	(1374, 'حيدر احمد كاظم كزار', '', '2000-01-01', 2, NULL, 111, 12, 1, 426, 2023, 'morning', NULL, 'first', 61),
	(1375, 'محمد سالم شاكر جليل', '', '2000-01-01', 2, NULL, 111, 12, 1, 435, 2024, 'morning', NULL, 'first', 62),
	(1376, 'عبد الهادي جواد كاظم عزيز', '', '2000-01-01', 2, NULL, 111, 12, 1, 437, 2024, 'evening', NULL, 'first', 58),
	(1377, 'فاطمة مضر ناصر حسين', '', '2000-01-01', 2, NULL, 111, 11, 1, 440, 2024, 'morning', NULL, 'first', 62),
	(1378, 'نبأ مؤيد عبد الواحد حمود', '', '2000-01-01', 2, NULL, 111, 11, 1, 440, 2024, 'morning', NULL, 'first', 58),
	(1379, 'فاطمه فرحان عبيد كريم', '', '2000-01-01', 2, NULL, 111, 11, 1, 440, 2024, 'morning', NULL, 'first', 58),
	(1380, 'فاطمة جواد كاظم عبدالحسين', '', '2000-01-01', 2, NULL, 111, 11, 1, 439, 2024, 'evening', NULL, 'first', 59),
	(1381, 'خديجة محمود عبد الوهاب عباس', '', '2000-01-01', 2, NULL, 111, 12, 1, 435, 2024, 'morning', NULL, 'first', 75),
	(1382, 'ملاك مهند شريف حسين', '', '2000-01-01', 2, NULL, 111, 12, 1, 435, 2024, 'morning', NULL, 'first', 73),
	(1383, 'احمد عبد الأمير عبود عبد النبي', 'AHMED ABDULAMEER ABBOOD AL-ALI', '2000-01-01', 2, NULL, 111, 12, 1, 435, 2024, 'morning', NULL, 'first', 58),
	(1384, 'زينب حسين ذجر سالم', '', '2000-01-01', 2, NULL, 111, 11, 1, 434, 2024, 'morning', NULL, 'first', 73),
	(1385, 'حوراء طاهر منصور وادي', '', '2000-01-01', 2, NULL, 111, 12, 1, 435, 2024, 'morning', NULL, 'first', 66),
	(1386, 'احمد عبدالله نجم عبود', '', '2000-01-01', 2, NULL, 111, 11, 1, 436, 2024, 'evening', NULL, 'first', 60),
	(1387, 'محمد محمود عدنان محمد', '', '2000-01-01', 2, NULL, 111, 12, 1, 435, 2024, 'morning', NULL, 'first', 61),
	(1388, 'نور الهدى رائد جبار ساري', '', '2000-01-01', 2, NULL, 111, 11, 1, 440, 2024, 'morning', NULL, 'first', 63),
	(1389, 'بنين جواد كاظم والي', '', '2000-01-01', 2, NULL, 111, 11, 1, 440, 2024, 'morning', NULL, 'first', 55),
	(1390, 'علي حسين علي مجيد', '', '2000-01-01', 2, NULL, 111, 12, 1, 430, 2023, 'evening', NULL, 'first', 56),
	(1391, 'نور رائد كامل عبيد', '', '2000-01-01', 2, NULL, 111, 11, 1, 434, 2024, 'morning', NULL, 'first', 64),
	(1392, 'بنين سامي سمير جري', '', '2000-01-01', 2, NULL, 111, 11, 1, 427, 2023, 'morning', NULL, 'first', 62),
	(1393, 'مريم عباس عبدالامير علي', '', '2000-01-01', 2, NULL, 111, 11, 1, 439, 2024, 'evening', NULL, 'first', 57),
	(1394, 'علي منذر عبود شغيت', 'ALI MUNDHER ABBOOD ALJBARA', '2000-01-01', 2, NULL, 111, 12, 1, 435, 2024, 'morning', NULL, 'first', 67),
	(1395, 'محمد حميد شاتي خضير', '', '2000-01-01', 2, NULL, 111, 11, 1, 440, 2024, 'morning', NULL, 'first', 59),
	(1396, 'احمد صادق عبدلله حسن', '', '2000-01-01', 2, NULL, 111, 12, 1, 409, 2021, 'morning', NULL, 'first', 68),
	(1397, 'زينب فائز عذافه خشجوري', '', '2000-01-01', 2, NULL, 111, 11, 1, 393, 2023, 'morning', NULL, 'first', 59),
	(1398, 'نشوان محمد عبدالرضا عبدالساده', '', '2000-01-01', 2, NULL, 111, 12, 1, 435, 2024, 'morning', NULL, 'first', 59),
	(1399, 'ايمان فاضل عبدالرضا عبد مبارك', '', '2000-01-01', 2, NULL, 111, 11, 1, 440, 2024, 'morning', NULL, 'first', 57),
	(1400, 'نهال رياض كاظم فياض', '', '2000-01-01', 2, NULL, 111, 12, 1, 435, 2024, 'morning', NULL, 'first', 58),
	(1401, 'زين الدين احمد خميس حبيب', '', '2000-01-01', 2, NULL, 111, 11, 1, 421, 2022, 'morning', NULL, 'first', 60),
	(1402, 'رباب عبد الكريم محمد سدخان', '', '2000-01-01', 2, NULL, 111, 12, 1, 420, 2022, 'morning', NULL, 'first', 56),
	(1403, 'ضحى مصطفى حمدان ناصر', '', '2000-01-01', 2, NULL, 111, 12, 1, 394, 2023, 'morning', NULL, 'first', 62),
	(1404, 'حسين وليد نجم عبدلله', '', '2000-01-01', 2, NULL, 111, 11, 1, 421, 2022, 'morning', NULL, 'first', 60),
	(1405, 'حسين سعد محمد حسين', '', '2000-01-01', 2, NULL, 111, 11, 1, 439, 2024, 'evening', NULL, 'first', 57),
	(1406, 'محمد عقيل محمد علي عبود', '', '2000-01-01', 2, NULL, 111, 11, 1, 436, 2024, 'evening', NULL, 'first', 59),
	(1407, 'علي مصطفى خضير عباس', '', '2000-01-01', 2, NULL, 111, 11, 1, 440, 2024, 'morning', NULL, 'first', 58),
	(1408, 'رضا مهند طالب علي', '', '2000-01-01', 2, NULL, 111, 11, 1, 427, 2023, 'morning', NULL, 'first', 60),
	(1409, 'فاطمه اياد عبدالكريم محمد', '', '2000-01-01', 2, NULL, 111, 12, 1, 441, 2024, 'morning', NULL, 'first', 57),
	(1410, 'زيد حيدر علي عبدالله', 'ZAID HAYDER  ALI  AL-KANAN', '2000-01-01', 2, NULL, 111, 11, 1, 425, 2023, 'evening', NULL, 'first', 59),
	(1411, 'زهراء سلمان عبد الرزاق عيسى', '', '2000-01-01', 2, NULL, 111, 11, 1, 440, 2024, 'morning', NULL, 'first', 62),
	(1412, 'زهراء سلمان عباس جودة', '', '2000-01-01', 2, NULL, 111, 11, 1, 440, 2024, 'morning', NULL, 'first', 59),
	(1413, 'زهراء امجد محمد عبد الله', '', '2000-01-01', 2, NULL, 111, 12, 1, 435, 2024, 'morning', NULL, 'first', 60),
	(1414, 'هدى باسم محمد عبود', 'HUDA BASIM MOHAMMED ALOSFUR', '2000-01-01', 2, NULL, 111, 12, 1, 394, 2023, 'morning', NULL, 'first', 66),
	(1415, 'حوراء عقيل فهد سعيد', '', '2000-01-01', 2, NULL, 111, 12, 1, 435, 2024, 'morning', NULL, 'first', 63),
	(1416, 'حوراء عبد علي علوان صبيح', '', '2000-01-01', 2, NULL, 111, 11, 1, 439, 2024, 'evening', NULL, 'first', 58),
	(1417, 'منتظر سعد كاظم محمد', '', '2000-01-01', 2, NULL, 111, 12, 1, 438, 2024, 'evening', NULL, 'first', 59),
	(1418, 'فاطمه حميد حنون جاسم', '', '2000-01-01', 2, NULL, 111, 12, 1, 426, 2023, 'morning', NULL, 'first', 59),
	(1419, 'علي حسن حمزة نجم', '', '2000-01-01', 2, NULL, 111, 11, 1, 440, 2024, 'morning', NULL, 'first', 61),
	(1420, 'سكينة ميثم جواد إبراهيم', '', '2000-01-01', 2, NULL, 111, 12, 1, 441, 2024, 'morning', NULL, 'first', 64),
	(1421, 'امنة مصطفى احمد مصطفى', '', '2000-01-01', 2, NULL, 111, 12, 1, 435, 2024, 'morning', NULL, 'first', 69),
	(1422, 'ام البنين عباس صالح عرب', '', '2000-01-01', 2, NULL, 111, 12, 1, 435, 2024, 'morning', NULL, 'first', 59),
	(1423, 'حوراء كريم حمود كاظم', '', '2000-01-01', 2, NULL, 111, 12, 1, 426, 2023, 'morning', NULL, 'first', NULL),
	(1424, 'محمد ظاهر محبس لفته', '', '2000-01-01', 2, NULL, 111, 11, 1, 434, 2024, 'morning', NULL, 'first', 62),
	(1425, 'زينب فالح حسن فرج', '', '2000-01-01', 2, NULL, 111, 11, 1, 440, 2024, 'morning', NULL, 'first', 57),
	(1426, 'في عيسى عبد الحسين ابراهيم', '', '2000-01-01', 2, NULL, 111, 11, 1, 440, 2024, 'morning', NULL, 'first', 61),
	(1427, 'رضا حبيب مزبان مجلي', '', '2000-01-01', 2, NULL, 111, 11, 1, 440, 2024, 'morning', NULL, 'first', 58),
	(1428, 'حسين عبد الساده شهاب صيهود', '', '2000-01-01', 2, NULL, 111, 11, 1, 434, 2024, 'morning', NULL, 'first', 62),
	(1429, 'كوثر جاسم فريد شنشول', '', '2000-01-01', 2, NULL, 111, 11, 1, 434, 2024, 'morning', NULL, 'first', 76),
	(1430, 'بنين حسن توفيق كريم', '', '2000-01-01', 2, NULL, 111, 11, 1, 427, 2023, 'morning', NULL, 'first', 65),
	(1431, 'هدى محمد جواد كريم', '', '2000-01-01', 2, NULL, 111, 11, 1, 439, 2024, 'evening', NULL, 'first', 57),
	(1432, 'هدى عبدالجبار مهنا خميس', '', '2000-01-01', 2, NULL, 111, 11, 1, 393, 2020, 'morning', NULL, 'first', 68),
	(1433, 'اطياف صلاح محمد فرج', '', '2000-01-01', 2, NULL, 111, 12, 1, 435, 2024, 'morning', NULL, 'first', 61),
	(1434, 'محمد إيهاب اسعد عبد الحسين', 'MOHAMMED IHAB ASAAD HASAIN', '2000-01-01', 2, NULL, 111, 12, 1, 435, 2024, 'morning', NULL, 'first', 56),
	(1435, 'زهراء تحسين حميد عبدالحسين', '', '2000-01-01', 2, NULL, 111, 11, 1, 434, 2024, 'morning', NULL, 'first', 77),
	(1436, 'بنين سعد غضبان عبدالكريم', '', '2000-01-01', 2, NULL, 111, 12, 1, 435, 2024, 'morning', NULL, 'first', 63),
	(1437, 'مريم فليح حسن ناصر', '', '2000-01-01', 2, NULL, 111, 11, 1, 434, 2024, 'morning', NULL, 'first', 63),
	(1438, 'نادين علاء حسين علي', '', '2000-01-01', 2, NULL, 111, 11, 1, 436, 2024, 'evening', NULL, 'first', 72),
	(1439, 'هديل كريم عذاب كوبان', '', '2000-01-01', 2, NULL, 111, 12, 1, 435, 2024, 'morning', NULL, 'first', 65),
	(1440, 'فاطمه شاكر غازي فيصل', '', '2000-01-01', 2, NULL, 111, 11, 1, 427, 2023, 'morning', NULL, 'first', 65),
	(1441, 'احمد فوزي عيسى مويح', '', '2000-01-01', 2, NULL, 111, 11, 1, 421, 2022, 'morning', NULL, 'first', 57),
	(1442, 'محمد عماد عبد الاله مانع', '', '2000-01-01', 2, NULL, 111, 11, 1, 440, 2024, 'morning', NULL, 'first', 58),
	(1443, 'عبد العظيم صادق حسين مران', '', '2000-01-01', 2, NULL, 111, 12, 1, 420, 2022, 'morning', NULL, 'first', 64),
	(1444, 'محمد حسين جواد حسين', '', '2000-01-01', 2, NULL, 111, 11, 1, 436, 2024, 'evening', NULL, 'first', 58),
	(1445, 'علي كرم مسافر كرم', '', '2000-01-01', 2, NULL, 111, 11, 1, 436, 2024, 'evening', NULL, 'first', 78),
	(1446, 'هدى عبدالحسين صالح صبيح', '', '2000-01-01', 2, NULL, 111, 11, 1, 434, 2024, 'morning', NULL, 'first', 79),
	(1447, 'ابو الحسن حردان سعدون زعبول', '', '2000-01-01', 2, NULL, 111, 11, 1, 440, 2024, 'morning', NULL, 'first', 61),
	(1448, 'زهراء مهند صدام خلف', '', '2000-01-01', 2, NULL, 111, 12, 1, 426, 2023, 'morning', NULL, 'first', 60),
	(1449, 'حسين هاشم نجم عبدالله', '', '2000-01-01', 2, NULL, 111, 12, 1, 416, 2022, 'morning', NULL, 'first', 68),
	(1450, 'شهد رزاق هاشم بكر', '', '2000-01-01', 2, NULL, 111, 12, 1, 435, 2024, 'morning', NULL, 'first', 55),
	(1451, 'آسر محمد حسين محمد', '', '2000-01-01', 2, NULL, 111, 12, 1, 426, 2023, 'morning', NULL, 'first', 61),
	(1452, 'فاطمه صلاح مجيد عزيز', '', '2000-01-01', 2, NULL, 111, 12, 1, 435, 2024, 'morning', NULL, 'first', 66),
	(1453, 'بنين فاضل اسماعيل شمندل', '', '2000-01-01', 2, NULL, 111, 11, 1, 427, 2023, 'morning', NULL, 'first', 68),
	(1454, 'زهراء مجيد حسن هيجل', '', '2000-01-01', 2, NULL, 111, 11, 1, 436, 2024, 'evening', NULL, 'first', 60),
	(1455, 'فاطمة عماد عبداللطيف مطشر', '', '2000-01-01', 2, NULL, 111, 12, 1, 435, 2024, 'morning', NULL, 'first', 71),
	(1456, 'فاطمة محي رضيو غيلان', '', '2000-01-01', 2, NULL, 111, 12, 1, 394, 2023, 'morning', NULL, 'first', 57),
	(1457, 'مريم عبدلله حسين كاظم', '', '2000-01-01', 2, NULL, 111, 12, 1, 394, 2023, 'morning', NULL, 'first', 58),
	(1458, 'هدى باسم ناظم كاطع', '', '2000-01-01', 2, NULL, 111, 11, 1, 434, 2024, 'morning', NULL, 'first', 58),
	(1459, 'اساور علي حسين عويد', '', '2000-01-01', 2, NULL, 111, 12, 1, 435, 2024, 'morning', NULL, 'first', 63),
	(1460, 'حسين عباس قاطع دخان', '', '2000-01-01', 2, NULL, 111, 12, 1, 426, 2023, 'morning', NULL, 'first', 70),
	(1461, 'رقية تحسين علي سالم كاظم', '', '2000-01-01', 2, NULL, 111, 11, 1, 434, 2024, 'morning', NULL, 'first', 71),
	(1462, 'الهام سعيد حمزه مجيد', '', '2000-01-01', 2, NULL, 111, 11, 1, 434, 2024, 'morning', NULL, 'first', 62),
	(1463, 'حوراء جواد كاظم جارح', '', '2000-01-01', 2, NULL, 111, 11, 1, 400, 2020, 'evening', NULL, 'first', 70),
	(1464, 'امنة علي حسين هويدي', '', '2000-01-01', 2, NULL, 111, 12, 1, 435, 2024, 'morning', NULL, 'first', 61),
	(1465, 'زهراء جعفر محمد جابر', '', '2000-01-01', 2, NULL, 111, 11, 1, 434, 2024, 'morning', NULL, 'first', 69),
	(1466, 'حنين طلال موحان مصاول', '', '2000-01-01', 2, NULL, 111, 11, 1, 434, 2024, 'morning', NULL, 'first', 64),
	(1467, 'عذراء دريد أحمد عبد', '', '2000-01-01', 2, NULL, 111, 11, 1, 427, 2023, 'morning', NULL, 'first', 68),
	(1468, 'مريم كامل بادي حسين', '', '2000-01-01', 2, NULL, 111, 12, 1, 441, 2024, 'morning', NULL, 'first', 58),
	(1469, 'موسى الكاظم عطا لله نعمه كليب', '', '2000-01-01', 2, NULL, 111, 12, 1, 441, 2024, 'morning', NULL, 'first', 52),
	(1470, 'غدير مهند صبيح سلمان', '', '2000-01-01', 2, NULL, 111, 12, 1, 435, 2024, 'morning', NULL, 'first', 60),
	(1471, 'عبد العزيز محمود ابراهيم', '', '2000-01-01', 2, NULL, 111, 12, 1, 435, 2024, 'morning', NULL, 'first', 62),
	(1472, 'حسين يعقوب يوسف عبد النبي', '', '2000-01-01', 2, NULL, 111, 11, 1, 429, 2023, 'evening', NULL, 'first', 57),
	(1473, 'نور خيون طالب كيطان', '', '2000-01-01', 2, NULL, 111, 11, 1, 425, 2023, 'evening', NULL, 'first', 64),
	(1474, 'يوسف حمدان صباح رحمه', '', '2000-01-01', 2, NULL, 111, 11, 1, 429, 2023, 'evening', NULL, 'first', 59),
	(1475, 'هاجر جبران عبد الحسن عودة', '', '2000-01-01', 2, NULL, 111, 12, 1, 441, 2024, 'morning', NULL, 'first', 63),
	(1476, 'حوراء عدنان مردان جازع', '', '2000-01-01', 2, NULL, 111, 11, 1, 440, 2024, 'morning', NULL, 'first', 58),
	(1477, 'علي عيسى علي عيسى', '', '2000-01-01', 2, NULL, 111, 11, 1, 429, 2023, 'evening', NULL, 'first', 63),
	(1478, 'مؤمل حسن يونس مظلوم', '', '2000-01-01', 2, NULL, 111, 11, 1, 440, 2024, 'morning', NULL, 'first', 56),
	(1479, 'ايه عبد الرحمن عبد الجبار صالح', 'AYAH ABDULRAHMAN ABDULJABBAR', '2000-01-01', 2, NULL, 111, 11, 1, 440, 2024, 'morning', NULL, 'first', 59),
	(1480, 'زهراء اسعد محمد راضي', '', '2000-01-01', 2, NULL, 111, 12, 1, 435, 2024, 'morning', NULL, 'first', 74),
	(1481, 'اسماء ماجد ثويني شمخي', '', '2000-01-01', 2, NULL, 111, 12, 1, 394, 2023, 'morning', NULL, 'first', 62),
	(1482, 'يقين خالد نجم عبد لله', '', '2000-01-01', 2, NULL, 111, 11, 1, 427, 2023, 'morning', NULL, 'first', 60),
	(1483, 'رباب عبدالحسين فهد عبد لله', '', '2000-01-01', 2, NULL, 111, 12, 1, 426, 2023, 'morning', NULL, 'first', 64),
	(1484, 'موسى نمير عبد ناصر', '', '2000-01-01', 2, NULL, 111, 11, 1, 427, 2023, 'morning', NULL, 'first', 66),
	(1485, 'زهراء حمزه عبدالباقي ناصر', '', '2000-01-01', 2, NULL, 111, 11, 1, 408, 2021, 'morning', NULL, 'first', 62),
	(1486, 'فاطمة رمضان راشد خفيف', '', '2000-01-01', 2, NULL, 111, 11, 1, 440, 2024, 'morning', NULL, 'first', 61),
	(1487, 'كريمة رياض قاسم مهدي', '', '2000-01-01', 2, NULL, 111, 11, 1, 427, 2023, 'morning', NULL, 'first', 66),
	(1488, 'فاطمه مسلم اسمير مرزوك', '', '2000-01-01', 2, NULL, 111, 12, 1, 426, 2023, 'morning', NULL, 'first', 61),
	(1489, 'زهراء حسين كاظم', '', '2000-01-01', 2, NULL, 111, 11, 1, 434, 2024, 'morning', NULL, 'first', 60),
	(1490, 'نورس عبد اللطيف عبد الجبار عبد اللطيف', 'NAWRES ABDULATEEF ABDULJABBAR ALZAIN', '2000-01-01', 2, NULL, 111, 12, 1, 435, 2024, 'morning', NULL, 'first', 65),
	(1491, 'عبدالحكيم راضي حسن علي', '', '2000-01-01', 2, NULL, 111, 11, 1, 436, 2024, 'evening', NULL, 'first', 59),
	(1492, 'زهراء لؤي سعيد عبد الجليل', '', '2000-01-01', 2, NULL, 111, 11, 1, 434, 2024, 'morning', NULL, 'first', 77),
	(1493, 'اية صالح غضبان موسى', '', '2000-01-01', 2, NULL, 111, 11, 1, 440, 2024, 'morning', NULL, 'first', 60),
	(1494, 'زينب عزيز هادي حمادي', '', '2000-01-01', 2, NULL, 111, 11, 1, 434, 2024, 'morning', NULL, 'first', 59),
	(1495, 'زينب باسم زغير جودة', '', '2000-01-01', 2, NULL, 111, 11, 1, 434, 2024, 'morning', NULL, 'first', 79),
	(1496, 'زينب اياد علي فاضل', '', '2000-01-01', 2, NULL, 111, 12, 1, 435, 2024, 'morning', NULL, 'first', 67),
	(1497, 'منتظر صباح نعيم حميد', '', '2000-01-01', 2, NULL, 111, 12, 1, 435, 2024, 'morning', NULL, 'first', 61),
	(1498, 'احمد عبدالكريم عبد الحسين عبد', '', '2000-01-01', 2, NULL, 111, 11, 1, 436, 2024, 'evening', NULL, 'first', 73),
	(1499, 'شيخه عامر عبد الصمد شاكر', '', '2000-01-01', 2, NULL, 111, 11, 1, 393, 2023, 'morning', NULL, 'first', 56);

-- Dumping structure for table certificate_manager.study_systems
CREATE TABLE IF NOT EXISTS study_systems (
        id               INTEGER PRIMARY KEY AUTOINCREMENT,
        name_ar          TEXT    NOT NULL CHECK(length(name_ar) <= 60),
        name_en          TEXT    NOT NULL CHECK(length(name_en) <= 60),
        calculation_rule    TEXT    NOT NULL CHECK(calculation_rule IN ('annual','semester')),
        calculation_weights TEXT    DEFAULT '10:20:30:40',
        is_active        INTEGER NOT NULL DEFAULT 1 CHECK(is_active IN (0,1)),
        created_at       TEXT    NOT NULL DEFAULT (datetime('now'))
    , prefix TEXT DEFAULT '', period_display TEXT DEFAULT 'semester' CHECK(period_display IN ('year','semester')), semester_weight INTEGER DEFAULT 50, year_weight INTEGER DEFAULT 25);

-- Dumping data for table certificate_manager.study_systems: 2 rows
DELETE FROM "study_systems";
INSERT INTO "study_systems" ("id", "name_ar", "name_en", "calculation_rule", "calculation_weights", "is_active", "created_at", "prefix", "period_display", "semester_weight", "year_weight") VALUES
	(1, 'النظام السنوي', 'Annual System', 'annual', '10:20:30:40', 1, '2026-04-30 08:49:34', 'A', 'year', 50, 25),
	(2, 'النظام الفصلي', 'Semester System', 'semester', '10:20:30:40', 1, '2026-04-30 08:49:34', 'S', 'semester', 50, 25);

-- Dumping structure for table certificate_manager.users
CREATE TABLE IF NOT EXISTS users (
        id          INTEGER PRIMARY KEY AUTOINCREMENT,
        name        TEXT    NOT NULL CHECK(length(name) <= 100),
        username    TEXT    NOT NULL UNIQUE CHECK(length(username) <= 50),
        password    TEXT    NOT NULL,
        role        TEXT    NOT NULL DEFAULT 'user' CHECK(role IN ('admin', 'user')),
        is_active   INTEGER NOT NULL DEFAULT 1 CHECK(is_active IN (0,1)),
        created_at  TEXT    NOT NULL DEFAULT (datetime('now'))
    );
;
CREATE INDEX idx_users_username
        ON users(username);

-- Dumping data for table certificate_manager.users: 5 rows
DELETE FROM "users";
INSERT INTO "users" ("id", "name", "username", "password", "role", "is_active", "created_at") VALUES
	(11, 'صادق ابراهيم', 'sadiq', 'sadiq1997', 'user', 1, '2026-04-30 19:22:50'),
	(12, 'قاسم باسل', 'qassim', 'qassim1234', 'admin', 1, '2026-04-30 19:22:50'),
	(13, 'علي شوقي', 'ali', 'ali1997', 'user', 1, '2026-04-30 19:22:50'),
	(14, 'اسراء', 'exp', 'exp12345', 'user', 1, '2026-04-30 19:22:50'),
	(15, 'زهراء عبدالكريم', 'zahraa', 'zahraa1997', 'user', 1, '2026-04-30 19:22:50');

/*!40103 SET TIME_ZONE=IFNULL(@OLD_TIME_ZONE, 'system') */;
/*!40101 SET SQL_MODE=IFNULL(@OLD_SQL_MODE, '') */;
/*!40014 SET FOREIGN_KEY_CHECKS=IFNULL(@OLD_FOREIGN_KEY_CHECKS, 1) */;
/*!40101 SET CHARACTER_SET_CLIENT=@OLD_CHARACTER_SET_CLIENT */;
/*!40111 SET SQL_NOTES=IFNULL(@OLD_SQL_NOTES, 1) */;
